ville,cp,population,distance_km,reseau_plus_proche,agence_plus_proche,nb_agences_a_20km
Paris,75001,2103778,3.8,Simplicicar,paris-15,12
Marseille,13001,886040,18.7,Simplicicar,marignane,3
Lyon,69001,519127,4.1,AgenceAuto,lyon,9
Toulouse,31000,514819,6.6,TransakAuto,Agence TOULOUSE EST,6
Nice,06000,357737,0.6,Simplicicar,nice,5
Nantes,44000,327734,6.8,TransakAuto,Agence NANTES NORD,2
Montpellier,34000,310240,3.2,Simplicicar,montpellier,5
Strasbourg,67000,293771,6.4,AgenceAuto,strasbourg-nord,3
Bordeaux,33000,267991,2.4,TransakAuto,Agence LAON,6
Lille,59000,238246,3.6,Simplicicar,lille,6
Rennes,35000,230890,4.4,AgenceAuto,rennes-nord,3
Toulon,83000,179116,7.2,TransakAuto,Agence TOULON,1
Reims,51100,177674,4.9,TransakAuto,Agence REIMS,2
Saint-Étienne,42000,173136,5.1,TransakAuto,Agence SAINT ETIENNE,3
Le Havre,76600,166687,5.4,TransakAuto,Agence LE HAVRE,1
Villeurbanne,69100,163684,3.4,AgenceAuto,lyon,9
Dijon,21000,161830,3.5,AgenceAuto,dijon,3
Angers,49000,159022,3.1,TransakAuto,Agence ANGERS,3
Grenoble,38000,156140,1.4,TransakAuto,Agence GRENOBLE OUEST,3
Saint-Denis,97400,155634,8.0,TransakAuto,"Agence SAINT-DENIS, REUNION",1
Nîmes,30000,151839,2.1,Simplicicar,nimes,4
Aix-en-Provence,13080,149695,5.5,TransakAuto,Agence AIX EN PROVENCE SUD,6
Saint-Denis,93200,149077,5.2,TransakAuto,Agence ENGHIEN-LES-BAINS,8
Clermont-Ferrand,63000,146351,4.0,TransakAuto,Agence CLERMONT FERRAND SUD,1
Le Mans,72000,146249,0.9,TransakAuto,Agence LE MANS,1
Brest,29200,142346,2.4,AgenceAuto,brest,3
Tours,37000,139259,6.2,AgenceAuto,tours,3
Amiens,80000,136449,5.0,AgenceAuto,amiens,2
Annecy,74000,132117,3.1,Simplicicar,annecy,3
Limoges,87000,129937,1.5,AgenceAuto,limoges,2
Metz,57000,122572,3.9,AgenceAuto,metz,3
Perpignan,66000,121616,4.4,TransakAuto,Agence PERPIGNAN NORD SAINT ESTEVE,2
Boulogne-Billancourt,92100,119019,4.3,Simplicicar,paris-15,12
Besançon,25000,118489,1.4,TransakAuto,Agence BESANCON,4
Rouen,76000,117662,4.0,TransakAuto,Agence ROUEN,2
Orléans,45000,116357,3.7,Simplicicar,orleans,3
Montreuil,93100,111934,1.8,TransakAuto,Agence VINCENNES,10
Caen,14000,109400,6.6,TransakAuto,Agence CAEN,1
Argenteuil,95100,106130,4.0,TransakAuto,Agence SARTROUVILLE,10
Mulhouse,68100,104978,3.2,AgenceAuto,mulhouse-sud,2
Nancy,54000,103671,5.0,Simplicicar,nancy,3
Tourcoing,59200,98772,4.0,TransakAuto,Agence TOURCOING,5
Roubaix,59100,98286,5.9,AgenceAuto,wasquehal,6
Nanterre,92000,97783,6.1,TransakAuto,Agence SARTROUVILLE,11
Vitry-sur-Seine,94400,93963,5.2,TransakAuto,Agence THIAIS,12
Asnières-sur-Seine,92600,93941,4.2,Simplicicar,paris-17eme,10
Créteil,94000,93397,3.3,TransakAuto,Agence SAINT MAUR,11
Avignon,84000,92188,1.8,TransakAuto,Agence AVIGNON,2
Colombes,92700,91053,5.2,TransakAuto,Agence SARTROUVILLE,10
Poitiers,86000,89916,4.4,TransakAuto,Agence POITIERS,1
Aubervilliers,93300,88365,8.3,TransakAuto,Agence VINCENNES,10
Aulnay-sous-Bois,93600,87599,6.3,TransakAuto,Agence LE RAINCY,8
Dunkerque,59140,86263,0.8,AgenceAuto,dunkerque,3
Saint-Pierre,97410,85038,14.2,TransakAuto,"Agence ETANG-SALE, REUNION",1
Versailles,78000,84095,3.5,AgenceAuto,viroflay,8
Courbevoie,92400,82902,2.8,Simplicicar,paris-17eme,12
Rueil-Malmaison,92500,82874,7.6,AgenceAuto,viroflay,11
Béziers,34500,81545,6.8,TransakAuto,Agence BEZIERS,1
Pau,64000,80441,5.7,Simplicicar,pau,2
La Rochelle,17000,79851,8.9,TransakAuto,Agence LA ROCHELLE / AYTRE,1
Cherbourg-en-Cotentin,50100,78258,2.3,TransakAuto,Agence CHERBOURG-EN-COTENTIN,1
Mérignac,33700,78090,4.2,TransakAuto,Agence BORDEAUX EYSINES,6
Champigny-sur-Marne,94500,78072,2.9,TransakAuto,Agence SAINT MAUR,12
Antibes,06160,77637,1.7,TransakAuto,Agence ANTIBES,8
Saint-Maur-des-Fossés,94100,76572,0.5,TransakAuto,Agence SAINT MAUR,12
Fort-de-France,97200,75506,3.4,AgenceAuto,martinique,1
Saint-Nazaire,44600,74568,4.9,TransakAuto,Agence SAINT-NAZAIRE,3
Cannes,06150,74350,2.1,Simplicicar,cannes,4
Noisy-le-Grand,93160,72978,6.0,TransakAuto,Agence SAINT MAUR,9
Drancy,93700,72390,6.2,TransakAuto,Agence LE RAINCY,9
Cergy,95000,70906,2.0,AgenceAuto,cergy-pontoise,7
Levallois-Perret,92300,68092,1.6,Simplicicar,paris-17eme,12
Issy-les-Moulineaux,92130,67669,3.7,Simplicicar,paris-15,12
Pessac,33600,67339,8.9,TransakAuto,Agence BORDEAUX EYSINES,4
Colmar,68000,66970,1.7,Simplicicar,colmar,2
Évry-Courcouronnes,91000,66919,9.8,TransakAuto,Agence LIEUSAINT,7
Vénissieux,69200,65502,3.5,TransakAuto,Agence LYON 8 EME,8
Ivry-sur-Seine,94200,65064,5.7,TransakAuto,Agence VINCENNES,12
Valence,26000,64458,0.8,Simplicicar,valence,2
Clichy,92110,64410,3.0,Simplicicar,paris-17eme,12
Quimper,29000,64385,2.2,TransakAuto,Agence QUIMPER,2
Antony,92160,64263,3.0,TransakAuto,Agence WISSOUS,9
Bourges,18000,64186,5.6,TransakAuto,Agence BOURGES,1
La Seyne-sur-Mer,83500,63732,5.5,TransakAuto,Agence TOULON,1
Montauban,82000,62945,4.2,TransakAuto,Agence MONTAUBAN,2
Villeneuve-d'Ascq,59491,62868,3.7,AgenceAuto,wasquehal,6
Le Blanc-Mesnil,93150,62376,6.5,TransakAuto,Agence LE RAINCY,9
Troyes,10000,62088,4.9,AgenceAuto,troyes,3
Pantin,93500,61929,6.4,TransakAuto,Agence VINCENNES,11
Villejuif,94800,60183,6.0,TransakAuto,Agence THIAIS,11
Chambéry,73000,59964,2.2,Simplicicar,aix-les-bains,2
Niort,79000,59854,3.7,TransakAuto,Agence NIORT,2
Neuilly-sur-Seine,92200,59538,1.7,Simplicicar,paris-17eme,13
Sarcelles,95200,59173,6.1,TransakAuto,Agence ENGHIEN-LES-BAINS,7
Saint-André,97440,58885,2.4,TransakAuto,"Agence SAINT-ANDRE, REUNION",2
Clamart,92140,58576,6.3,AgenceAuto,viroflay,12
Lorient,56100,58329,0.5,TransakAuto,Agence LORIENT,2
Narbonne,11100,57587,4.7,TransakAuto,Agence NARBONNE,2
Bobigny,93000,56927,5.3,TransakAuto,Agence LE RAINCY,9
Meaux,77100,56905,3.5,TransakAuto,Agence MEAUX,3
Maisons-Alfort,94700,56799,3.5,TransakAuto,Agence SAINT MAUR,12
Vannes,56000,55790,1.3,AgenceAuto,vannes,3
Beauvais,60000,55550,1.2,TransakAuto,Agence BEAUVAIS,2
Saint-Louis,97421,54941,7.7,TransakAuto,"Agence ETANG-SALE, REUNION",1
La Roche-sur-Yon,85000,54849,8.2,TransakAuto,Agence LA ROCHE SUR YON,1
Chelles,77500,54620,2.3,TransakAuto,Agence CHELLES,6
Corbeil-Essonnes,91100,54471,7.7,TransakAuto,Agence LIEUSAINT,6
Cholet,49300,54404,3.9,TransakAuto,Agence CHOLET,1
Bayonne,64100,54306,3.1,TransakAuto,Agence ANGLET,4
Fontenay-sous-Bois,94120,53757,2.2,TransakAuto,Agence VINCENNES,10
Saint-Ouen-sur-Seine,93400,53615,4.9,Simplicicar,paris-17eme,10
Cagnes-sur-Mer,06800,53354,3.3,TransakAuto,Agence NICE OUEST,8
Vaulx-en-Velin,69120,53069,5.2,AgenceAuto,lyon,9
Épinay-sur-Seine,93800,52833,1.6,TransakAuto,Agence ENGHIEN-LES-BAINS,9
Saint-Quentin,02100,52813,1.1,AgenceAuto,saint-quentin,2
Sartrouville,78500,52763,2.1,TransakAuto,Agence SARTROUVILLE,11
Sevran,93270,52535,5.5,TransakAuto,Agence LE RAINCY,8
Arles,13104,51811,16.0,TransakAuto,Agence ARLES,1
Massy,91300,51729,1.8,AgenceAuto,palaiseau,9
Albi,81000,51290,3.8,TransakAuto,Agence ALBI,1
Gennevilliers,92230,50979,4.4,TransakAuto,Agence ENGHIEN-LES-BAINS,10
Saint-Herblain,44800,50973,1.3,TransakAuto,Agence NANTES NORD,2
Grasse,06130,50970,2.1,TransakAuto,Agence GRASSE,4
Bondy,93140,50595,2.4,TransakAuto,Agence LE RAINCY,8
Les Sables-d'Olonne,85100,49603,3.9,TransakAuto,Agence LES SABLES D&rsquo;OLONNE,1
Laval,53000,49400,3.5,TransakAuto,Agence LAVAL,1
Évreux,27000,49360,2.5,TransakAuto,Agence EVREUX,2
Saint-Priest,69800,49229,2.4,Simplicicar,st-priest,8
Suresnes,92150,48956,5.1,Simplicicar,paris-17eme,11
Martigues,13117,48298,15.6,TransakAuto,Agence MARIGNANE,2
Vincennes,94300,48193,0.4,TransakAuto,Agence VINCENNES,10
Aubagne,13400,47529,9.1,Simplicicar,la-ciotat,1
Saint-Malo,35400,47439,1.9,TransakAuto,Agence SAINT-MALO,2
Livry-Gargan,93190,47228,3.6,TransakAuto,Agence LE RAINCY,8
Blois,41000,47219,4.4,TransakAuto,Agence BLOIS,1
Rosny-sous-Bois,93110,47180,2.4,TransakAuto,Agence LE RAINCY,9
La Courneuve,93120,47167,7.4,TransakAuto,Agence ENGHIEN-LES-BAINS,9
Brive-la-Gaillarde,19100,47095,5.5,TransakAuto,Agence BRIVE-LA-GAILLARDE,2
Bastia,20200,46867,3.0,TransakAuto,Agence BASTIA,1
Talence,33400,46338,6.3,TransakAuto,Agence LAON,6
Meudon,92190,46334,4.5,AgenceAuto,viroflay,12
Montrouge,92120,46324,3.6,Simplicicar,paris-15,12
Alès,30100,46125,5.6,TransakAuto,Agence ALES,1
Carcassonne,11000,46080,3.0,Simplicicar,carcassonne,2
Melun,77000,45995,10.9,TransakAuto,Agence LIEUSAINT,2
Choisy-le-Roi,94600,45946,3.2,TransakAuto,Agence THIAIS,13
Saint-Germain-en-Laye,78100,45931,6.9,TransakAuto,Agence SARTROUVILLE,10
Belfort,90000,45912,4.1,AgenceAuto,belfort,3
Alfortville,94140,45531,4.9,TransakAuto,Agence SAINT MAUR,12
Noisy-le-Sec,93130,45510,3.9,TransakAuto,Agence LE RAINCY,8
Sète,34200,45337,5.0,AgenceAuto,sete,2
Chalon-sur-Saône,71100,45102,3.4,TransakAuto,Agence CHALON-SUR-SAONE,2
Bagneux,92220,44572,5.4,Simplicicar,paris-15,12
Tarbes,65000,44399,2.9,TransakAuto,Agence TARBES,1
Saint-Brieuc,22000,44364,2.1,AgenceAuto,saint-brieuc,3
Istres,13118,44292,15.0,Simplicicar,salon,1
Salon-de-Provence,13300,44194,3.9,Simplicicar,salon,1
Puteaux,92800,44002,3.5,Simplicicar,paris-17eme,12
Caluire-et-Cuire,69300,43597,3.7,AgenceAuto,lyon-nord,9
Rezé,44400,43556,7.0,AgenceAuto,nantes-sud-est,2
Mantes-la-Jolie,78200,43526,1.3,TransakAuto,Agence MANTES-LA-JOLIE,5
Valenciennes,59300,43468,2.1,AgenceAuto,valenciennes,2
Anglet,64600,43271,2.0,TransakAuto,Agence ANGLET,4
Bagnolet,93170,43086,2.5,TransakAuto,Agence VINCENNES,11
Bron,69500,42982,2.4,AgenceAuto,lyon,9
Châlons-en-Champagne,51000,42971,2.7,AgenceAuto,chalons-en-champagne,1
Châteauroux,36000,42963,1.5,TransakAuto,Agence CHATEAUROUX,2
Arras,62000,42875,2.6,TransakAuto,Agence ARRAS,3
Thionville,57100,42658,3.7,TransakAuto,Agence THIONVILLE,2
Villenave-d'Ornon,33140,42545,4.3,TransakAuto,Agence CADAUJAC,6
Castres,81100,42505,10.7,TransakAuto,Agence CASTRES,1
Bourg-en-Bresse,01000,42372,3.2,TransakAuto,Agence BOURG-EN-BRESSE,2
Gagny,93220,42313,2.7,TransakAuto,Agence LE RAINCY,9
Le Cannet,06110,41938,1.1,TransakAuto,Agence CANNES,5
Garges-lès-Gonesse,95140,41791,6.7,TransakAuto,Agence ENGHIEN-LES-BAINS,9
Villepinte,93420,41470,7.5,TransakAuto,Agence LE RAINCY,7
Stains,93240,41388,5.6,TransakAuto,Agence ENGHIEN-LES-BAINS,9
Gap,05000,41293,4.3,TransakAuto,Agence GAP,1
Poissy,78300,40983,5.6,TransakAuto,Agence CHAMBOURCY,9
Colomiers,31770,40882,4.7,TransakAuto,Agence TOULOUSE OUEST,7
Wattrelos,59150,40847,7.8,TransakAuto,Agence TOURCOING,4
Draguignan,83300,40826,8.7,TransakAuto,Agence DRAGUIGNAN,1
Compiègne,60200,40761,5.0,Simplicicar,compiegne,2
Montélimar,26200,40595,7.0,TransakAuto,Agence MONTELIMAR,1
Douai,59500,40250,4.4,TransakAuto,Agence DOUAI,2
Marcq-en-Barœul,59700,40184,3.0,AgenceAuto,wasquehal,6
Neuilly-sur-Marne,93330,39800,3.7,TransakAuto,Agence LE RAINCY,10
Le Lamentin,97232,39400,9.8,AgenceAuto,martinique,1
Pontault-Combault,77340,39096,9.6,TransakAuto,Agence SAINT MAUR,9
Saint-Benoît,97437,38604,14.2,TransakAuto,"Agence SAINT-ANDRE, REUNION",1
La Ciotat,13600,38477,3.1,Simplicicar,la-ciotat,2
Joué-lès-Tours,37300,38423,4.4,TransakAuto,Agence TOURS SUD,3
Tremblay-en-France,93290,38348,9.8,TransakAuto,Agence LE RAINCY,7
Chartres,28000,38324,4.3,TransakAuto,Agence CHARTRES,1
Oullins-Pierre-Bénite,69310,38168,3.5,TransakAuto,Agence LYON OUEST,8
Thonon-les-Bains,74200,37928,9.1,TransakAuto,Agence THONON-LES-BAINS,1
Franconville,95130,37754,4.5,TransakAuto,Agence SARTROUVILLE,8
Saint-Martin-d'Hères,38400,37695,5.3,TransakAuto,Agence GRENOBLE OUEST,3
Annemasse,74100,37628,1.8,AgenceAuto,annemasse,6
Savigny-sur-Orge,91600,37601,2.4,AgenceAuto,athis-mons,10
Échirolles,38130,37491,4.6,TransakAuto,Agence GRENOBLE OUEST,2
Palaiseau,91120,37471,2.1,AgenceAuto,palaiseau,7
Romainville,93230,37152,4.1,TransakAuto,Agence VINCENNES,10
Saint-Raphaël,83530,37113,18.5,Simplicicar,cannes,2
Six-Fours-les-Plages,83140,37109,5.6,TransakAuto,Agence TOULON,1
Sainte-Marie,97438,37093,6.8,TransakAuto,"Agence SAINT-DENIS, REUNION",2
Conflans-Sainte-Honorine,78700,36958,1.4,TransakAuto,Agence CONFLANS-SAINTE-HONORINE,8
Vitrolles,13127,36758,3.0,Simplicicar,marignane,3
Châtillon,92320,36705,4.9,Simplicicar,paris-15,12
Meyzieu,69330,36687,7.5,Simplicicar,st-priest,9
Athis-Mons,91200,36613,2.0,AgenceAuto,athis-mons,10
La Possession,97419,36568,16.1,TransakAuto,"Agence SAINT-DENIS, REUNION",1
Bezons,95870,36434,3.4,TransakAuto,Agence SARTROUVILLE,11
Haguenau,67500,36391,5.8,TransakAuto,Agence HAGUENAU,1
Creil,60100,36301,2.5,TransakAuto,Agence SAINT MAXIMIN,3
Villeneuve-Saint-Georges,94190,36221,4.3,TransakAuto,Agence THIAIS,11
Villefranche-sur-Saône,69400,36172,2.9,TransakAuto,Agence VILLEFRANCHE SUR SAONE,4
Saint-Leu,97416,36163,10.9,TransakAuto,"Agence ETANG-SALE, REUNION",1
Châtenay-Malabry,92290,35825,6.4,AgenceAuto,palaiseau,9
Saint-Chamond,42400,35646,8.1,TransakAuto,Agence SAINT ETIENNE,2
Sainte-Geneviève-des-Bois,91700,35438,7.3,AgenceAuto,athis-mons,5
Roanne,42300,35409,3.2,TransakAuto,Agence ROANNE,1
Le Perreux-sur-Marne,94170,35260,4.5,TransakAuto,Agence VINCENNES,12
Mâcon,71000,35177,8.4,TransakAuto,Agence MACON,1
Auxerre,89000,35097,6.1,TransakAuto,Agence AUXERRE,1
Schiltigheim,67300,34708,2.0,AgenceAuto,strasbourg-nord,3
Trappes,78190,34689,5.3,TransakAuto,Agence LES CLAYES SOUS BOIS,3
Les Mureaux,78130,34632,6.3,TransakAuto,Agence CHAMBOURCY,7
Houilles,78800,33983,2.9,TransakAuto,Agence SARTROUVILLE,11
Marignane,13700,33692,1.1,TransakAuto,Agence MARIGNANE,3
Romans-sur-Isère,26100,33464,4.2,TransakAuto,Agence ROMANS SUR ISERE,2
Villiers-sur-Marne,94350,33162,5.2,TransakAuto,Agence SAINT MAUR,11
Montluçon,03100,33147,2.3,TransakAuto,Agence MONTLUCON,1
Nevers,58000,33085,2.5,AgenceAuto,nevers,1
Lens,62300,32920,2.0,TransakAuto,Agence LENS,5
Thiais,94320,32918,2.0,TransakAuto,Agence THIAIS,11
Saint-Médard-en-Jalles,33160,32910,6.1,Simplicicar,merignac,3
Agen,47000,32801,10.6,TransakAuto,Agence AGEN,1
Montigny-le-Bretonneux,78180,32465,5.6,TransakAuto,Agence LES CLAYES SOUS BOIS,4
Nogent-sur-Marne,94130,32455,3.0,TransakAuto,Agence VINCENNES,11
Aix-les-Bains,73100,32406,10.1,TransakAuto,Agence CHAMBERY,2
Épinal,88000,32251,2.7,AgenceAuto,epinal,2
Saint-Laurent-du-Var,06700,32172,0.4,TransakAuto,Agence NICE OUEST,7
Pontoise,95000,31970,2.3,TransakAuto,Agence CERGY,7
Bègles,33130,31831,7.4,TransakAuto,Agence CADAUJAC,6
Plaisir,78370,31811,3.1,TransakAuto,Agence LES CLAYES SOUS BOIS,4
Herblay-sur-Seine,95220,31779,4.8,TransakAuto,Agence CONFLANS-SAINTE-HONORINE,8
Vienne,38200,31778,2.9,Simplicicar,vienne,3
Carpentras,84200,31619,16.0,TransakAuto,Agence L&rsquo;ISLE SUR LA SORGUE,1
Mont-de-Marsan,40000,31592,1.4,TransakAuto,Agence MONT DE MARSAN,1
Dreux,28100,31543,0.8,TransakAuto,Agence DREUX,1
Vigneux-sur-Seine,91270,31466,5.1,AgenceAuto,athis-mons,9
Rillieux-la-Pape,69140,31389,1.0,AgenceAuto,lyon-nord,9
Goussainville,95190,31301,13.0,AgenceAuto,la-croix-verte,5
Ris-Orangis,91130,31189,7.7,AgenceAuto,athis-mons,7
L'Haÿ-les-Roses,94240,31188,5.3,TransakAuto,Agence WISSOUS,10
Savigny-le-Temple,77176,31148,3.9,TransakAuto,Agence LIEUSAINT,2
Cambrai,59400,31134,0.5,TransakAuto,Agence CAMBRAI,1
Cachan,94230,31103,6.5,Simplicicar,paris-15,11
Viry-Châtillon,91170,30838,4.6,AgenceAuto,athis-mons,7
Le Chesnay-Rocquencourt,78150,30689,4.5,AgenceAuto,viroflay,8
Chatou,78400,30598,7.0,TransakAuto,Agence SARTROUVILLE,10
Malakoff,92240,30557,3.3,Simplicicar,paris-15,12
La Garenne-Colombes,92250,30197,4.3,Simplicicar,paris-17eme,9
Tournefeuille,31170,30168,6.3,TransakAuto,Agence TOULOUSE OUEST,8
Bourgoin-Jallieu,38300,30151,0.8,TransakAuto,Agence BOURGOIN-JAILLEU,3
Draveil,91210,30098,5.8,AgenceAuto,athis-mons,8
Liévin,62800,30063,3.7,TransakAuto,Agence LENS,5
Villiers-le-Bel,95400,30053,8.0,TransakAuto,Agence ENGHIEN-LES-BAINS,7
Vandœuvre-lès-Nancy,54500,29942,2.4,Simplicicar,nancy,3
Décines-Charpieu,69150,29877,6.1,Simplicicar,st-priest,11
Saint-Cloud,92210,29855,5.2,AgenceAuto,viroflay,11
Villemomble,93250,29795,0.4,TransakAuto,Agence LE RAINCY,9
Guyancourt,78280,29778,7.6,AgenceAuto,viroflay,6
Orange,84100,29706,1.7,TransakAuto,Agence ORANGE,2
Fresnes,94260,29528,2.9,TransakAuto,Agence WISSOUS,9
Saint-Étienne-du-Rouvray,76800,29518,8.9,TransakAuto,Agence ELBEUF,2
Ermont,95120,29489,4.6,TransakAuto,Agence ENGHIEN-LES-BAINS,8
Clichy-sous-Bois,93390,29354,3.1,TransakAuto,Agence LE RAINCY,8
Vallauris,06220,29259,3.7,Simplicicar,cannes,7
Périgueux,24000,29055,3.8,TransakAuto,Agence PERIGUEUX,1
Sotteville-lès-Rouen,76300,29003,7.2,TransakAuto,Agence ROUEN,2
Bois-Colombes,92270,28909,4.1,Simplicicar,paris-17eme,9
Le Plessis-Robinson,92350,28848,7.2,AgenceAuto,viroflay,10
Charenton-le-Pont,94220,28830,4.0,TransakAuto,Agence VINCENNES,12
Maubeuge,59600,28767,0.7,TransakAuto,Agence MAUBEUGE,1
Montfermeil,93370,28703,4.3,TransakAuto,Agence LE RAINCY,5
Vanves,92170,28622,2.9,Simplicicar,paris-15,12
Saint-Sébastien-sur-Loire,44230,28596,11.1,AgenceAuto,nantes-sud-est,2
Orvault,44700,28534,5.8,TransakAuto,Agence NANTES NORD,2
Dieppe,76200,28496,0.5,TransakAuto,Agence DIEPPE,1
Soissons,02200,28046,2.4,Simplicicar,soissons,1
Yerres,91330,27906,8.2,TransakAuto,Agence THIAIS,10
Illkirch-Graffenstaden,67400,27872,4.7,Simplicicar,strasbourg,3
Sucy-en-Brie,94370,27764,5.3,TransakAuto,Agence SAINT MAUR,11
Rambouillet,78120,27724,3.7,TransakAuto,Agence RAMBOUILLET,1
Gonesse,95500,27707,11.0,TransakAuto,Agence ENGHIEN-LES-BAINS,8
Blagnac,31700,27604,5.1,Simplicicar,toulouse-nord,7
Taverny,95150,27593,7.1,AgenceAuto,la-croix-verte,7
La Teste-de-Buch,33115,27566,12.6,TransakAuto,Agence ARCACHON,1
Bussy-Saint-Georges,77600,27498,6.9,AgenceAuto,chessy,8
Champs-sur-Marne,77420,27451,4.1,TransakAuto,Agence CHELLES,8
Limeil-Brévannes,94450,27406,6.3,TransakAuto,Agence SAINT MAUR,12
Cormeilles-en-Parisis,95240,27292,2.1,TransakAuto,Agence SARTROUVILLE,10
Bergerac,24100,27110,4.7,TransakAuto,Agence BERGERAC,1
Sens,89100,27106,1.5,TransakAuto,Agence SENS,1
Lambersart,59130,27090,2.9,Simplicicar,lille,6
Armentières,59280,26998,12.4,TransakAuto,Agence LILLE,6
Gradignan,33170,26952,7.3,TransakAuto,Agence CADAUJAC,6
Villeparisis,77270,26946,6.8,TransakAuto,Agence CHELLES,7
Sannois,95110,26924,4.5,TransakAuto,Agence ENGHIEN-LES-BAINS,10
Étampes,91150,26857,3.5,TransakAuto,Agence ETAMPES,1
Grigny,91350,26842,5.6,AgenceAuto,athis-mons,7
Cenon,33150,26834,6.9,AgenceAuto,bordeaux-rive-droite,6
Brétigny-sur-Orge,91220,26658,12.4,AgenceAuto,athis-mons,6
Lunel,34400,26623,6.3,TransakAuto,Agence LUNEL,3
La Garde,83130,26476,13.8,TransakAuto,Agence TOULON,1
Élancourt,78990,26365,5.4,TransakAuto,Agence LES CLAYES SOUS BOIS,3
Saumur,49400,26241,4.7,TransakAuto,Agence SAUMUR,1
Vertou,44120,26227,7.4,AgenceAuto,nantes-sud-est,2
Eaubonne,95600,26211,3.5,TransakAuto,Agence ENGHIEN-LES-BAINS,8
Biarritz,64200,26206,2.9,AgenceAuto,biarritz-bab,4
Miramas,13140,26203,8.1,Simplicicar,salon,1
Muret,31600,26079,6.5,TransakAuto,Agence EAUNES,4
Castelnau-le-Lez,34170,26058,6.4,AgenceAuto,montpellier-est,4
Villeneuve-la-Garenne,92390,26021,3.7,TransakAuto,Agence ENGHIEN-LES-BAINS,10
Les Ulis,91940,25886,6.2,AgenceAuto,palaiseau,5
Les Pavillons-sous-Bois,93320,25804,1.9,TransakAuto,Agence LE RAINCY,8
Sèvremoine,49230,25797,15.0,TransakAuto,Agence CHOLET,1
Le Grand-Quevilly,76120,25789,8.6,TransakAuto,Agence ROUEN,2
Lormont,33310,25769,4.8,AgenceAuto,bordeaux-rive-droite,6
Hénin-Beaumont,62110,25688,7.8,TransakAuto,Agence DOUAI,6
Brunoy,91800,25643,8.3,TransakAuto,Agence BRIE-COMTE-ROBERT,9
Cavaillon,84300,25636,8.1,TransakAuto,Agence L&rsquo;ISLE SUR LA SORGUE,2
Saint-Ouen-l'Aumône,95310,25578,2.6,TransakAuto,Agence CERGY,7
Sainte-Suzanne,97441,25551,7.0,TransakAuto,"Agence SAINT-ANDRE, REUNION",2
Alençon,61000,25490,1.2,TransakAuto,Agence ALENCON,1
Saintes,17100,25363,1.5,TransakAuto,Agence SAINTES,1
Vernon,27200,25290,1.1,Simplicicar,vernon,3
Béthune,62400,25224,6.1,TransakAuto,Agence BETHUNE,2
Vichy,03200,25115,1.1,Simplicicar,vichy,1
Le Bouscat,33110,25081,1.1,TransakAuto,Agence LAON,6
Libourne,33500,25036,0.8,TransakAuto,Agence LIBOURNE,1
Eysines,33320,24825,1.7,TransakAuto,Agence BORDEAUX EYSINES,6
Montbéliard,25200,24672,4.2,AgenceAuto,montbeliard,4
Orly,94310,24658,1.0,TransakAuto,Agence THIAIS,12
Frontignan,34110,24136,6.1,TransakAuto,Agence SETE,4
Le Kremlin-Bicêtre,94270,24110,5.9,Simplicicar,paris-15,12
Couëron,44220,24103,7.6,TransakAuto,Agence NANTES NORD,1
Fontenay-aux-Roses,92260,24070,6.4,Simplicicar,paris-15,12
Montgeron,91230,24022,7.6,TransakAuto,Agence THIAIS,8
Rodez,12000,23981,1.5,AgenceAuto,rodez,3
Les Lilas,93260,23843,4.2,TransakAuto,Agence VINCENNES,10
Dole,39100,23840,1.3,AgenceAuto,dole,1
La Valette-du-Var,83160,23719,11.9,TransakAuto,Agence TOULON,1
Dammarie-les-Lys,77190,23559,12.3,TransakAuto,Agence LIEUSAINT,1
Olivet,45160,23507,3.6,Simplicicar,orleans,3
Hérouville-Saint-Clair,14200,23470,3.8,TransakAuto,Agence CAEN,1
Combs-la-Ville,77380,23350,4.7,TransakAuto,Agence LIEUSAINT,6
Lanester,56600,23263,4.1,TransakAuto,Agence LORIENT,2
Roissy-en-Brie,77680,23229,7.9,AgenceAuto,gretz-armainvilliers,7
Tassin-la-Demi-Lune,69160,23200,4.6,TransakAuto,Agence LYON OUEST,9
Saint-Jean-de-Braye,45800,23147,2.9,TransakAuto,Agence ORLEANS,3
Deuil-la-Barre,95170,23099,1.2,TransakAuto,Agence ENGHIEN-LES-BAINS,9
Maisons-Laffitte,78600,23093,2.9,TransakAuto,Agence SARTROUVILLE,11
Vélizy-Villacoublay,78140,23011,3.0,AgenceAuto,viroflay,10
Challans,85300,22943,0.3,TransakAuto,Agence CHALLANS,1
Torcy,77200,22810,3.3,TransakAuto,Agence CHELLES,8
Saint-Louis,68300,22805,2.3,AgenceAuto,saint-louis,2
Manosque,04100,22718,1.9,TransakAuto,Agence MANOSQUE,1
Loos,59120,22567,5.0,AgenceAuto,lille-seclin,6
Gif-sur-Yvette,91190,22544,9.2,AgenceAuto,palaiseau,6
Les Pennes-Mirabeau,13170,22537,5.6,Simplicicar,marignane,3
Montigny-lès-Cormeilles,95370,22457,4.6,TransakAuto,Agence SARTROUVILLE,9
Auch,32000,22428,2.4,TransakAuto,Agence AUCH,1
Abbeville,80100,22395,2.3,TransakAuto,Agence ABBEVILLE,1
Mantes-la-Ville,78711,22332,3.8,TransakAuto,Agence MANTES-LA-JOLIE,4
Sèvres,92310,22303,3.5,AgenceAuto,viroflay,11
Montereau-Fault-Yonne,77130,22279,9.1,TransakAuto,Agence FONTAINEBLEAU,1
Achères,78260,22241,3.8,TransakAuto,Agence CONFLANS-SAINTE-HONORINE,9
Le Petit-Quevilly,76140,22208,6.8,TransakAuto,Agence ROUEN,2
Arcueil,94110,22200,5.2,Simplicicar,paris-15,12
Gujan-Mestras,33470,22153,6.0,TransakAuto,Agence ARCACHON,1
Dax,40100,22109,2.5,AgenceAuto,dax,2
Fontaine,38600,22020,2.0,TransakAuto,Agence GRENOBLE OUEST,3
Longjumeau,91160,21996,4.1,AgenceAuto,athis-mons,7
Neuilly-Plaisance,93360,21941,2.9,TransakAuto,Agence LE RAINCY,10
Hazebrouck,59190,21912,19.3,Simplicicar,saint-omer,1
Nogent-sur-Oise,60180,21907,4.2,TransakAuto,Agence SAINT MAXIMIN,3
Fleury-les-Aubrais,45400,21804,1.9,TransakAuto,Agence ORLEANS,3
La Madeleine,59110,21790,0.9,Simplicicar,lille,6
Saint-Michel-sur-Orge,91240,21776,8.8,AgenceAuto,athis-mons,5
Montmorency,95160,21763,2.8,TransakAuto,Agence ENGHIEN-LES-BAINS,9
Montigny-lès-Metz,57950,21718,4.4,AgenceAuto,metz,3
Sainte-Foy-lès-Lyon,69110,21692,1.9,TransakAuto,Agence LYON OUEST,9
Morsang-sur-Orge,91390,21667,5.5,AgenceAuto,athis-mons,6
Mandelieu-la-Napoule,06210,21640,9.2,TransakAuto,Agence CANNES,4
Gardanne,13120,21597,9.1,TransakAuto,Agence AIX EN PROVENCE SUD,4
Le Robert,97231,21553,18.2,AgenceAuto,martinique,1
Lagny-sur-Marne,77400,21461,4.6,AgenceAuto,chessy,7
Allauch,13190,21443,17.1,Simplicicar,la-ciotat,2
Bruay-la-Buissière,62700,21424,2.2,TransakAuto,Agence BETHUNE,1
Givors,69700,21379,10.2,Simplicicar,vienne,5
Saint-Gratien,95210,21336,1.9,TransakAuto,Agence ENGHIEN-LES-BAINS,9
Saint-Cyr-l'École,78210,21268,5.9,TransakAuto,Agence LES CLAYES SOUS BOIS,7
Ozoir-la-Ferrière,77330,21238,5.1,AgenceAuto,gretz-armainvilliers,8
Saint-Genis-Laval,69230,21212,2.3,Simplicicar,lyon-ouest,8
Le Plessis-Trévise,94420,21112,6.5,TransakAuto,Agence SAINT MAUR,9
Mons-en-Barœul,59370,21105,1.4,AgenceAuto,wasquehal,6
Plaisance-du-Touch,31830,21079,4.9,TransakAuto,Agence TOULOUSE OUEST,7
Saint-Mandé,94160,21071,1.9,TransakAuto,Agence VINCENNES,12
Bourg-la-Reine,92340,21019,5.4,TransakAuto,Agence WISSOUS,10
Villeneuve-le-Roi,94290,21000,1.7,TransakAuto,Agence THIAIS,12
Carquefou,44470,20921,15.7,TransakAuto,Agence NANTES NORD,1
Sceaux,92330,20884,5.4,TransakAuto,Agence WISSOUS,9
Concarneau,29900,20845,14.5,AgenceAuto,quimper,2
Lingolsheim,67380,20826,8.3,AgenceAuto,strasbourg-nord,3
Carrières-sous-Poissy,78955,20825,5.7,TransakAuto,Agence CHAMBOURCY,8
Coudekerque-Branche,59210,20787,2.2,Simplicicar,dunkerque,3
Wasquehal,59290,20726,2.1,AgenceAuto,wasquehal,6
Halluin,59250,20715,3.2,TransakAuto,Agence TOURCOING,4
La Chapelle-sur-Erdre,44240,20690,10.8,TransakAuto,Agence NANTES NORD,1
Denain,59220,20665,7.4,AgenceAuto,valenciennes,2
Cugnaux,31270,20662,7.2,Simplicicar,toulouse-sud,8
Maurepas,78310,20629,7.3,TransakAuto,Agence LES CLAYES SOUS BOIS,4
Chaville,92370,20594,1.8,AgenceAuto,viroflay,11
Croix,59170,20566,3.4,AgenceAuto,wasquehal,6
Bouguenais,44340,20530,6.5,TransakAuto,Agence NANTES NORD,2
Joinville-le-Pont,94340,20525,2.3,TransakAuto,Agence SAINT MAUR,11
Le Creusot,71200,20509,14.7,AgenceAuto,montceau-les-mines,1
La Celle-Saint-Cloud,78170,20460,5.7,AgenceAuto,viroflay,10
Mitry-Mory,77290,20456,11.2,TransakAuto,Agence CHELLES,6
Chilly-Mazarin,91380,20443,3.1,TransakAuto,Agence WISSOUS,9
Beaune,21200,20352,2.5,Simplicicar,beaune,1
Lannion,22300,20315,2.2,AgenceAuto,lannion,2
L'Isle-sur-la-Sorgue,84800,20244,2.5,TransakAuto,Agence L&rsquo;ISLE SUR LA SORGUE,2
Grande-Synthe,59760,20239,4.1,AgenceAuto,dunkerque,3
Mont-Saint-Aignan,76130,20165,2.2,TransakAuto,Agence ROUEN,2
Cahors,46000,20050,2.4,TransakAuto,Agence CAHORS,1
Bruges,33520,20020,3.4,TransakAuto,Agence LAON,6
Bourg-lès-Valence,26500,19992,5.6,Simplicicar,valence,3
Albertville,73200,19978,3.4,TransakAuto,Agence ALBERTVILLE,1
Gentilly,94250,19963,4.9,Simplicicar,paris-15,12
Cournon-d'Auvergne,63800,19951,5.7,TransakAuto,Agence CLERMONT FERRAND SUD,1
Vence,06140,19917,9.1,TransakAuto,Agence NICE OUEST,7
Chevilly-Larue,94550,19826,4.0,TransakAuto,Agence THIAIS,10
Ronchin,59790,19787,5.5,AgenceAuto,lille-seclin,6
Mougins,06250,19782,1.7,TransakAuto,Agence CANNES,7
Bruz,35170,19683,1.4,Simplicicar,rennes,3
Lisieux,14100,19645,15.4,TransakAuto,Agence DEAUVILLE,1
Sélestat,67600,19589,1.9,AgenceAuto,selestat,2
Pertuis,84120,19548,3.3,TransakAuto,Agence PERTUIS,3
Le Mée-sur-Seine,77350,19527,10.1,TransakAuto,Agence LIEUSAINT,2
Schœlcher,97233,19478,3.8,AgenceAuto,martinique,1
Saint-Lô,50000,19471,1.5,TransakAuto,Agence SAINT-LO,1
Villefontaine,38090,19445,8.9,TransakAuto,Agence BOURGOIN-JAILLEU,4
Royan,17200,19425,3.1,Simplicicar,royan,1
Juvisy-sur-Orge,91260,19292,1.9,AgenceAuto,athis-mons,10
Saint-Fons,69190,19285,4.0,TransakAuto,Agence LYON 8 EME,8
Saint-Dié-des-Vosges,88100,19251,4.8,AgenceAuto,saint-die-des-vosges,1
Moulins,03000,19206,1.8,TransakAuto,Agence MOULINS,1
Sorgues,84700,19006,7.3,TransakAuto,Agence AVIGNON,3
Brie-Comte-Robert,77170,19003,0.9,TransakAuto,Agence BRIE-COMTE-ROBERT,6
Ploemeur,56270,18872,5.9,Simplicicar,lorient,2
Riom,63200,18820,15.8,TransakAuto,Agence CLERMONT FERRAND SUD,1
Meylan,38240,18770,7.8,TransakAuto,Agence GRENOBLE OUEST,3
Cesson-Sévigné,35510,18761,9.1,AgenceAuto,rennes-nord,3
Pornic,44210,18745,4.4,AgenceAuto,pornic,2
Chennevières-sur-Marne,94430,18710,4.2,TransakAuto,Agence SAINT MAUR,12
Louviers,27400,18705,12.9,TransakAuto,Agence ELBEUF,1
Faches-Thumesnil,59155,18619,3.9,AgenceAuto,lille-seclin,6
Hem,59510,18582,5.1,AgenceAuto,wasquehal,6
Bischheim,67800,18558,2.3,AgenceAuto,strasbourg-nord,3
Le Puy-en-Velay,43000,18540,5.2,Simplicicar,puy-en-velay,1
Sanary-sur-Mer,83110,18538,4.3,TransakAuto,Agence TOULON,2
Moissy-Cramayel,77550,18511,2.5,TransakAuto,Agence LIEUSAINT,4
Bry-sur-Marne,94360,18503,4.7,TransakAuto,Agence SAINT MAUR,12
Châteauneuf-les-Martigues,13220,18455,7.7,TransakAuto,Agence MARIGNANE,2
Éragny-sur-Oise,95610,18436,1.3,TransakAuto,Agence CONFLANS-SAINTE-HONORINE,7
Le Pontet,84130,18386,2.3,TransakAuto,Agence AVIGNON,3
Floirac,33270,18300,8.0,TransakAuto,Agence LAON,6
Bonneuil-sur-Marne,94380,18270,3.5,TransakAuto,Agence SAINT MAUR,13
Bagnols-sur-Cèze,30200,18112,16.4,TransakAuto,Agence ORANGE,1
Ducos,97224,18105,13.2,AgenceAuto,martinique,1
Hendaye,64700,18102,16.9,TransakAuto,Agence BIDART &#8211; SAINT-JEAN-DE-LUZ,2
Pontarlier,25300,18067,2.5,AgenceAuto,pontarlier,2
Soisy-sous-Montmorency,95230,18008,2.4,TransakAuto,Agence ENGHIEN-LES-BAINS,9
Saint-Égrève,38120,17986,5.5,TransakAuto,Agence GRENOBLE OUEST,3
Osny,95520,17954,2.1,AgenceAuto,cergy-pontoise,6
Écully,69130,17944,6.3,TransakAuto,Agence LYON OUEST,9
Carvin,62220,17909,9.5,TransakAuto,Agence SECLIN,4
Limay,78520,17885,4.6,TransakAuto,Agence MANTES-LA-JOLIE,4
Jouy-le-Moutier,95280,17854,4.0,TransakAuto,Agence CONFLANS-SAINTE-HONORINE,6
Brignoles,83170,17850,3.4,TransakAuto,Agence BRIGNOLES,1
Cluses,74300,17795,0.3,TransakAuto,Agence SALLANCHES,2
Balma,31130,17772,3.2,TransakAuto,Agence TOULOUSE EST,6
Garches,92380,17743,5.0,AgenceAuto,viroflay,12
Ambarès-et-Lagrave,33440,17644,4.2,TransakAuto,Agence BORDEAUX RIVE DROITE,5
Villeneuve-Loubet,06270,17548,7.8,TransakAuto,Agence ANTIBES,8
L'Isle-d'Abeau,38080,17515,3.9,TransakAuto,Agence BOURGOIN-JAILLEU,3
Chamalières,63400,17509,5.0,TransakAuto,Agence CLERMONT FERRAND SUD,1
Avion,62210,17435,1.9,TransakAuto,Agence LENS,5
Yutz,57970,17391,6.1,TransakAuto,Agence THIONVILLE,2
Lattes,34970,17351,3.1,Simplicicar,montpellier,5
Marmande,47200,17328,16.8,TransakAuto,Agence LANGON,1
Boissy-Saint-Léger,94470,17325,7.0,TransakAuto,Agence SAINT MAUR,12
Sallanches,74700,17319,14.4,TransakAuto,Agence SALLANCHES,1
Saran,45770,17316,4.4,TransakAuto,Agence ORLEANS,2
Annonay,07100,17274,4.2,TransakAuto,Agence DAVEZIEUX,1
Lamballe-Armor,22400,17241,7.0,TransakAuto,Agence LAMBALLE,3
Viroflay,78220,17237,0.4,AgenceAuto,viroflay,9
Blanquefort,33290,17215,6.9,TransakAuto,Agence LAON,5
Orée d'Anjou,49270,17162,10.5,TransakAuto,Agence ANCENIS,1
Montceau-les-Mines,71300,17064,0.9,AgenceAuto,montceau-les-mines,1
Firminy,42700,17060,12.5,TransakAuto,Agence SAINT ETIENNE,2
Saint-Cyr-sur-Loire,37540,17029,10.1,AgenceAuto,tours,3
Le Pré-Saint-Gervais,93310,16993,4.9,TransakAuto,Agence VINCENNES,11
La Baule-Escoublac,44500,16912,5.1,TransakAuto,Agence SAINT-NAZAIRE,1
Les Clayes-sous-Bois,78340,16804,0.7,TransakAuto,Agence LES CLAYES SOUS BOIS,3
Guérande,44350,16804,9.7,TransakAuto,Agence SAINT-NAZAIRE,1
Saint-Jean-de-la-Ruelle,45140,16768,3.0,Simplicicar,orleans,3
Loire-Authion,49140,16765,9.3,AgenceAuto,angers,3
Marly-le-Roi,78160,16756,8.8,TransakAuto,Agence LES CLAYES SOUS BOIS,8
Cestas,33610,16666,15.4,Simplicicar,merignac,4
Lons-le-Saunier,39000,16618,1.4,TransakAuto,Agence LONS LE SAUNIER,2
Bois-d'Arcy,78390,16586,3.0,TransakAuto,Agence LES CLAYES SOUS BOIS,3
Châteaurenard,13160,16545,7.7,TransakAuto,Agence AVIGNON,2
Mauguio,34130,16522,9.4,AgenceAuto,montpellier-est,4
Les Herbiers,85500,16521,19.4,TransakAuto,Agence CHOLET,1
Orsay,91400,16498,5.2,AgenceAuto,palaiseau,6
Pamiers,09100,16473,7.7,Simplicicar,pamiers,1
Rumilly,74150,16442,12.0,AgenceAuto,annecy,3
Mennecy,91540,16433,11.5,TransakAuto,Agence LIEUSAINT,2
Sainte-Luce-sur-Loire,44980,16400,13.7,TransakAuto,Agence NANTES NORD,2
Landerneau,29800,16363,14.3,Simplicicar,brest,3
Trélazé,49800,16333,2.2,AgenceAuto,angers,3
Verneuil-sur-Seine,78480,16280,5.7,TransakAuto,Agence CHAMBOURCY,7
Saint-Joseph,97212,16258,8.3,AgenceAuto,martinique,1
Saint-Julien-en-Genevois,74160,16222,11.9,AgenceAuto,saint-genis-pouilly,4
Saint-Leu-la-Forêt,95320,16138,6.2,AgenceAuto,la-croix-verte,8
Montbrison,42600,16123,16.4,Simplicicar,moto-veauche,2
Vauréal,95490,16079,3.0,AgenceAuto,cergy-pontoise,6
Sin-le-Noble,59450,16076,5.8,TransakAuto,Agence DOUAI,1
Domont,95330,16065,4.2,AgenceAuto,la-croix-verte,6
Le Pecq,78230,16059,9.4,TransakAuto,Agence SARTROUVILLE,10
Noisiel,77186,16053,3.7,TransakAuto,Agence CHELLES,7
Saint-Amand-les-Eaux,59230,15974,6.6,TransakAuto,Agence VALENCIENNES,2
Ambérieu-en-Bugey,01500,15934,14.4,Simplicicar,meximieux,1
Le Bourget,93350,15925,8.0,TransakAuto,Agence LE RAINCY,9
Lucé,28110,15921,1.0,TransakAuto,Agence CHARTRES,1
Hennebont,56700,15910,9.9,TransakAuto,Agence LORIENT,2
Saint-Pierre-des-Corps,37700,15898,4.9,AgenceAuto,tours,3
Hayange,57700,15806,10.3,TransakAuto,Agence THIONVILLE,2
Port-de-Bouc,13110,15802,18.7,TransakAuto,Agence MARIGNANE,1
Saint-Just-Saint-Rambert,42170,15764,5.5,Simplicicar,veauche,3
Saint-Fargeau-Ponthierry,77310,15724,9.0,TransakAuto,Agence LIEUSAINT,2
Beaucaire,30300,15692,10.9,TransakAuto,Agence ARLES,3
Montévrain,77144,15687,1.7,AgenceAuto,chessy,5
Francheville,69340,15604,2.1,TransakAuto,Agence LYON OUEST,8
Fontainebleau,77300,15583,13.2,TransakAuto,Agence FONTAINEBLEAU,1
Le Vésinet,78110,15554,8.0,TransakAuto,Agence SARTROUVILLE,10
Wittenheim,68270,15553,6.7,AgenceAuto,mulhouse,2
Guipavas,29490,15538,4.7,Simplicicar,brest,3
Wattignies,59139,15525,2.3,AgenceAuto,lille-seclin,6
Montivilliers,76290,15478,3.1,TransakAuto,Agence LE HAVRE,1
Elbeuf,76500,15474,4.8,TransakAuto,Agence ELBEUF,1
Roquebrune-sur-Argens,83380,15442,10.7,TransakAuto,Agence DRAGUIGNAN,1
Tarascon,13150,15396,14.2,TransakAuto,Agence ARLES,1
Bouc-Bel-Air,13320,15381,5.4,TransakAuto,Agence AIX EN PROVENCE SUD,5
Castanet-Tolosan,31320,15317,4.4,AgenceAuto,toulouse-sud-est-labege,6
Avrillé,49240,15251,4.6,Simplicicar,angers,3
Rive-de-Gier,42800,15242,17.9,TransakAuto,Agence SAINT ETIENNE,1
Morlaix,29600,15194,4.0,TransakAuto,Agence MORLAIX,1
Ramonville-Saint-Agne,31520,15158,2.2,AgenceAuto,toulouse-sud-est-labege,7
Senlis,60300,15157,5.0,AgenceAuto,senlis,4
Montmagny,95360,15105,2.6,TransakAuto,Agence ENGHIEN-LES-BAINS,8
Vesoul,70000,15078,1.8,AgenceAuto,vesoul,1
Lognes,77185,15074,5.3,TransakAuto,Agence CHELLES,7
Haubourdin,59320,15074,5.4,AgenceAuto,lille-seclin,6
Saint-Brice-sous-Forêt,95350,15063,4.6,TransakAuto,Agence ENGHIEN-LES-BAINS,9
Verrières-le-Buisson,91370,15057,4.3,AgenceAuto,palaiseau,9
Arnouville,95400,15023,8.0,TransakAuto,Agence ENGHIEN-LES-BAINS,8
Saint-Avertin,37550,14999,1.2,AgenceAuto,tours,3
Woippy,57140,14967,3.5,AgenceAuto,metz,2
La Flèche,72200,14947,2.3,Simplicicar,la-fleche,1
Illzach,68110,14923,2.1,AgenceAuto,mulhouse,2
Saint-Jean-de-Luz,64500,14857,6.3,TransakAuto,Agence BIDART &#8211; SAINT-JEAN-DE-LUZ,3
Montargis,45200,14825,2.4,TransakAuto,Agence MONTARGIS,1
Carrières-sur-Seine,78420,14791,4.5,TransakAuto,Agence SARTROUVILLE,11
Fameck,57290,14788,12.4,TransakAuto,Agence THIONVILLE,3
Laxou,54520,14771,6.4,Simplicicar,nancy,3
Dinan,22100,14764,16.1,AgenceAuto,saint-malo,1
Sainte-Marie,97230,14756,18.6,AgenceAuto,martinique,1
Le Raincy,93340,14735,0.9,TransakAuto,Agence LE RAINCY,9
Saint-Gilles,30800,14734,12.7,Simplicicar,vauvert,5
Villers-lès-Nancy,54600,14718,4.3,Simplicicar,nancy,3
Saint-Orens-de-Gameville,31650,14646,2.4,AgenceAuto,toulouse-sud-est-labege,5
Ollioules,83190,14568,1.4,TransakAuto,Agence TOULON,1
Montesson,78360,14549,5.5,TransakAuto,Agence SARTROUVILLE,11
Saint-Brevin-les-Pins,44250,14541,12.3,TransakAuto,Agence SAINT-NAZAIRE,3
Bois-Guillaume,76230,14539,0.8,TransakAuto,Agence ROUEN,2
Saint-Maurice,94410,14506,3.3,TransakAuto,Agence VINCENNES,12
Saint-Paul-lès-Dax,40990,14481,3.4,AgenceAuto,dax,2
L'Étang-Salé,97427,14464,4.8,TransakAuto,"Agence ETANG-SALE, REUNION",1
Saint-Genis-Pouilly,01630,14432,2.3,AgenceAuto,saint-genis-pouilly,3
Flers,61100,14432,3.8,TransakAuto,Agence FLERS,1
Plérin,22190,14425,5.7,AgenceAuto,saint-brieuc,3
Valenton,94460,14406,5.2,TransakAuto,Agence THIAIS,13
Canteleu,76380,14402,8.2,TransakAuto,Agence ROUEN,2
Billère,64140,14384,2.2,TransakAuto,Agence PAU,2
Saint-Omer,62500,14382,3.3,Simplicicar,saint-omer,1
Rixheim,68170,14380,4.6,AgenceAuto,mulhouse,2
Persan,95340,14359,9.8,AgenceAuto,la-croix-verte,6
Crépy-en-Valois,60800,14351,19.4,TransakAuto,Agence DAMMARTIN EN GOELE,2
Castelsarrasin,82100,14343,18.0,TransakAuto,Agence MONTAUBAN,1
Montataire,60160,14257,3.6,Simplicicar,st-maximin,3
Chenôve,21300,14244,7.5,TransakAuto,Agence DIJON,3
Auray,56400,14207,16.8,AgenceAuto,vannes,2
Pont-à-Mousson,54700,14190,5.3,TransakAuto,Agence METZ,1
Hautmont,59330,14152,4.3,TransakAuto,Agence MAUBEUGE,1
Saint-Martin-de-Crau,13310,14145,18.3,Simplicicar,salon,1
Morangis,91420,14129,1.7,AgenceAuto,athis-mons,9
Sainte-Maxime,83120,14118,14.6,TransakAuto,Agence DRAGUIGNAN,1
Roncq,59223,14075,0.4,TransakAuto,Agence TOURCOING,4
Audincourt,25400,14071,2.7,AgenceAuto,montbeliard,4
Juvignac,34990,14055,7.1,TransakAuto,Agence MONTPELLIER,4
Lys-lez-Lannoy,59390,14050,7.3,AgenceAuto,wasquehal,6
Bollène,84500,14024,7.7,TransakAuto,Agence BOLLENE,2
Lieusaint,77127,14017,1.4,TransakAuto,Agence LIEUSAINT,5
Belleville-en-Beaujolais,69220,14016,12.2,TransakAuto,Agence VILLEFRANCHE SUR SAONE,2
Ostwald,67540,13946,7.5,Simplicicar,strasbourg,3
Vaires-sur-Marne,77360,13931,1.2,TransakAuto,Agence CHELLES,8
Méru,60110,13897,19.2,Simplicicar,beauvais,2
Mions,69780,13843,6.6,Simplicicar,st-priest,8
Andrésy,78570,13834,4.9,TransakAuto,Agence CONFLANS-SAINTE-HONORINE,8
Caudry,59540,13833,14.4,TransakAuto,Agence CAMBRAI,1
Berre-l'Étang,13130,13832,10.2,TransakAuto,Agence MARIGNANE,4
Carros,06510,13803,10.8,AgenceAuto,nice,4
Saint-Jacques-de-la-Lande,35136,13800,5.7,Simplicicar,rennes,3
Pierrelatte,26700,13756,4.6,TransakAuto,Agence BOLLENE,2
Fleury-Mérogis,91700,13721,8.2,AgenceAuto,athis-mons,6
Fontenay-le-Fleury,78330,13680,4.3,TransakAuto,Agence LES CLAYES SOUS BOIS,7
Avon,77210,13651,9.3,TransakAuto,Agence FONTAINEBLEAU,1
Gex,01170,13627,12.9,AgenceAuto,saint-genis-pouilly,2
Lons,64140,13606,1.8,TransakAuto,Agence PAU,2
Amilly,45200,13582,1.4,TransakAuto,Agence MONTARGIS,1
Plouzané,29280,13567,10.5,AgenceAuto,brest,3
Plougastel-Daoulas,29470,13434,8.1,AgenceAuto,brest,3
Genas,69740,13421,4.5,Simplicicar,st-priest,8
Tulle,19000,13401,1.9,AgenceAuto,tulle,3
Mouvaux,59420,13369,5.0,TransakAuto,Agence TOURCOING,6
Kingersheim,68260,13354,5.7,AgenceAuto,mulhouse,2
Claye-Souilly,77410,13353,7.9,TransakAuto,Agence CHELLES,5
Bonneville,74130,13335,2.1,Simplicicar,genevois,4
Saint-Jean-de-Védas,34430,13328,1.1,TransakAuto,Agence MONTPELLIER,4
Cusset,03300,13316,3.8,Simplicicar,vichy,1
Monteux,84170,13301,12.9,TransakAuto,Agence L&rsquo;ISLE SUR LA SORGUE,3
Cuers,83390,13271,13.2,TransakAuto,Agence BRIGNOLES,1
Lourdes,65100,13266,15.9,TransakAuto,Agence TARBES,1
Seclin,59113,13261,1.6,TransakAuto,Agence SECLIN,7
Val-de-Reuil,27100,13245,13.6,TransakAuto,Agence ELBEUF,1
Saint-André-lez-Lille,59350,13233,1.6,Simplicicar,lille,6
Canet-en-Roussillon,66140,13227,5.4,Simplicicar,perpignan,2
Anzin,59410,13183,2.7,TransakAuto,Agence VALENCIENNES,2
Les Ponts-de-Cé,49130,13149,4.6,AgenceAuto,angers,3
Villeneuve-lès-Avignon,30400,13148,5.7,TransakAuto,Agence AVIGNON,3
Graulhet,81300,13129,19.7,TransakAuto,Agence ALBI,1
Saint-Hilaire-de-Riez,85270,13074,14.6,TransakAuto,Agence CHALLANS,1
Auriol,13390,13037,16.8,Simplicicar,la-ciotat,1
Bras-Panon,97412,13012,8.3,TransakAuto,"Agence SAINT-ANDRE, REUNION",1
Betton,35830,12964,5.3,AgenceAuto,rennes-nord,3
Tarnos,40220,12957,4.6,TransakAuto,Agence ANGLET,4
Fonsorbes,31470,12954,6.1,AgenceAuto,toulouse-fontenilles,4
Berck,62600,12951,5.2,TransakAuto,Agence LE TOUQUET,1
Yzeure,03400,12897,4.0,TransakAuto,Agence MOULINS,1
Nemours,77140,12889,14.9,TransakAuto,Agence FONTAINEBLEAU,1
Moret-Loing-et-Orvanne,77250,12810,2.2,TransakAuto,Agence FONTAINEBLEAU,1
Saint-André-les-Vergers,10120,12806,3.1,AgenceAuto,troyes,3
Pornichet,44380,12800,4.9,TransakAuto,Agence SAINT-NAZAIRE,1
Comines,59560,12731,7.5,TransakAuto,Agence TOURCOING,4
Aubergenville,78410,12723,2.6,AgenceAuto,epone,6
Chambray-lès-Tours,37170,12720,0.7,TransakAuto,Agence TOURS SUD,3
Andernos-les-Bains,33510,12710,16.0,TransakAuto,Agence ARCACHON,1
Châlette-sur-Loing,45120,12677,3.3,TransakAuto,Agence MONTARGIS,1
Mèze,34140,12669,9.6,AgenceAuto,sete,2
La Chapelle-Saint-Luc,10600,12648,2.3,Simplicicar,troyes,3
L'Union,31240,12638,1.7,TransakAuto,Agence TOULOUSE EST,6
Saint-André-de-Cubzac,33240,12626,9.9,TransakAuto,Agence BORDEAUX RIVE DROITE,3
Marquette-lez-Lille,59520,12622,1.0,TransakAuto,Agence LILLE,6
Vidauban,83550,12608,10.0,TransakAuto,Agence DRAGUIGNAN,1
Obernai,67210,12587,18.1,Simplicicar,strasbourg,1
Rognac,13340,12576,8.7,Simplicicar,marignane,4
Louvres,95380,12560,14.9,AgenceAuto,la-croix-verte,4
Villetaneuse,93430,12530,2.7,TransakAuto,Agence ENGHIEN-LES-BAINS,8
Solliès-Pont,83210,12521,18.9,TransakAuto,Agence TOULON,2
Brignais,69530,12503,1.4,Simplicicar,lyon-ouest,8
L'Isle-Adam,95290,12493,6.8,AgenceAuto,la-croix-verte,6
Saint-Avé,56890,12470,2.6,TransakAuto,Agence VANNES,3
Quimperlé,29300,12469,13.5,Simplicicar,lorient,2
Pont-du-Château,63430,12412,10.6,TransakAuto,Agence CLERMONT FERRAND SUD,1
Gisors,27140,12410,1.6,TransakAuto,Agence GISORS,1
Pont-Sainte-Maxence,60700,12361,5.8,AgenceAuto,senlis,5
Guidel,56520,12338,5.7,Simplicicar,lorient,2
Oissel-sur-Seine,76350,12317,4.7,TransakAuto,Agence ELBEUF,2
Le Chambon-Feugerolles,42500,12314,9.4,TransakAuto,Agence SAINT ETIENNE,3
Vernouillet,28500,12310,4.5,TransakAuto,Agence DREUX,1
Châteaubriant,44110,12260,2.2,TransakAuto,Agence CHATEAUBRIANT,1
Harnes,62440,12247,6.7,TransakAuto,Agence LENS,6
Bischwiller,67240,12242,11.5,TransakAuto,Agence HAGUENAU,3
La Queue-en-Brie,94510,12241,7.7,TransakAuto,Agence SAINT MAUR,11
Triel-sur-Seine,78510,12206,5.9,TransakAuto,Agence CHAMBOURCY,7
Riedisheim,68400,12200,5.3,AgenceAuto,mulhouse,2
Raismes,59590,12199,3.5,TransakAuto,Agence VALENCIENNES,2
Bully-les-Mines,62160,12146,7.7,TransakAuto,Agence LENS,4
Saint-Gaudens,31800,12139,5.8,Simplicicar,https://www.simplicicar.com/content/170-oncession-st-gaudens,1
Ferney-Voltaire,01210,12094,6.3,AgenceAuto,saint-genis-pouilly,4
Craponne,69290,12084,4.1,TransakAuto,Agence LYON OUEST,8
Onet-le-Château,12000,12080,2.7,AgenceAuto,rodez,3
Saint-Cyprien,66750,12068,3.6,Simplicicar,perpignan,2
La Motte-Servolex,73290,12067,2.8,Simplicicar,aix-les-bains,2
Cernay,68700,12057,10.7,AgenceAuto,mulhouse-sud,2
Mios,33380,12043,10.8,TransakAuto,Agence ARCACHON,1
Roquebrune-Cap-Martin,06190,12037,18.2,Simplicicar,nice,1
Florange,57190,12035,8.8,TransakAuto,Agence THIONVILLE,2
Barentin,76360,12022,13.4,TransakAuto,Agence ROUEN,3
Marly,59770,11995,4.0,AgenceAuto,valenciennes,2
Septèmes-les-Vallons,13240,11995,10.4,Simplicicar,marignane,3
Saint-Pierre-du-Perray,91280,11993,3.8,TransakAuto,Agence LIEUSAINT,5
Vedène,84270,11974,4.9,TransakAuto,Agence AVIGNON,3
Valbonne,06560,11939,5.4,TransakAuto,Agence CANNES,8
Ifs,14123,11937,6.8,TransakAuto,Agence CAEN,1
Beausoleil,06240,11936,14.9,Simplicicar,nice,3
Villepreux,78450,11931,2.0,TransakAuto,Agence LES CLAYES SOUS BOIS,4
Dammartin-en-Goële,77230,11907,6.9,TransakAuto,Agence DAMMARTIN EN GOELE,3
Le Relecq-Kerhuon,29480,11897,4.7,Simplicicar,brest,3
Talant,21240,11896,5.6,AgenceAuto,dijon,3
Rivière-Salée,97215,11829,16.8,AgenceAuto,martinique,1
Somain,59490,11766,14.6,TransakAuto,Agence VALENCIENNES,3
Hœnheim,67800,11742,1.6,AgenceAuto,strasbourg-nord,3
Seyssinet-Pariset,38170,11739,2.5,TransakAuto,Agence GRENOBLE OUEST,1
Baugé-en-Anjou,49150,11712,15.5,Simplicicar,la-fleche,1
Pacé,35740,11703,4.5,TransakAuto,Agence RENNES OUEST,3
Dugny,93440,11700,8.6,TransakAuto,Agence ENGHIEN-LES-BAINS,9
Arpajon,91290,11698,13.7,AgenceAuto,palaiseau,4
Vauvert,30600,11671,9.9,Simplicicar,vauvert,3
Saint-Cyr-sur-Mer,83270,11658,9.8,Simplicicar,la-ciotat,2
Villecresnes,94440,11647,6.9,TransakAuto,Agence BRIE-COMTE-ROBERT,10
Sassenage,38360,11646,4.8,TransakAuto,Agence GRENOBLE OUEST,3
Bruay-sur-l'Escaut,59860,11644,4.8,TransakAuto,Agence VALENCIENNES,2
Provins,77160,11632,0.9,TransakAuto,Agence PROVINS,1
Plan-de-Cuques,13380,11632,15.3,TransakAuto,Agence AIX EN PROVENCE SUD,3
Saint-Estève,66240,11630,1.1,TransakAuto,Agence PERPIGNAN NORD SAINT ESTEVE,2
Saint-Germain-lès-Arpajon,91180,11623,12.7,AgenceAuto,palaiseau,5
Méricourt,62680,11619,4.0,TransakAuto,Agence LENS,4
Pia,66380,11615,6.1,TransakAuto,Agence PERPIGNAN NORD SAINT ESTEVE,2
Épinay-sous-Sénart,91860,11611,7.7,TransakAuto,Agence BRIE-COMTE-ROBERT,9
Ancenis-Saint-Géréon,44150,11600,2.4,TransakAuto,Agence ANCENIS,1
Nœux-les-Mines,62290,11590,6.2,TransakAuto,Agence BETHUNE,2
Maizières-lès-Metz,57280,11580,8.4,AgenceAuto,metz,2
Les Avirons,97425,11536,8.3,TransakAuto,"Agence ETANG-SALE, REUNION",1
Ploufragan,22440,11507,4.6,AgenceAuto,saint-brieuc,2
La Hague,50440,11484,15.5,TransakAuto,Agence CHERBOURG-EN-COTENTIN,1
Vaux-le-Pénil,77000,11474,14.5,TransakAuto,Agence LIEUSAINT,1
Yvetot,76190,11438,1.3,TransakAuto,Agence YVETOT,2
Enghien-les-Bains,95880,11432,0.6,TransakAuto,Agence ENGHIEN-LES-BAINS,9
Biganos,33380,11431,7.5,TransakAuto,Agence ARCACHON,1
Gravelines,59820,11430,15.1,AgenceAuto,dunkerque,3
Gaillard,74240,11423,5.0,AgenceAuto,annemasse,5
Dourdan,91410,11415,14.3,TransakAuto,Agence ETAMPES,2
Le Haillan,33185,11392,1.8,Simplicicar,merignac,6
La Roche-sur-Foron,74800,11348,6.8,Simplicicar,genevois,3
Panazol,87350,11342,5.2,TransakAuto,Agence LIMOGES,2
Montlouis-sur-Loire,37270,11335,9.5,AgenceAuto,tours,3
Corbas,69960,11315,7.3,Simplicicar,st-priest,8
Le Luc,83340,11310,17.8,TransakAuto,Agence BRIGNOLES,1
Tournon-sur-Rhône,07300,11279,17.1,Simplicicar,valence,1
Castelginest,31780,11271,2.9,Simplicicar,toulouse-nord,6
Saint-Jean,31240,11261,2.2,AgenceAuto,toulouse-nord,5
Guebwiller,68500,11243,19.4,AgenceAuto,mulhouse,1
Guilherand-Granges,07500,11235,4.8,Simplicicar,valence,2
Cesson,77240,11222,5.9,TransakAuto,Agence LIEUSAINT,2
Chassieu,69680,11208,1.7,Simplicicar,st-priest,9
Riorges,42153,11139,2.2,TransakAuto,Agence ROANNE,1
Chevigny-Saint-Sauveur,21800,11108,3.5,TransakAuto,Agence DIJON,3
Arcachon,33120,11092,12.2,TransakAuto,Agence ARCACHON,1
Ville-d'Avray,92410,11089,2.1,AgenceAuto,viroflay,11
Pélissanne,13330,11085,5.5,Simplicicar,salon,1
Le Taillan-Médoc,33320,11073,5.6,TransakAuto,Agence BORDEAUX EYSINES,5
Villeneuve-Tolosane,31270,11044,5.7,Simplicicar,toulouse-sud,8
Doué-en-Anjou,49700,11029,14.6,TransakAuto,Agence SAUMUR,1
La Chapelle-Saint-Mesmin,45380,11017,2.4,Simplicicar,orleans,2
Mouans-Sartoux,06370,11015,5.4,TransakAuto,Agence GRASSE,5
Croissy-sur-Seine,78290,11013,8.9,AgenceAuto,viroflay,8
Wambrechies,59118,11012,1.7,TransakAuto,Agence LILLE,6
Thouaré-sur-Loire,44470,11004,17.4,TransakAuto,Agence NANTES NORD,1
Ormesson-sur-Marne,94490,10977,4.0,TransakAuto,Agence SAINT MAUR,12
Pont-Saint-Esprit,30130,10958,14.4,TransakAuto,Agence BOLLENE,1
Maromme,76150,10957,5.5,TransakAuto,Agence ROUEN,2
Le Pont-de-Claix,38800,10956,6.7,TransakAuto,Agence GRENOBLE OUEST,1
Fondettes,37230,10954,11.9,TransakAuto,Agence TOURS SUD,3
Vétraz-Monthoux,74100,10949,1.6,TransakAuto,Agence ANNEMASSE,6
Saint-Saulve,59880,10947,6.4,AgenceAuto,valenciennes,2
Le Pradet,83220,10933,14.6,TransakAuto,Agence TOULON,1
Brissac Loire Aubance,49250,10878,15.7,AgenceAuto,angers,2
Amnéville,57360,10875,10.4,TransakAuto,Agence SAINT-DIZIER,3
Villeneuve-lès-Maguelone,34750,10872,6.2,TransakAuto,Agence MONTPELLIER,4
Chanteloup-les-Vignes,78570,10861,5.8,TransakAuto,Agence CONFLANS-SAINTE-HONORINE,7
Passy,74190,10856,17.6,TransakAuto,Agence SALLANCHES,1
Annœullin,59112,10847,9.1,TransakAuto,Agence SECLIN,7
Igny,91430,10833,3.7,AgenceAuto,palaiseau,8
Déville-lès-Rouen,76250,10802,4.4,TransakAuto,Agence ROUEN,2
Erstein,67150,10790,7.3,Simplicicar,strasbourg,1
Dinard,35800,10772,5.7,TransakAuto,Agence SAINT-MALO,2
Tinqueux,51430,10771,0.8,Simplicicar,reims,2
Bondoufle,91070,10767,10.1,AgenceAuto,athis-mons,6
Boulazac Isle Manoire,24330,10759,11.8,TransakAuto,Agence PERIGUEUX,1
Allonnes,72700,10739,4.1,TransakAuto,Agence LE MANS,1
Beaumont,63110,10728,2.4,TransakAuto,Agence CLERMONT FERRAND SUD,1
Épinay-sur-Orge,91360,10722,4.7,AgenceAuto,athis-mons,8
Étaples,62630,10710,12.8,TransakAuto,Agence LE TOUQUET,1
Parempuyre,33290,10672,8.5,TransakAuto,Agence BORDEAUX RIVE DROITE,5
Léognan,33850,10670,6.6,TransakAuto,Agence CADAUJAC,4
Chantepie,35135,10670,10.8,AgenceAuto,rennes-nord,3
Urrugne,64122,10661,13.5,TransakAuto,Agence BIDART &#8211; SAINT-JEAN-DE-LUZ,2
Wittelsheim,68310,10645,7.7,AgenceAuto,mulhouse-sud,2
Mainvilliers,28300,10629,4.5,TransakAuto,Agence CHARTRES,1
Voisins-le-Bretonneux,78960,10624,8.1,TransakAuto,Agence LES CLAYES SOUS BOIS,3
Héricourt,70400,10621,1.8,AgenceAuto,hericourt,4
Vieux-Condé,59690,10617,11.9,TransakAuto,Agence VALENCIENNES,2
Port-Jérôme-sur-Seine,76170,10617,19.4,TransakAuto,Agence YVETOT,1
Argelès-sur-Mer,66700,10616,12.4,Simplicicar,perpignan,1
La Trinité,06340,10602,8.8,Simplicicar,nice,4
Treillières,44119,10600,9.9,TransakAuto,Agence NANTES NORD,1
Chantilly,60500,10591,6.7,Simplicicar,st-maximin,4
Fosses,95470,10570,15.5,AgenceAuto,la-croix-verte,5
Clermont,60600,10564,16.0,TransakAuto,Agence SAINT MAXIMIN,3
Longuenesse,62219,10548,1.1,Simplicicar,saint-omer,1
Charvieu-Chavagneux,38230,10547,3.4,Simplicicar,nord-isere,5
Seysses,31600,10539,9.1,Simplicicar,toulouse-sud,5
Limoux,11300,10532,18.8,Simplicicar,carcassonne,2
Biot,06410,10511,6.3,TransakAuto,Agence ANTIBES,8
Pernes-les-Fontaines,84210,10504,8.4,TransakAuto,Agence L&rsquo;ISLE SUR LA SORGUE,2
Valentigney,25700,10501,2.6,AgenceAuto,montbeliard,4
Brumath,67170,10499,7.6,TransakAuto,Agence STRASBOURG NORD,3
Eybens,38320,10493,5.3,TransakAuto,Agence GRENOBLE OUEST,3
La Riche,37520,10487,7.7,TransakAuto,Agence TOURS SUD,3
Portes-lès-Valence,26800,10477,4.7,TransakAuto,Agence VALENCE,2
Caudebec-lès-Elbeuf,76320,10476,3.4,TransakAuto,Agence ELBEUF,1
Saint-Gély-du-Fesc,34980,10472,12.8,Simplicicar,montpellier,4
Cabestany,66330,10465,5.3,Simplicicar,perpignan,2
Divonne-les-Bains,01220,10464,16.8,AgenceAuto,saint-genis-pouilly,2
Aubière,63170,10459,0.9,TransakAuto,Agence CLERMONT FERRAND SUD,1
Auterive,31190,10456,11.0,TransakAuto,Agence EAUNES,3
Thorigny-sur-Marne,77400,10440,4.3,AgenceAuto,chessy,6
Fouesnant,29170,10436,12.2,AgenceAuto,quimper,2
Andrézieux-Bouthéon,42160,10425,0.8,Simplicicar,veauche,3
Miribel,01700,10395,5.1,AgenceAuto,lyon-nord,8
Aizenay,85190,10365,12.7,TransakAuto,Agence LA ROCHE SUR YON,2
Gignac-la-Nerthe,13180,10343,3.8,TransakAuto,Agence MARIGNANE,3
Lézignan-Corbières,11200,10343,17.8,TransakAuto,Agence NARBONNE,2
Fuveau,13710,10337,14.4,TransakAuto,Agence AIX EN PROVENCE SUD,3
Gerzat,63360,10335,9.1,TransakAuto,Agence CLERMONT FERRAND SUD,1
Mondeville,14120,10331,3.2,TransakAuto,Agence CAEN,1
Serris,77700,10326,4.0,AgenceAuto,chessy,4
Oignies,62590,10323,10.4,TransakAuto,Agence SECLIN,4
Saint-Esprit,97270,10322,18.4,AgenceAuto,martinique,1
Pfastatt,68120,10314,3.6,AgenceAuto,mulhouse-sud,2
Borgo,20290,10311,9.2,TransakAuto,Agence BASTIA,1
Feyzin,69320,10304,6.7,TransakAuto,Agence LYON 8 EME,8
Villebon-sur-Yvette,91140,10291,2.3,AgenceAuto,palaiseau,6
Sainte-Savine,10300,10289,1.4,AgenceAuto,troyes,3
Buxerolles,86180,10289,4.8,TransakAuto,Agence POITIERS,1
Marly,57155,10286,7.5,AgenceAuto,metz,3
Cabriès,13480,10240,4.6,TransakAuto,Agence AIX EN PROVENCE SUD,5
Beaumont-sur-Oise,95260,10232,8.3,AgenceAuto,la-croix-verte,5
Le Beausset,83330,10219,8.9,TransakAuto,Agence TOULON,2
Couzeix,87270,10195,4.4,AgenceAuto,limoges,2
Lillers,62190,10193,10.5,TransakAuto,Agence BETHUNE,1
Courrières,62710,10176,9.3,TransakAuto,Agence LENS,4
Ploërmel,56800,10163,15.7,TransakAuto,Agence PLOERMEL,1
Jeumont,59460,10160,10.7,TransakAuto,Agence MAUBEUGE,1
Pierrelaye,95220,10130,5.3,TransakAuto,Agence CONFLANS-SAINTE-HONORINE,8
Le Muy,83490,10118,3.9,TransakAuto,Agence DRAGUIGNAN,1
Douchy-les-Mines,59282,10109,9.2,AgenceAuto,valenciennes,3
Villerupt,54190,10102,18.0,TransakAuto,Agence THIONVILLE,1
Saint-Pierre-du-Mont,40280,10092,3.6,TransakAuto,Agence MONT DE MARSAN,1
Maxéville,54320,10090,7.8,Simplicicar,nancy,3
Fillière,74370,10075,13.9,Simplicicar,genevois,4
Ingré,45140,10062,5.6,Simplicicar,orleans,2
Auchel,62260,10051,8.4,TransakAuto,Agence BETHUNE,1
Grigny-sur-Rhône,69520,10030,7.8,Simplicicar,lyon-ouest,7
Saint-Loubès,33450,10027,5.2,AgenceAuto,bordeaux-rive-droite,5
Lambesc,13410,10024,13.1,Simplicicar,salon,2
La Farlède,83210,10014,16.4,TransakAuto,Agence TOULON,1
Neuville-en-Ferrain,59960,10002,3.1,TransakAuto,Agence TOURCOING,4
Méry-sur-Oise,95540,9983,4.4,TransakAuto,Agence CERGY,6
Aniche,59580,9963,16.2,TransakAuto,Agence DOUAI,4
Chambly,60230,9959,13.0,AgenceAuto,la-croix-verte,4
Saint-Grégoire,35760,9957,2.0,AgenceAuto,rennes-nord,3
Léguevin,31490,9945,2.9,TransakAuto,Agence TOULOUSE OUEST,4
Foix,09000,9934,10.3,Simplicicar,pamiers,1
Voreppe,38340,9922,12.2,TransakAuto,Agence GRENOBLE OUEST,3
Bourg-de-Péage,26300,9921,5.7,TransakAuto,Agence ROMANS SUR ISERE,3
Lançon-Provence,13680,9915,8.9,Simplicicar,salon,4
Saint-Max,54130,9913,7.2,Simplicicar,nancy,3
Saint-Laurent-de-la-Salanque,66250,9898,15.3,TransakAuto,Agence PERPIGNAN NORD SAINT ESTEVE,2
Saint-Lys,31470,9892,5.6,AgenceAuto,toulouse-fontenilles,4
Carmaux,81400,9872,17.5,TransakAuto,Agence ALBI,1
Ézanville,95460,9858,5.3,AgenceAuto,la-croix-verte,7
Beauchamp,95250,9849,6.8,TransakAuto,Agence SARTROUVILLE,8
Lorgues,83510,9849,14.5,TransakAuto,Agence DRAGUIGNAN,1
Roche-la-Molière,42230,9843,7.1,TransakAuto,Agence SAINT ETIENNE,3
Le Rheu,35650,9839,7.4,Simplicicar,rennes,3
Merville,59660,9808,17.6,TransakAuto,Agence BETHUNE,1
Frouzins,31270,9805,7.4,Simplicicar,toulouse-sud,7
Portet-sur-Garonne,31120,9782,4.2,Simplicicar,toulouse-sud,8
Montlhéry,91310,9772,8.2,AgenceAuto,palaiseau,5
Grand-Couronne,76530,9768,5.1,TransakAuto,Agence ELBEUF,2
Revel,31250,9762,15.2,TransakAuto,Agence CASTRES,1
Bondues,59910,9747,4.1,TransakAuto,Agence LILLE,6
Aytré,17440,9746,6.5,TransakAuto,Agence LA ROCHELLE / AYTRE,1
Montigny-en-Gohelle,62640,9743,7.7,TransakAuto,Agence LENS,6
Saint-Barthélemy-d'Anjou,49124,9720,1.3,AgenceAuto,angers,3
Saint-Sulpice-la-Pointe,81370,9719,18.6,AgenceAuto,toulouse-nord,1
Vernouillet,78540,9699,3.6,TransakAuto,Agence CHAMBOURCY,7
Basse-Goulaine,44115,9679,12.9,AgenceAuto,nantes-sud-est,2
Saint-Doulchard,18230,9647,1.8,TransakAuto,Agence BOURGES,1
Aucamville,31140,9623,1.8,Simplicicar,toulouse-nord,5
Saint-Jean-d'Illac,33127,9616,11.1,Simplicicar,merignac,3
Pérols,34470,9615,7.2,Simplicicar,montpellier,4
Crosne,91560,9610,5.8,TransakAuto,Agence THIAIS,11
Gros-Morne,97213,9610,11.2,AgenceAuto,martinique,1
Lesquin,59810,9600,5.7,AgenceAuto,lille-seclin,6
Saint-Rémy-de-Provence,13210,9599,18.8,TransakAuto,Agence AVIGNON,1
Aire-sur-la-Lys,62120,9598,13.9,Simplicicar,saint-omer,1
Audenge,33980,9596,12.5,TransakAuto,Agence ARCACHON,1
Darnétal,76160,9566,4.5,TransakAuto,Agence ROUEN,2
Saint-Jean-le-Blanc,45650,9562,5.2,Simplicicar,orleans,3
Séné,56860,9554,4.0,Simplicicar,vannes,3
Bures-sur-Yvette,91440,9548,7.6,AgenceAuto,palaiseau,6
Redon,35600,9542,3.9,TransakAuto,Agence REDON,1
L'Isle-Jourdain,32600,9537,9.9,AgenceAuto,toulouse-fontenilles,2
Leers,59115,9521,8.9,AgenceAuto,wasquehal,6
Ville-la-Grand,74100,9514,1.4,AgenceAuto,annemasse,6
Petit-Caux,76370,9513,11.4,TransakAuto,Agence DIEPPE,2
Elne,66200,9511,3.1,Simplicicar,perpignan,2
Quincy-sous-Sénart,91480,9477,6.5,TransakAuto,Agence LIEUSAINT,7
Lescar,64230,9455,3.2,TransakAuto,Agence PAU,2
Arques,62510,9431,3.9,Simplicicar,saint-omer,1
Landivisiau,29400,9426,16.3,TransakAuto,Agence MORLAIX,1
Dombasle-sur-Meurthe,54110,9424,12.9,AgenceAuto,nancy,3
Sallaumines,62430,9414,2.9,TransakAuto,Agence LENS,5
Guichen,35580,9412,8.3,Simplicicar,rennes,1
Carqueiranne,83320,9408,18.6,TransakAuto,Agence TOULON,1
Saint-Philbert-de-Grand-Lieu,44310,9400,9.0,AgenceAuto,nantes-sud-est,2
Magny-les-Hameaux,78114,9386,10.3,TransakAuto,Agence LES CLAYES SOUS BOIS,3
Chaponost,69630,9382,2.9,TransakAuto,Agence LYON OUEST,7
Rombas,57120,9371,8.4,TransakAuto,Agence SAINT-DIZIER,3
Jarville-la-Malgrange,54140,9356,3.2,AgenceAuto,nancy,3
Liffré,35340,9339,15.8,AgenceAuto,rennes-nord,2
La Ravoire,73490,9332,7.2,Simplicicar,aix-les-bains,2
Livron-sur-Drôme,26250,9329,13.1,TransakAuto,Agence VALENCE,2
Le Passage,47520,9326,10.7,TransakAuto,Agence AGEN,1
Molsheim,67120,9318,18.1,Simplicicar,strasbourg,2
Nogent-le-Rotrou,28400,9292,0.6,AgenceAuto,nogent-le-rotrou,1
Poisy,74330,9291,1.8,TransakAuto,Agence ANNECY,3
Vert-Saint-Denis,77240,9291,7.6,TransakAuto,Agence LIEUSAINT,2
Hagondange,57300,9278,11.9,AgenceAuto,metz,3
Les Sorinières,44840,9275,3.9,AgenceAuto,nantes-sud-est,2
Rivesaltes,66600,9270,6.7,TransakAuto,Agence PERPIGNAN NORD SAINT ESTEVE,2
Évian-les-Bains,74500,9267,16.4,TransakAuto,Agence THONON-LES-BAINS,1
Condé-sur-l'Escaut,59163,9253,13.5,TransakAuto,Agence VALENCIENNES,2
Fontaine-lès-Dijon,21121,9252,3.2,AgenceAuto,dijon,3
Le Crès,34920,9226,3.9,AgenceAuto,montpellier-est,4
Dardilly,69570,9221,2.9,TransakAuto,Agence CALUIRE-ET-CUIRE,9
Ouistreham,14150,9212,8.8,TransakAuto,Agence CAEN,1
Sarzeau,56370,9212,14.0,Simplicicar,vannes,3
Beuvry,62660,9189,9.1,TransakAuto,Agence BETHUNE,2
Capbreton,40130,9184,2.9,TransakAuto,Agence CAPBRETON,2
Le Teich,33470,9180,3.8,TransakAuto,Agence ARCACHON,1
Launaguet,31140,9173,4.4,TransakAuto,Agence TOULOUSE EST,5
Scionzier,74950,9162,2.8,TransakAuto,Agence SALLANCHES,2
Breuillet,91650,9157,13.2,TransakAuto,Agence ETAMPES,2
Prévessin-Moëns,01280,9153,4.3,AgenceAuto,saint-genis-pouilly,4
Varennes-Vauzelles,58640,9146,4.9,AgenceAuto,nevers,1
Bougival,78380,9134,6.9,AgenceAuto,viroflay,10
Tomblaine,54510,9117,5.5,AgenceAuto,nancy,3
Grabels,34790,9092,9.8,Simplicicar,montpellier,4
Chécy,45430,9083,7.4,TransakAuto,Agence ORLEANS,3
Lamorlaye,60260,9082,9.0,Simplicicar,st-maximin,4
Grenade,31330,9062,7.8,TransakAuto,Agence FRONTON,3
Magny-le-Hongre,77700,9060,4.0,AgenceAuto,chessy,4
Escaudain,59124,9039,11.0,AgenceAuto,valenciennes,3
La Fare-les-Oliviers,13580,9039,12.3,Simplicicar,salon,4
Irigny,69540,9034,3.5,Simplicicar,lyon-ouest,9
Morières-lès-Avignon,84310,9019,5.0,TransakAuto,Agence AVIGNON,2
Quéven,56530,8991,0.8,Simplicicar,lorient,2
Saint-Paul-Trois-Châteaux,26130,8981,1.6,TransakAuto,Agence BOLLENE,2
Cornebarrieu,31700,8978,6.5,TransakAuto,Agence TOULOUSE OUEST,7
Pibrac,31820,8977,2.3,TransakAuto,Agence TOULOUSE OUEST,5
Veauche,42340,8975,1.1,Simplicicar,moto-veauche,3
Quetigny,21800,8971,1.6,TransakAuto,Agence DIJON,3
Boucau,64340,8968,3.5,TransakAuto,Agence ANGLET,4
Cébazat,63118,8953,8.9,TransakAuto,Agence CLERMONT FERRAND SUD,1
Meulan-en-Yvelines,78250,8950,8.2,TransakAuto,Agence CHAMBOURCY,6
Bellerive-sur-Allier,03700,8943,3.1,Simplicicar,vichy,1
Velaux,13880,8941,10.9,Simplicicar,marignane,5
Epagny Metz-Tessy,74330,8925,2.0,TransakAuto,Agence ANNECY,3
Gonfreville-l'Orcher,76700,8916,3.5,TransakAuto,Agence LE HAVRE,1
Roquevaire,13360,8915,14.7,Simplicicar,la-ciotat,1
Entraigues-sur-la-Sorgue,84320,8913,8.3,TransakAuto,Agence AVIGNON,3
Les Angles,30133,8908,7.8,TransakAuto,Agence AVIGNON,1
Longvic,21600,8896,4.2,TransakAuto,Agence DIJON,3
Le Thor,84250,8882,2.7,TransakAuto,Agence L&rsquo;ISLE SUR LA SORGUE,2
Chartres-de-Bretagne,35131,8880,4.4,Simplicicar,rennes,3
Périgny,17180,8877,2.7,TransakAuto,Agence LA ROCHELLE / AYTRE,1
Bessancourt,95550,8869,6.9,TransakAuto,Agence CERGY,7
Saint-Jean-de-Monts,85160,8868,16.6,TransakAuto,Agence CHALLANS,1
Gouvieux,60270,8867,6.3,Simplicicar,st-maximin,4
Golbey,88190,8832,0.9,TransakAuto,Agence EPINAL,2
Gretz-Armainvilliers,77220,8825,2.0,AgenceAuto,gretz-armainvilliers,6
Sarlat-la-Canéda,24200,8763,5.3,TransakAuto,Agence SARLAT,1
La Chapelle-d'Armentières,59930,8754,11.4,TransakAuto,Agence LILLE,6
Le Teil,07400,8726,9.2,TransakAuto,Agence MONTELIMAR,1
Wingles,62410,8720,8.5,TransakAuto,Agence LENS,5
Beauzelle,31700,8713,3.0,Simplicicar,toulouse-nord,6
Lempdes,63370,8709,6.3,TransakAuto,Agence CLERMONT FERRAND SUD,1
Soustons,40140,8701,16.9,TransakAuto,Agence CAPBRETON,1
Aigues-Mortes,30220,8699,16.2,TransakAuto,Agence LUNEL,1
L'Île-Saint-Denis,93450,8696,2.5,TransakAuto,Agence ENGHIEN-LES-BAINS,10
Artigues-près-Bordeaux,33370,8687,6.0,AgenceAuto,bordeaux-rive-droite,6
Plabennec,29860,8686,8.4,TransakAuto,Agence BREST,3
Petit-Couronne,76650,8683,8.0,TransakAuto,Agence ELBEUF,2
Coutras,33230,8678,17.6,TransakAuto,Agence LIBOURNE,1
Margny-lès-Compiègne,60280,8677,3.4,TransakAuto,Agence COMPIEGNE,2
Saint-Chamas,13250,8676,9.9,Simplicicar,salon,2
Essey-lès-Nancy,54270,8670,8.1,AgenceAuto,nancy,3
Thorigné-Fouillard,35235,8667,8.9,AgenceAuto,rennes-nord,3
Saint-Jory,31790,8662,7.7,Simplicicar,toulouse-nord,5
Crest,26400,8658,16.9,TransakAuto,Agence VALENCE,1
Isbergues,62330,8650,16.2,TransakAuto,Agence BETHUNE,2
Le Poiré-sur-Vie,85170,8649,13.4,TransakAuto,Agence LA ROCHE SUR YON,1
Domérat,03410,8622,4.2,TransakAuto,Agence MONTLUCON,1
Marcoussis,91460,8618,7.9,AgenceAuto,palaiseau,5
Aulnoye-Aymeries,59620,8612,12.2,TransakAuto,Agence MAUBEUGE,1
Crolles,38920,8609,0.6,AgenceAuto,grenoble,3
Ergué-Gabéric,29500,8606,4.9,TransakAuto,Agence QUIMPER,2
Puget-sur-Argens,83480,8602,12.0,TransakAuto,Agence DRAGUIGNAN,1
Roussillon,38150,8595,16.8,TransakAuto,Agence DAVEZIEUX,3
Sérignan,34410,8588,11.6,TransakAuto,Agence BEZIERS,1
Le Grau-du-Roi,30240,8588,19.8,TransakAuto,Agence LUNEL,1
Saint-Renan,29290,8577,11.4,AgenceAuto,brest,3
Mauléon,79700,8573,15.4,TransakAuto,Agence CHOLET,1
Sautron,44880,8555,6.1,TransakAuto,Agence NANTES NORD,1
Rouvroy,62320,8552,6.4,TransakAuto,Agence LENS,5
Thaon-les-Vosges,88150,8547,5.8,TransakAuto,Agence EPINAL,2
Châteauneuf-sur-Loire,45110,8546,12.0,TransakAuto,Agence VIERZON,1
Varces-Allières-et-Risset,38760,8542,10.7,TransakAuto,Agence GRENOBLE OUEST,1
Vendin-le-Vieil,62880,8536,6.0,TransakAuto,Agence LENS,5
Vif,38450,8530,15.7,TransakAuto,Agence GRENOBLE OUEST,1
Le Plessis-Bouchard,95130,8518,6.4,TransakAuto,Agence SARTROUVILLE,8
Peymeinade,06530,8514,3.4,TransakAuto,Agence GRASSE,3
Unieux,42240,8514,12.3,TransakAuto,Agence SAINT ETIENNE,3
La Salvetat-Saint-Gilles,31880,8511,3.1,TransakAuto,Agence TOULOUSE OUEST,7
Saint-Vallier,71230,8508,4.0,AgenceAuto,montceau-les-mines,1
Theix-Noyalo,56450,8500,4.0,Simplicicar,vannes,3
Talmont-Saint-Hilaire,85440,8492,9.8,TransakAuto,Agence LES SABLES D&rsquo;OLONNE,1
Pont-l'Abbé,29120,8484,14.1,AgenceAuto,quimper,2
Onnaing,59264,8479,8.5,AgenceAuto,valenciennes,2
Éguilles,13510,8479,10.1,TransakAuto,Agence AIX EN PROVENCE SUD,7
Ballan-Miré,37510,8477,8.5,TransakAuto,Agence TOURS SUD,3
Reignier-Ésery,74930,8464,5.7,TransakAuto,Agence ANNEMASSE,3
Pérenchies,59840,8455,6.2,TransakAuto,Agence LILLE,6
Groslay,95410,8453,3.5,TransakAuto,Agence ENGHIEN-LES-BAINS,9
Trégueux,22950,8450,3.0,AgenceAuto,saint-brieuc,3
Saint-Aubin-lès-Elbeuf,76410,8443,1.5,TransakAuto,Agence ELBEUF,2
La Grande-Motte,34280,8440,11.3,TransakAuto,Agence LUNEL,4
Bassens,33530,8435,2.8,TransakAuto,Agence BORDEAUX RIVE DROITE,6
Vaucresson,92420,8432,3.8,AgenceAuto,viroflay,10
Pignan,34570,8431,8.3,TransakAuto,Agence MONTPELLIER,4
Gennes-Val-de-Loire,49160,8429,15.5,TransakAuto,Agence SAUMUR,1
Venelles,13770,8418,1.6,AgenceAuto,aix-en-provence,4
Larmor-Plage,56260,8418,4.0,TransakAuto,Agence LORIENT,2
Marseillan,34340,8414,12.9,AgenceAuto,sete,2
Trignac,44570,8397,6.9,TransakAuto,Agence SAINT-NAZAIRE,1
Orchies,59310,8396,16.3,TransakAuto,Agence SECLIN,4
Feurs,42110,8367,18.9,Simplicicar,moto-veauche,1
Noyal-Châtillon-sur-Seiche,35230,8359,7.7,Simplicicar,rennes,3
Marguerittes,30320,8346,9.7,AgenceAuto,nimes,3
Bouaye,44830,8343,8.8,TransakAuto,Agence NANTES NORD,2
Saint-Gilles-Croix-de-Vie,85800,8333,17.5,TransakAuto,Agence CHALLANS,1
Carbon-Blanc,33560,8331,1.5,AgenceAuto,bordeaux-rive-droite,6
Bihorel,76420,8316,2.0,TransakAuto,Agence ROUEN,2
Saint-Pierre-lès-Elbeuf,76320,8306,3.6,TransakAuto,Agence ELBEUF,1
Harfleur,76700,8289,0.3,TransakAuto,Agence LE HAVRE,1
Tournan-en-Brie,77220,8274,3.4,AgenceAuto,gretz-armainvilliers,4
Guilers,29820,8268,7.0,AgenceAuto,brest,3
Bandol,83150,8267,8.2,TransakAuto,Agence TOULON,2
Brunstatt-Didenheim,68350,8259,2.8,AgenceAuto,mulhouse-sud,2
Meximieux,01800,8247,0.9,Simplicicar,meximieux,3
Téteghem-Coudekerque-Village,59229,8247,3.4,Simplicicar,dunkerque,3
Thuir,66300,8243,11.8,TransakAuto,Agence PERPIGNAN NORD SAINT ESTEVE,2
Pégomas,06580,8240,6.6,TransakAuto,Agence GRASSE,4
Malemort,19360,8239,1.4,Simplicicar,brive,3
Souffelweyersheim,67460,8239,1.8,AgenceAuto,strasbourg-nord,3
Charnay-lès-Mâcon,71850,8227,5.9,TransakAuto,Agence MACON,1
Donges,44480,8219,17.4,TransakAuto,Agence SAINT-NAZAIRE,1
Mazingarbe,62670,8217,8.7,TransakAuto,Agence LENS,2
Salles,33770,8208,13.9,TransakAuto,Agence ARCACHON,1
Vern-sur-Seiche,35770,8207,11.4,Simplicicar,rennes,3
Anse,69480,8206,6.8,TransakAuto,Agence VILLEFRANCHE SUR SAONE,5
Paray-Vieille-Poste,91550,8202,2.0,AgenceAuto,athis-mons,11
La Colle-sur-Loup,06480,8202,7.2,TransakAuto,Agence NICE OUEST,8
Ballancourt-sur-Essonne,91610,8191,16.6,TransakAuto,Agence LIEUSAINT,2
Le Mesnil-Esnard,76240,8177,7.5,TransakAuto,Agence ROUEN,2
Linselles,59126,8161,3.5,TransakAuto,Agence TOURCOING,5
La Ville-du-Bois,91620,8161,5.9,AgenceAuto,palaiseau,5
Questembert,56230,8133,19.7,Simplicicar,vannes,1
Val de Briey,54150,8130,8.1,TransakAuto,Agence SAINT-DIZIER,1
Coulaines,72190,8121,5.9,TransakAuto,Agence LE MANS,1
Talange,57525,8120,11.1,AgenceAuto,metz,3
Rochefort-du-Gard,30650,8117,14.1,TransakAuto,Agence AVIGNON,2
Sorbiers,42290,8116,4.9,TransakAuto,Agence SAINT ETIENNE,3
Verrières-en-Anjou,49112,8116,5.6,TransakAuto,Agence ANGERS,3
La Tour-du-Pin,38110,8111,14.2,TransakAuto,Agence BOURGOIN-JAILLEU,1
Les Arcs,83460,8109,5.0,TransakAuto,Agence DRAGUIGNAN,1
Boussy-Saint-Antoine,91800,8097,6.2,TransakAuto,Agence BRIE-COMTE-ROBERT,8
Seyssins,38180,8092,3.5,TransakAuto,Agence GRENOBLE OUEST,1
Guénange,57310,8083,12.2,TransakAuto,Agence THIONVILLE,4
Monts,37260,8080,4.8,Simplicicar,tours,3
Vineuil,41350,8064,3.5,TransakAuto,Agence BLOIS,1
Wintzenheim,68124,8059,10.6,Simplicicar,colmar,1
Martignas-sur-Jalle,33127,8056,7.4,Simplicicar,merignac,3
Jarny,54800,8050,10.4,TransakAuto,Agence SAINT-DIZIER,1
Languidic,56440,8042,19.0,TransakAuto,Agence LORIENT,1
La Ricamarie,42150,8039,6.8,TransakAuto,Agence SAINT ETIENNE,3
Gleizé,69400,8035,2.1,TransakAuto,Agence VILLEFRANCHE SUR SAONE,4
Bellegarde,30127,8035,10.3,AgenceAuto,nimes,5
Tignieu-Jameyzieu,38230,8031,2.8,Simplicicar,nord-isere,5
Aureilhan,65800,8031,5.8,TransakAuto,Agence TARBES,1
Saint-Vincent-de-Tyrosse,40230,8014,10.1,TransakAuto,Agence CAPBRETON,1
Vaujours,93410,8007,6.9,TransakAuto,Agence CHELLES,6
Aussonne,31840,7997,6.4,Simplicicar,toulouse-nord,6
Isle,87170,7995,6.4,AgenceAuto,limoges,2
Louveciennes,78430,7990,7.3,AgenceAuto,viroflay,9
Linas,91310,7987,9.6,AgenceAuto,palaiseau,4
Jouy-en-Josas,78350,7981,4.3,AgenceAuto,viroflay,8
Libercourt,62820,7973,8.1,TransakAuto,Agence SECLIN,4
Le Soler,66270,7942,6.6,TransakAuto,Agence PERPIGNAN NORD SAINT ESTEVE,2
Langueux,22360,7939,2.2,TransakAuto,Agence SAINT-BRIEUC,3
Billy-Montigny,62420,7937,6.0,TransakAuto,Agence LENS,6
Houplines,59116,7921,8.9,TransakAuto,Agence LILLE,6
Geispolsheim,67118,7919,5.9,Simplicicar,strasbourg,3
Mordelles,35310,7911,8.9,Simplicicar,rennes,3
Lège-Cap-Ferret,33950,7909,18.6,TransakAuto,Agence ARCACHON,1
Ustaritz,64480,7897,7.7,AgenceAuto,biarritz-bab,3
Contes,06390,7897,14.2,Simplicicar,nice,4
Romagnat,63540,7894,4.3,TransakAuto,Agence CLERMONT FERRAND SUD,1
Saint-Julien-de-Concelles,44450,7883,18.4,AgenceAuto,nantes-sud-est,2
Achicourt,62217,7873,3.9,TransakAuto,Agence ARRAS,3
Gargenville,78440,7869,3.3,AgenceAuto,epone,5
Saint-Pierre-en-Faucigny,74800,7865,1.8,Simplicicar,genevois,4
Publier,74500,7864,13.6,TransakAuto,Agence THONON-LES-BAINS,1
Cappelle-la-Grande,59180,7839,0.9,TransakAuto,Agence DUNKERQUE,3
Claix,38640,7836,7.8,TransakAuto,Agence GRENOBLE OUEST,1
Coulounieix-Chamiers,24660,7832,3.4,TransakAuto,Agence PERIGUEUX,1
Bompas,66430,7832,7.0,TransakAuto,Agence PERPIGNAN NORD SAINT ESTEVE,2
Courcelles-lès-Lens,62970,7830,5.1,TransakAuto,Agence DOUAI,4
Baillargues,34670,7829,3.3,AgenceAuto,montpellier-est,4
Malzéville,54220,7820,8.8,Simplicicar,nancy,3
Moirans,38430,7818,18.5,TransakAuto,Agence GRENOBLE OUEST,1
Neuville-sur-Saône,69250,7812,1.7,Simplicicar,lyon-nord,8
Montreuil-Juigné,49460,7808,8.8,Simplicicar,angers,3
Lagord,17140,7802,7.0,TransakAuto,Agence LA ROCHELLE / AYTRE,1
Terville,57180,7801,6.7,TransakAuto,Agence THIONVILLE,3
La Verpillière,38290,7786,10.1,TransakAuto,Agence BOURGOIN-JAILLEU,4
Saint-Étienne-de-Montluc,44360,7780,11.8,TransakAuto,Agence NANTES NORD,1
Hettange-Grande,57330,7772,1.7,TransakAuto,Agence THIONVILLE,2
Chessy,77700,7771,0.8,AgenceAuto,chessy,5
Saint-Aubin-de-Médoc,33160,7769,8.2,Simplicicar,merignac,3
Saint-Denis-en-Val,45560,7766,6.3,TransakAuto,Agence ORLEANS,3
Nieppe,59850,7764,15.7,TransakAuto,Agence LILLE,2
Cranves-Sales,74380,7762,3.0,TransakAuto,Agence ANNEMASSE,4
Thann,68800,7762,17.7,AgenceAuto,mulhouse-sud,1
Wavrin,59136,7758,7.6,AgenceAuto,lille-seclin,6
Saint-Rémy-lès-Chevreuse,78470,7747,12.8,AgenceAuto,viroflay,4
Noisy-le-Roi,78590,7713,5.5,TransakAuto,Agence LES CLAYES SOUS BOIS,7
Les Andelys,27700,7706,16.0,Simplicicar,vernon,1
Beynes,78650,7704,9.1,TransakAuto,Agence LES CLAYES SOUS BOIS,3
Émerainville,77184,7690,6.9,TransakAuto,Agence CHELLES,8
Bidart,64210,7689,0.9,TransakAuto,Agence BIDART &#8211; SAINT-JEAN-DE-LUZ,3
Machecoul-Saint-Même,44270,7689,19.1,TransakAuto,Agence CHALLANS,1
Langon,33210,7674,16.2,TransakAuto,Agence LANGON,1
Villars,42390,7664,4.2,TransakAuto,Agence SAINT ETIENNE,3
Bourg-Saint-Andéol,07700,7661,10.8,TransakAuto,Agence BOLLENE,2
Biguglia,20620,7642,5.5,TransakAuto,Agence BASTIA,1
Hasparren,64240,7626,18.2,TransakAuto,Agence ANGLET,2
Saint-Prix,95390,7612,5.2,AgenceAuto,la-croix-verte,8
Déols,36130,7600,3.7,TransakAuto,Agence CHATEAUROUX,2
Saint-Maixent-l'École,79400,7595,14.0,TransakAuto,"Agence NAMUR, BELGIQUE",2
Loireauxence,44370,7587,12.6,TransakAuto,Agence ANCENIS,1
Auxonne,21130,7581,13.4,AgenceAuto,dole,1
Saint-Péray,07130,7580,7.7,Simplicicar,valence,2
Sausset-les-Pins,13960,7574,12.5,TransakAuto,Agence MARIGNANE,2
Rosporden,29140,7550,18.9,TransakAuto,Agence QUIMPER,2
Faverges-Seythenex,74210,7545,10.3,TransakAuto,Agence ALBERTVILLE,1
Saint-Apollinaire,21850,7544,0.3,Simplicicar,dijon,3
Melesse,35520,7541,5.8,TransakAuto,Agence RENNES OUEST,2
Sucé-sur-Erdre,44240,7539,16.7,TransakAuto,Agence NANTES NORD,1
Jaunay-Marigny,86130,7528,16.5,TransakAuto,Agence POITIERS,1
Villard-Bonnot,38190,7509,3.1,TransakAuto,Agence GRENOBLE EST,3
Crozon,29160,7499,19.5,AgenceAuto,brest,1
Huningue,68330,7487,3.8,AgenceAuto,saint-louis,2
Saint-Berthevin,53940,7479,2.5,TransakAuto,Agence LAVAL,1
Saint-Germain-lès-Corbeil,91250,7469,5.3,TransakAuto,Agence LIEUSAINT,7
Pordic,22590,7454,9.6,AgenceAuto,saint-brieuc,2
Toulouges,66350,7450,5.8,TransakAuto,Agence PERPIGNAN NORD SAINT ESTEVE,2
Fabrègues,34690,7447,6.8,TransakAuto,Agence MONTPELLIER,4
Saujon,17600,7440,6.1,Simplicicar,royan,1
Chaumes-en-Retz,44320,7440,15.5,AgenceAuto,pornic,2
Saint-Didier-au-Mont-d'Or,69370,7435,6.5,AgenceAuto,lyon-nord,9
Soisy-sur-Seine,91450,7418,8.4,TransakAuto,Agence LIEUSAINT,7
Yssingeaux,43200,7415,16.2,Simplicicar,puy-en-velay,1
Lagnieu,01150,7411,10.9,Simplicicar,meximieux,3
Gières,38610,7376,7.3,TransakAuto,Agence GRENOBLE OUEST,3
Saint-Benoît,86280,7375,5.1,TransakAuto,Agence POITIERS,1
Lisses,91090,7373,10.5,TransakAuto,Agence LIEUSAINT,6
Trélissac,24750,7372,8.9,TransakAuto,Agence PERIGUEUX,1
Saint-Nicolas-de-Port,54210,7359,8.2,AgenceAuto,nancy,3
Cournonterral,34660,7359,9.0,TransakAuto,Agence SETE,4
Audun-le-Tiche,57390,7356,15.7,TransakAuto,Agence THIONVILLE,1
Fresnes-sur-Escaut,59970,7354,9.4,TransakAuto,Agence VALENCIENNES,2
Pontcharra,38530,7350,19.3,AgenceAuto,grenoble,2
Lanton,33138,7337,17.9,TransakAuto,Agence ARCACHON,1
Perros-Guirec,22700,7336,11.6,AgenceAuto,lannion,1
Villemoisson-sur-Orge,91360,7332,5.5,AgenceAuto,athis-mons,7
Barlin,62620,7331,4.7,TransakAuto,Agence BETHUNE,2
Courtry,77181,7330,4.5,TransakAuto,Agence CHELLES,6
Rosny-sur-Seine,78710,7328,5.1,TransakAuto,Agence MANTES-LA-JOLIE,4
Gournay-sur-Marne,93460,7320,4.2,TransakAuto,Agence CHELLES,8
Courdimanche,95800,7311,3.2,AgenceAuto,cergy-pontoise,6
Moyeuvre-Grande,57250,7311,6.4,TransakAuto,Agence SAINT-DIZIER,3
Saint-Christol-lez-Alès,30380,7310,0.6,TransakAuto,Agence ALES,1
Nanteuil-lès-Meaux,77100,7308,3.5,TransakAuto,Agence MEAUX,2
Ensisheim,68190,7306,7.7,AgenceAuto,mulhouse,2
Le Pian-Médoc,33290,7292,10.2,TransakAuto,Agence BORDEAUX EYSINES,5
Roquefort-les-Pins,06330,7292,10.6,TransakAuto,Agence NICE OUEST,8
Vizille,38220,7292,13.9,TransakAuto,Agence GRENOBLE OUEST,1
La Ferté-Saint-Aubin,45240,7284,19.2,TransakAuto,Agence VIERZON,2
Montoir-de-Bretagne,44550,7282,11.0,TransakAuto,Agence SAINT-NAZAIRE,1
Le Mesnil-Saint-Denis,78320,7276,9.4,TransakAuto,Agence LES CLAYES SOUS BOIS,3
Salazie,97433,7268,18.0,TransakAuto,"Agence SAINT-ANDRE, REUNION",2
Waziers,59119,7266,5.4,TransakAuto,Agence DOUAI,2
La Gaude,06610,7265,4.1,TransakAuto,Agence NICE OUEST,6
Saint-Pée-sur-Nivelle,64310,7264,9.4,TransakAuto,Agence BIDART &#8211; SAINT-JEAN-DE-LUZ,3
Vendargues,34740,7262,1.2,AgenceAuto,montpellier-est,4
Orgeval,78630,7252,2.5,TransakAuto,Agence CHAMBOURCY,8
Divatte-sur-Loire,44450,7252,17.3,TransakAuto,Agence ANCENIS,1
Colombelles,14460,7243,1.0,TransakAuto,Agence CAEN,1
Mably,42300,7233,3.7,TransakAuto,Agence ROANNE,1
Herbignac,44410,7224,16.9,TransakAuto,Agence SAINT-NAZAIRE,1
Chauray,79180,7221,3.1,TransakAuto,"Agence NAMUR, BELGIQUE",2
Les Trois-Bassins,97426,7221,18.4,TransakAuto,"Agence ETANG-SALE, REUNION",1
Caudan,56850,7206,6.8,Simplicicar,lorient,2
Kervignac,56700,7204,9.0,TransakAuto,Agence LORIENT,2
Écouen,95440,7202,7.5,AgenceAuto,la-croix-verte,5
Templeuve-en-Pévèle,59242,7202,8.9,TransakAuto,Agence SECLIN,5
Aubigny-Les Clouzeaux,85430,7191,5.1,TransakAuto,Agence LA ROCHE SUR YON,1
Labenne,40530,7183,3.0,TransakAuto,Agence CAPBRETON,3
Montauroux,83440,7183,11.0,TransakAuto,Agence GRASSE,2
Entre-Deux,97414,7176,14.6,TransakAuto,"Agence ETANG-SALE, REUNION",1
Pleurtuit,35730,7167,9.1,TransakAuto,Agence SAINT-MALO,2
Égly,91520,7166,14.8,TransakAuto,Agence ETAMPES,4
Saint-Ismier,38330,7165,5.6,AgenceAuto,grenoble,3
Eckbolsheim,67201,7157,5.9,AgenceAuto,strasbourg-nord,3
Ugine,73400,7154,14.1,TransakAuto,Agence ALBERTVILLE,1
Wissous,91320,7151,0.2,TransakAuto,Agence WISSOUS,9
Balaruc-les-Bains,34540,7139,4.6,AgenceAuto,sete,3
La Talaudière,42350,7133,2.4,TransakAuto,Agence SAINT ETIENNE,3
Eyguières,13430,7119,10.2,Simplicicar,salon,1
Guingamp,22200,7111,15.4,TransakAuto,Agence BEGARD,1
Viriat,01440,7102,4.6,TransakAuto,Agence BOURG-EN-BRESSE,2
Pont-Saint-Martin,44860,7093,2.6,AgenceAuto,nantes-sud-est,2
Auby,59950,7083,5.0,TransakAuto,Agence DOUAI,4
Aulnoy-lez-Valenciennes,59300,7080,4.3,AgenceAuto,valenciennes,2
Villemandeur,45700,7078,5.7,TransakAuto,Agence MONTARGIS,1
Notre-Dame-de-Bondeville,76960,7071,4.1,TransakAuto,Agence ROUEN,2
Grandchamp-des-Fontaines,44119,7062,15.3,TransakAuto,Agence NANTES NORD,1
Leforest,62790,7060,7.8,TransakAuto,Agence DOUAI,4
Barr,67140,7057,16.8,AgenceAuto,selestat,1
Manduel,30129,7044,8.9,AgenceAuto,nimes,4
Binic-Étables-sur-Mer,22520,7041,14.5,AgenceAuto,saint-brieuc,2
Jurançon,64110,7040,4.7,TransakAuto,Agence PAU,2
Épône,78680,7031,2.1,AgenceAuto,epone,4
Uckange,57270,7021,10.8,TransakAuto,Agence THIONVILLE,3
Sathonay-Camp,69580,7019,0.5,AgenceAuto,lyon-nord,9
Saint-André-des-Eaux,44117,7013,3.3,TransakAuto,Agence SAINT-NAZAIRE,1
Trévoux,01600,7013,6.7,Simplicicar,lyon-nord,5
Soultz-Haut-Rhin,68360,7012,18.3,AgenceAuto,mulhouse-sud,2
Sainte-Adresse,76310,7004,8.8,TransakAuto,Agence LE HAVRE,1
Castelnau-d'Estrétefonds,31620,7003,6.6,TransakAuto,Agence FRONTON,2
Saint-Rambert-d'Albon,26140,7001,11.2,TransakAuto,Agence DAVEZIEUX,1
Marsillargues,34590,6988,7.5,TransakAuto,Agence LUNEL,3
Étréchy,91580,6986,5.2,TransakAuto,Agence ETAMPES,1
Saint-Bonnet-de-Mure,69720,6984,5.6,Simplicicar,st-priest,8
Bailly-Romainvilliers,77700,6980,5.4,AgenceAuto,chessy,4
Bétheny,51450,6975,3.2,TransakAuto,Agence REIMS,2
Valognes,50700,6969,16.8,TransakAuto,Agence CHERBOURG-EN-COTENTIN,1
Fontaines-sur-Saône,69270,6957,2.3,AgenceAuto,lyon-nord,9
Cognin,73160,6954,4.2,Simplicicar,aix-les-bains,2
Luisant,28600,6945,0.7,TransakAuto,Agence CHARTRES,1
Houdain,62150,6945,5.3,TransakAuto,Agence BETHUNE,1
Saint-Pol-de-Léon,29250,6941,15.4,TransakAuto,Agence MORLAIX,1
Plédran,22960,6933,6.8,AgenceAuto,saint-brieuc,3
Bourbourg,59630,6931,12.3,TransakAuto,Agence DUNKERQUE,3
Sénas,13560,6925,12.4,Simplicicar,salon,1
Escalquens,31750,6924,4.9,AgenceAuto,toulouse-sud-est-labege,6
Jacou,34830,6924,5.0,AgenceAuto,montpellier-est,4
Lésigny,77150,6923,5.7,TransakAuto,Agence BRIE-COMTE-ROBERT,10
Lucciana,20290,6923,13.9,TransakAuto,Agence BASTIA,1
Changé,72560,6911,8.4,TransakAuto,Agence LE MANS,1
Cadaujac,33140,6909,1.2,TransakAuto,Agence CADAUJAC,6
Trans-en-Provence,83720,6905,5.0,TransakAuto,Agence DRAGUIGNAN,1
Montluel,01120,6895,10.8,TransakAuto,Agence LYON EST,8
Saint-Maurice-l'Exil,38550,6889,16.4,TransakAuto,Agence DAVEZIEUX,3
Castries,34160,6883,2.3,AgenceAuto,montpellier-est,4
Acigné,35690,6874,14.0,AgenceAuto,rennes-nord,2
Carnoux-en-Provence,13470,6873,5.8,Simplicicar,la-ciotat,1
Veigné,37250,6865,2.3,Simplicicar,tours,3
Auvers-sur-Oise,95430,6863,3.5,TransakAuto,Agence CERGY,6
Le Controis-en-Sologne,41120,6860,19.4,TransakAuto,Agence BLOIS,1
Noyelles-sous-Lens,62221,6854,3.9,TransakAuto,Agence LENS,6
Lutterbach,68460,6851,3.1,AgenceAuto,mulhouse-sud,2
Le Coteau,42120,6845,5.7,TransakAuto,Agence ROANNE,1
Domène,38420,6835,8.7,TransakAuto,Agence GRENOBLE EST,3
Laudun-l'Ardoise,30290,6835,13.2,TransakAuto,Agence ORANGE,1
Chabeuil,26120,6833,6.1,TransakAuto,Agence VALENCE,3
Saint-Thibault-des-Vignes,77400,6831,4.3,TransakAuto,Agence CHELLES,8
Les Essarts-le-Roi,78690,6831,11.5,TransakAuto,Agence RAMBOUILLET,2
Montfort-sur-Meu,35160,6810,18.0,Simplicicar,rennes,3
Quesnoy-sur-Deûle,59890,6805,4.7,TransakAuto,Agence LILLE,6
Caussade,82300,6803,9.8,AgenceAuto,montauban,1
Loos-en-Gohelle,62750,6799,4.9,TransakAuto,Agence LENS,4
Poussan,34560,6797,3.1,TransakAuto,Agence SETE,4
Beuvrages,59192,6796,2.3,TransakAuto,Agence VALENCIENNES,2
Douvaine,74140,6796,9.1,TransakAuto,Agence THONON-LES-BAINS,3
Ploeren,56880,6790,5.5,AgenceAuto,vannes,3
Liancourt,60140,6785,10.1,TransakAuto,Agence SAINT MAXIMIN,3
Brindas,69126,6775,5.6,TransakAuto,Agence LYON OUEST,7
Divion,62460,6766,5.7,TransakAuto,Agence BETHUNE,1
Puilboreau,17138,6765,4.1,TransakAuto,Agence LA ROCHELLE / AYTRE,1
Saint-Julien-les-Villas,10800,6760,7.1,AgenceAuto,troyes,3
Merville,31330,6760,10.3,Simplicicar,toulouse-nord,5
Cambo-les-Bains,64250,6760,15.7,AgenceAuto,biarritz-bab,3
Plouguerneau,29880,6755,19.8,TransakAuto,Agence BREST,1
Moëlan-sur-Mer,29350,6749,17.8,Simplicicar,lorient,1
Meyreuil,13590,6747,9.7,TransakAuto,Agence AIX EN PROVENCE SUD,3
Gaillon,27600,6746,11.7,Simplicicar,vernon,2
Itteville,91760,6746,15.8,TransakAuto,Agence ETAMPES,1
Saint-Alban-Leysse,73230,6734,5.4,TransakAuto,Agence CHAMBERY,2
Saulx-les-Chartreux,91160,6733,2.9,AgenceAuto,palaiseau,6
Saint-Victoret,13730,6730,1.6,Simplicicar,marignane,3
Le Péage-de-Roussillon,38550,6718,14.7,TransakAuto,Agence DAVEZIEUX,2
Othis,77280,6717,6.5,TransakAuto,Agence DAMMARTIN EN GOELE,1
Feignies,59750,6703,3.1,TransakAuto,Agence MAUBEUGE,1
Vigneux-de-Bretagne,44360,6692,11.5,TransakAuto,Agence NANTES NORD,1
Vallons-de-l'Erdre,44540,6692,15.7,TransakAuto,Agence ANCENIS,1
Inzinzac-Lochrist,56650,6691,14.9,Simplicicar,lorient,2
Fronton,31620,6671,6.2,TransakAuto,Agence FRONTON,3
Meung-sur-Loire,45130,6670,13.8,Simplicicar,orleans,1
Montech,82700,6663,8.2,TransakAuto,Agence MONTAUBAN,2
Cassis,13260,6661,4.1,Simplicicar,la-ciotat,1
Chalonnes-sur-Loire,49290,6659,16.9,Simplicicar,angers,1
Thônes,74230,6654,19.0,Simplicicar,annecy,2
Châtelaillon-Plage,17340,6653,11.5,TransakAuto,Agence LA ROCHELLE / AYTRE,1
Elven,56250,6651,12.0,TransakAuto,Agence VANNES,3
Gignac,34150,6651,20.0,TransakAuto,Agence SETE,1
La Bassée,59480,6650,13.2,TransakAuto,Agence LENS,4
Grenay,62160,6644,6.4,TransakAuto,Agence LENS,4
Honfleur,14600,6640,12.0,TransakAuto,Agence LE HAVRE,2
Gigean,34770,6639,2.0,TransakAuto,Agence SETE,4
Laneuveville-devant-Nancy,54410,6630,4.4,AgenceAuto,nancy,3
Lentilly,69210,6623,3.7,TransakAuto,Agence CALUIRE-ET-CUIRE,8
Sury-le-Comtal,42450,6621,8.0,Simplicicar,moto-veauche,3
Canohès,66680,6616,7.7,TransakAuto,Agence PERPIGNAN NORD SAINT ESTEVE,2
Loriol-sur-Drôme,26270,6614,17.2,TransakAuto,Agence VALENCE,1
La Penne-sur-Huveaune,13821,6605,9.8,Simplicicar,la-ciotat,1
Bouffémont,95570,6593,2.5,AgenceAuto,la-croix-verte,7
Ceyrat,63122,6592,4.1,TransakAuto,Agence CLERMONT FERRAND SUD,1
Chasse-sur-Rhône,38670,6588,6.0,Simplicicar,vienne,7
Furiani,20600,6585,1.8,TransakAuto,Agence BASTIA,1
Labarthe-sur-Lèze,31860,6585,3.6,Simplicicar,toulouse-sud,4
Labruguière,81290,6584,12.5,TransakAuto,Agence CASTRES,1
Bouchemaine,49080,6580,4.2,Simplicicar,angers,3
Gémenos,13420,6579,10.2,Simplicicar,la-ciotat,1
Longuenée-en-Anjou,49220,6571,10.2,Simplicicar,angers,3
Thoiry,01710,6569,4.6,TransakAuto,Agence GEX,2
Le Lorrain,97214,6566,19.8,AgenceAuto,martinique,1
Saint-Juéry,81160,6564,7.6,TransakAuto,Agence ALBI,1
Longué-Jumelles,49160,6564,18.6,TransakAuto,Agence SAUMUR,1
Saint-Jean-Bonnefonds,42650,6563,3.3,TransakAuto,Agence SAINT ETIENNE,3
Champigneulles,54250,6551,9.4,Simplicicar,nancy,3
Eaunes,31600,6539,2.3,TransakAuto,Agence EAUNES,3
La Chevrolière,44118,6539,4.6,AgenceAuto,nantes-sud-est,2
Marange-Silvange,57535,6539,8.3,TransakAuto,Agence SAINT-DIZIER,2
L'Arbresle,69210,6537,8.1,TransakAuto,Agence CALUIRE-ET-CUIRE,3
Saint-Alban,31140,6534,1.6,Simplicicar,toulouse-nord,6
La Mulatière,69350,6534,3.1,TransakAuto,Agence LYON OUEST,9
Cormontreuil,51350,6534,6.6,Simplicicar,reims,2
Ondres,40440,6533,6.9,TransakAuto,Agence CAPBRETON,4
Bon-Encontre,47240,6530,11.6,TransakAuto,Agence AGEN,1
Neuves-Maisons,54230,6524,5.3,TransakAuto,Agence NANCY,3
Chatuzange-le-Goubet,26300,6523,5.3,TransakAuto,Agence ROMANS SUR ISERE,3
Ploudalmézeau,29830,6522,19.6,TransakAuto,Agence BREST,1
Limours,91470,6517,14.8,AgenceAuto,palaiseau,3
Marignier,74970,6507,7.7,TransakAuto,Agence SALLANCHES,3
Les Trois-Îlets,97229,6507,11.0,AgenceAuto,martinique,1
La Montagne,44620,6505,5.2,TransakAuto,Agence NANTES NORD,2
Changé,53810,6502,5.6,TransakAuto,Agence LAVAL,1
Gouesnou,29850,6501,2.0,TransakAuto,Agence BREST,3
Eu,76260,6499,4.0,TransakAuto,"Agence MONS, BELGIQUE",1
Champagne-sur-Seine,77430,6497,4.8,TransakAuto,Agence FONTAINEBLEAU,1
Calvisson,30420,6486,10.6,Simplicicar,vauvert,5
Longpont-sur-Orge,91310,6482,8.4,AgenceAuto,palaiseau,4
Villers-Saint-Paul,60870,6480,6.0,TransakAuto,Agence SAINT MAXIMIN,3
Le Perray-en-Yvelines,78610,6480,8.7,TransakAuto,Agence RAMBOUILLET,2
Saint-Pathus,77178,6479,3.6,TransakAuto,Agence DAMMARTIN EN GOELE,2
Grézieu-la-Varenne,69290,6472,7.7,TransakAuto,Agence LYON OUEST,7
Saint-Priest-en-Jarez,42270,6471,3.0,TransakAuto,Agence SAINT ETIENNE,3
Vezin-le-Coquet,35132,6471,5.4,AgenceAuto,rennes-nord,3
Cuincy,59553,6467,0.7,TransakAuto,Agence DOUAI,5
Saint-Florent-sur-Cher,18400,6463,17.1,TransakAuto,Agence BOURGES,1
Entrelacs,73410,6461,17.8,AgenceAuto,annecy,2
Saint-Laurent-Blangy,62223,6459,1.7,Simplicicar,arras,4
Plonéour-Lanvern,29720,6452,15.1,AgenceAuto,quimper,2
Sciez,74140,6447,4.1,TransakAuto,Agence THONON-LES-BAINS,3
Louhans-Châteaurenaud,71500,6446,1.8,AgenceAuto,louhans,1
Péronnas,01960,6444,4.0,AgenceAuto,bourg-en-bresse,2
Frouard,54390,6444,13.3,Simplicicar,nancy,3
Bonsecours,76240,6442,5.9,TransakAuto,Agence ROUEN,2
Courthézon,84350,6426,6.6,TransakAuto,Agence ORANGE,2
La Tronche,38700,6424,4.9,TransakAuto,Agence GRENOBLE OUEST,3
Auneau-Bleury-Saint-Symphorien,28700,6419,14.2,TransakAuto,Agence RAMBOUILLET,1
Saint-Rémy,71100,6410,4.4,TransakAuto,Agence CHALON-SUR-SAONE,2
Mûrs-Erigné,49610,6408,9.1,AgenceAuto,angers,3
Jœuf,54240,6392,4.0,TransakAuto,Agence SAINT-DIZIER,2
Bréal-sous-Montfort,35310,6391,8.5,Simplicicar,rennes,3
Saint-Jorioz,74410,6390,8.9,AgenceAuto,annecy,3
Magnanville,78200,6383,3.6,TransakAuto,Agence MANTES-LA-JOLIE,4
Mehun-sur-Yèvre,18500,6380,10.9,TransakAuto,Agence BOURGES,1
Izon,33450,6374,10.5,TransakAuto,Agence LIBOURNE,3
Plescop,56890,6362,6.5,AgenceAuto,vannes,3
Ambilly,74100,6355,3.4,AgenceAuto,annemasse,6
Nandy,77176,6350,4.3,TransakAuto,Agence LIEUSAINT,3
Villemur-sur-Tarn,31340,6345,16.0,TransakAuto,Agence FRONTON,2
Bons-en-Chablais,74890,6343,6.4,TransakAuto,Agence THONON-LES-BAINS,3
Le Mesnil-le-Roi,78600,6332,5.9,TransakAuto,Agence SARTROUVILLE,11
Saint-Cyr-au-Mont-d'Or,69450,6327,5.2,AgenceAuto,lyon-nord,9
Dompierre-sur-Mer,17139,6315,1.3,TransakAuto,Agence LA ROCHELLE / AYTRE,1
Champagne-au-Mont-d'Or,69410,6311,6.3,TransakAuto,Agence CALUIRE-ET-CUIRE,9
Thyez,74300,6309,4.6,TransakAuto,Agence SALLANCHES,2
Vaugneray,69670,6304,9.6,TransakAuto,Agence LYON OUEST,5
Pont-de-Chéruy,38230,6302,1.4,Simplicicar,nord-isere,5
Bonchamp-lès-Laval,53960,6302,8.6,TransakAuto,Agence LAVAL,1
Châtel-Guyon,63140,6299,19.3,TransakAuto,Agence CLERMONT FERRAND SUD,1
Milhaud,30540,6297,4.3,Simplicicar,nimes,4
Louvroil,59720,6294,2.3,TransakAuto,Agence MAUBEUGE,1
Esvres,37320,6294,6.8,Simplicicar,tours,3
Vouneuil-sous-Biard,86580,6290,3.4,TransakAuto,Agence POITIERS,1
Lallaing,59167,6287,9.6,TransakAuto,Agence DOUAI,1
Migné-Auxances,86440,6285,5.4,TransakAuto,Agence POITIERS,1
Mazan,84380,6285,16.9,TransakAuto,Agence L&rsquo;ISLE SUR LA SORGUE,1
Mornant,69440,6282,10.2,Simplicicar,lyon-ouest,3
Solliès-Toucas,83210,6269,14.5,TransakAuto,Agence TOULON,2
Noyal-sur-Vilaine,35530,6269,16.5,AgenceAuto,rennes-nord,2
Châtenoy-le-Royal,71880,6267,0.8,TransakAuto,Agence CHALON-SUR-SAONE,2
Pluneret,56400,6262,13.0,AgenceAuto,vannes,3
Saint-Pryvé-Saint-Mesmin,45750,6256,1.6,Simplicicar,orleans,2
Homécourt,54310,6254,2.9,TransakAuto,Agence SAINT-DIZIER,2
Mer,41500,6250,16.5,TransakAuto,Agence BLOIS,1
Jassans-Riottier,01480,6247,5.4,TransakAuto,Agence VILLEFRANCHE SUR SAONE,5
Bellevigny,85170,6240,17.7,TransakAuto,Agence LA ROCHE SUR YON,1
Saint-Martin-de-Seignanx,40390,6238,8.4,TransakAuto,Agence CAPBRETON,4
Cuges-les-Pins,13780,6236,11.7,Simplicicar,la-ciotat,1
Malaunay,76770,6221,7.1,TransakAuto,Agence ROUEN,2
Pont-Évêque,38780,6213,1.8,TransakAuto,Agence VIENNE,2
Saint-Marcel,71380,6211,2.9,AgenceAuto,chalon-sur-saone,2
Bruguières,31150,6202,4.9,Simplicicar,toulouse-nord,5
Horbourg-Wihr,68180,6199,5.1,Simplicicar,colmar,1
Saint-Quentin-Fallavier,38070,6189,12.8,TransakAuto,Agence BOURGOIN-JAILLEU,5
Saint-Symphorien-d'Ozon,69360,6186,8.8,Simplicicar,lyon-ouest,7
Menucourt,95180,6184,5.7,AgenceAuto,cergy-pontoise,6
Prades-le-Lez,34730,6184,9.8,AgenceAuto,montpellier-est,4
Thue et Mue,14210,6182,18.7,TransakAuto,Agence CAEN,1
Saint-Genest-Lerpt,42530,6181,5.8,TransakAuto,Agence SAINT ETIENNE,3
Saint-Marcel-lès-Valence,26320,6176,6.2,Simplicicar,valence,3
Feytiat,87220,6176,8.0,AgenceAuto,limoges,2
Saint-Mitre-les-Remparts,13920,6175,17.9,TransakAuto,Agence MARIGNANE,1
Octeville-sur-Mer,76930,6172,7.4,TransakAuto,Agence LE HAVRE,1
Franqueville-Saint-Pierre,76520,6171,9.7,TransakAuto,Agence ROUEN,2
Mallemort,13370,6166,13.2,Simplicicar,salon,1
Aurec-sur-Loire,43110,6164,18.9,TransakAuto,Agence SAINT ETIENNE,2
Marennes-Hiers-Brouage,17320,6163,19.5,Simplicicar,royan,1
Le Diamant,97223,6161,17.4,AgenceAuto,martinique,1
Saint-Denis-lès-Bourg,01000,6160,1.3,AgenceAuto,bourg-en-bresse,2
Fayence,83440,6157,18.7,TransakAuto,Agence DRAGUIGNAN,2
Oraison,04700,6155,15.7,TransakAuto,Agence MANOSQUE,1
Jonage,69330,6144,9.6,Simplicicar,st-priest,8
Dourges,62119,6139,8.3,TransakAuto,Agence DOUAI,4
Vendenheim,67550,6137,2.5,TransakAuto,Agence STRASBOURG NORD,3
Quint-Fonsegrives,31130,6133,4.4,AgenceAuto,toulouse-sud-est-labege,5
Palavas-les-Flots,34250,6133,7.8,Simplicicar,montpellier,5
Le Barcarès,66420,6109,17.4,TransakAuto,Agence PERPIGNAN NORD SAINT ESTEVE,1
Blainville-sur-Orne,14550,6106,4.2,TransakAuto,Agence CAEN,1
Ostricourt,59162,6097,9.5,TransakAuto,Agence DOUAI,4
Saint-Cannat,13760,6097,13.4,TransakAuto,Agence AIX EN PROVENCE NORD,5
Haute-Goulaine,44115,6095,13.7,AgenceAuto,nantes-sud-est,2
Pecquencourt,59146,6092,12.8,TransakAuto,Agence DOUAI,3
Fouquières-lès-Lens,62740,6087,6.0,TransakAuto,Agence LENS,6
Pierrefeu-du-Var,83390,6084,15.5,TransakAuto,Agence BRIGNOLES,1
Maule,78580,6083,6.9,AgenceAuto,epone,4
Hersin-Coupigny,62530,6082,6.8,TransakAuto,Agence BETHUNE,2
Noves,13550,6080,10.8,TransakAuto,Agence AVIGNON,2
Saint-Martin-le-Vinoux,38950,6078,4.1,TransakAuto,Agence GRENOBLE OUEST,3
Mesnils-sur-Iton,27160,6078,17.2,TransakAuto,Agence EVREUX,1
Esbly,77450,6072,4.2,AgenceAuto,chessy,4
Bois-le-Roi,77590,6072,15.1,TransakAuto,Agence FONTAINEBLEAU,2
Bouillargues,30230,6070,3.8,AgenceAuto,nimes,5
Saint-Jean-de-Boiseau,44640,6067,6.6,TransakAuto,Agence NANTES NORD,2
Beauvoisin,30640,6066,4.7,Simplicicar,vauvert,4
Gévezé,35850,6061,6.6,TransakAuto,Agence RENNES OUEST,3
Mondonville,31700,6060,7.2,TransakAuto,Agence TOULOUSE OUEST,6
Mortagne-sur-Sèvre,85290,6057,4.1,TransakAuto,Agence CHOLET,1
Luc-la-Primaube,12450,6046,7.7,TransakAuto,Agence RODEZ,3
Le Castellet,83330,6040,12.2,TransakAuto,Agence TOULON,2
Jouars-Pontchartrain,78760,6039,6.7,TransakAuto,Agence LES CLAYES SOUS BOIS,4
Pavilly,76570,6029,10.6,AgenceAuto,yerville,3
Marly-la-Ville,95670,6022,15.3,AgenceAuto,la-croix-verte,5
Trith-Saint-Léger,59125,6019,2.3,AgenceAuto,valenciennes,2
Commentry,03600,6017,15.3,TransakAuto,Agence MONTLUCON,1
Vexin-sur-Epte,27420,6015,8.5,AgenceAuto,vernon,3
Donzère,26290,6008,7.2,TransakAuto,Agence MONTELIMAR,2
Clapiers,34830,6006,7.3,AgenceAuto,montpellier-est,4
Saint-Mandrier-sur-Mer,83430,6000,8.7,TransakAuto,Agence TOULON,1
Noyelles-Godault,62950,5994,6.0,TransakAuto,Agence DOUAI,6
La Verrière,78320,5994,8.0,TransakAuto,Agence LES CLAYES SOUS BOIS,3
Fontenay-Trésigny,77610,5994,10.8,AgenceAuto,gretz-armainvilliers,2
Ablon-sur-Seine,94480,5988,3.2,TransakAuto,Agence THIAIS,10
Condé-en-Normandie,14110,5985,12.5,TransakAuto,Agence FLERS,1
Corbie,80800,5982,19.3,TransakAuto,Agence AMIENS,2
Aubignan,84810,5981,17.0,TransakAuto,Agence ORANGE,2
Benfeld,67230,5973,15.0,AgenceAuto,selestat,2
Marnaz,74460,5964,4.3,TransakAuto,Agence SALLANCHES,2
Roost-Warendin,59286,5956,6.2,TransakAuto,Agence DOUAI,4
Blanzy,71450,5955,3.2,AgenceAuto,montceau-les-mines,1
Saint-Denis-de-Pile,33910,5955,9.5,TransakAuto,Agence LIBOURNE,1
Villennes-sur-Seine,78670,5952,3.5,TransakAuto,Agence CHAMBOURCY,8
Loon-Plage,59279,5952,9.6,AgenceAuto,dunkerque,3
Vias,34450,5952,18.3,TransakAuto,Agence BEZIERS,1
Ciboure,64500,5951,9.5,TransakAuto,Agence BIDART &#8211; SAINT-JEAN-DE-LUZ,3
Quiévrechain,59920,5949,12.8,AgenceAuto,valenciennes,2
Sains-en-Gohelle,62114,5948,8.5,TransakAuto,Agence BETHUNE,4
Fleury-sur-Orne,14123,5941,8.6,TransakAuto,Agence CAEN,1
Le Puy-Sainte-Réparade,13610,5935,5.5,TransakAuto,Agence PERTUIS,4
Grand-Champ,56390,5929,12.8,TransakAuto,Agence VANNES,3
Nègrepelisse,82800,5917,0.8,AgenceAuto,montauban,2
Tain-l'Hermitage,26600,5915,17.5,Simplicicar,valence,2
Fontenilles,31470,5906,2.5,AgenceAuto,toulouse-fontenilles,3
Saint-Pierre-d'Irube,64990,5900,5.6,TransakAuto,Agence ANGLET,4
Saint-André-de-la-Roche,06730,5896,6.1,Simplicicar,nice,4
Bricquebec-en-Cotentin,50260,5893,19.8,TransakAuto,Agence CHERBOURG-EN-COTENTIN,1
Aixe-sur-Vienne,87700,5890,11.1,AgenceAuto,limoges,2
Raon-l'Étape,88110,5886,17.5,AgenceAuto,saint-die-des-vosges,1
Saintry-sur-Seine,91250,5882,5.7,TransakAuto,Agence LIEUSAINT,5
Eschau,67114,5878,0.6,Simplicicar,strasbourg,3
Saint-Arnoult-en-Yvelines,78730,5875,9.9,TransakAuto,Agence RAMBOUILLET,1
Grand-Charmont,25200,5873,5.2,AgenceAuto,montbeliard,4
Douvrin,62138,5867,9.9,TransakAuto,Agence LENS,4
Riantec,56670,5865,6.1,TransakAuto,Agence LORIENT,2
La Wantzenau,67610,5864,8.8,TransakAuto,Agence STRASBOURG NORD,3
Oberhausbergen,67205,5857,3.5,AgenceAuto,strasbourg-nord,3
Le Poinçonnet,36330,5855,6.0,TransakAuto,Agence CHATEAUROUX,2
Seloncourt,25230,5854,5.0,AgenceAuto,montbeliard,4
Port-la-Nouvelle,11210,5852,16.2,TransakAuto,Agence NARBONNE,2
Chambourcy,78240,5847,7.1,TransakAuto,Agence CHAMBOURCY,9
Boé,47550,5846,6.9,TransakAuto,Agence AGEN,1
Ludres,54710,5843,0.4,TransakAuto,Agence NANCY,3
Saint-Martin-lez-Tatinghem,62500,5843,3.4,Simplicicar,saint-omer,1
Ventabren,13122,5839,8.8,TransakAuto,Agence AIX EN PROVENCE SUD,6
Garéoult,83136,5835,4.7,TransakAuto,Agence BRIGNOLES,1
Arradon,56610,5835,5.2,AgenceAuto,vannes,3
Kembs,68680,5834,10.8,AgenceAuto,saint-louis,4
Cessy,01170,5832,9.8,AgenceAuto,saint-genis-pouilly,3
Villabé,91100,5830,9.0,TransakAuto,Agence LIEUSAINT,5
Saint-Galmier,42330,5829,5.3,Simplicicar,moto-veauche,3
Dol-de-Bretagne,35120,5829,13.7,AgenceAuto,saint-malo,1
Sillingy,74330,5826,3.4,TransakAuto,Agence ANNECY,3
Annezin,62232,5825,6.1,TransakAuto,Agence BETHUNE,2
Buc,78530,5816,4.6,AgenceAuto,viroflay,8
Briec,29510,5816,12.8,TransakAuto,Agence QUIMPER,2
Nieul-sur-Mer,17137,5811,8.6,TransakAuto,Agence LA ROCHELLE / AYTRE,1
Mouroux,77120,5810,19.3,TransakAuto,Agence MEAUX,1
Viry,74580,5809,13.4,TransakAuto,Agence GEX,2
Algrange,57440,5802,8.9,TransakAuto,Agence THIONVILLE,2
Roquefort-la-Bédoule,13830,5798,4.9,Simplicicar,la-ciotat,1
Sarrians,84260,5792,10.7,TransakAuto,Agence ORANGE,2
Saint-Laurent-de-Mure,69720,5791,8.8,Simplicicar,st-priest,6
Vergèze,30310,5788,4.0,Simplicicar,vauvert,5
Fenouillet,31150,5784,1.5,Simplicicar,toulouse-nord,6
Fegersheim,67640,5780,3.3,Simplicicar,strasbourg,3
Simiane-Collongue,13109,5780,9.2,TransakAuto,Agence AIX EN PROVENCE SUD,4
Magny-en-Vexin,95420,5779,13.8,TransakAuto,Agence GISORS,2
Le Palais-sur-Vienne,87410,5775,4.4,TransakAuto,Agence LIMOGES,2
Peypin,13124,5771,19.1,Simplicicar,la-ciotat,2
Erdre-en-Anjou,49220,5771,19.6,Simplicicar,angers,1
Mazé-Milon,49140,5761,16.4,AgenceAuto,angers,2
Ensuès-la-Redonne,13820,5757,8.1,TransakAuto,Agence MARIGNANE,2
Canéjan,33610,5756,10.0,TransakAuto,Agence CADAUJAC,4
Plouay,56240,5755,17.5,Simplicicar,lorient,1
Flines-lez-Raches,59148,5745,11.3,TransakAuto,Agence DOUAI,3
La Cadière-d'Azur,83740,5739,10.0,Simplicicar,la-ciotat,2
Coursan,11110,5737,10.5,Simplicicar,narbonne,3
Beaucouzé,49070,5732,0.9,Simplicicar,angers,3
Orgères,35230,5732,9.0,Simplicicar,rennes,2
Piolenc,84420,5718,7.8,TransakAuto,Agence ORANGE,2
Épernon,28230,5715,10.0,TransakAuto,Agence RAMBOUILLET,1
Saint-Michel-Chef-Chef,44730,5714,5.1,TransakAuto,Agence PORNIC,3
Saint-Martin-la-Pallu,86110,5713,16.7,TransakAuto,Agence POITIERS,1
Lannilis,29870,5709,16.5,TransakAuto,Agence BREST,3
Marolles-en-Hurepoix,91630,5708,16.3,AgenceAuto,athis-mons,4
Aimargues,30470,5705,7.4,Simplicicar,vauvert,4
Saint-Privat-des-Vieux,30340,5703,8.7,TransakAuto,Agence ALES,1
Carry-le-Rouet,13620,5702,10.2,TransakAuto,Agence MARIGNANE,2
Mondelange,57300,5699,14.5,AgenceAuto,metz,3
Saleilles,66280,5698,3.2,Simplicicar,perpignan,2
Montbonnot-Saint-Martin,38330,5698,8.3,TransakAuto,Agence GRENOBLE EST,3
Valdallière,14350,5696,14.6,TransakAuto,Agence FLERS,1
Marcheprime,33380,5696,16.8,TransakAuto,Agence ARCACHON,1
Mourenx,64150,5695,17.2,TransakAuto,Agence PAU,2
Ligné,44850,5693,14.2,TransakAuto,Agence ANCENIS,1
Altkirch,68130,5687,13.3,AgenceAuto,mulhouse-sud,1
Lèves,28300,5685,6.1,TransakAuto,Agence CHARTRES,1
Dainville,62000,5683,6.7,TransakAuto,Agence ARRAS,3
Longueau,80330,5680,8.8,AgenceAuto,amiens,2
Saint-Xandre,17138,5677,4.7,TransakAuto,Agence LA ROCHELLE / AYTRE,1
Saint-Georges-d'Orques,34680,5676,7.8,TransakAuto,Agence MONTPELLIER,4
Gan,64290,5676,11.8,TransakAuto,Agence PAU,2
Cancale,35260,5672,10.8,TransakAuto,Agence SAINT-MALO,2
Bédarrides,84370,5671,10.8,TransakAuto,Agence ORANGE,3
La Roquette-sur-Siagne,06550,5669,5.3,TransakAuto,Agence CANNES,4
Caumont-sur-Durance,84510,5667,7.3,TransakAuto,Agence L&rsquo;ISLE SUR LA SORGUE,2
Sausheim,68390,5666,1.2,AgenceAuto,mulhouse,2
La Crèche,79260,5662,6.7,TransakAuto,"Agence NAMUR, BELGIQUE",2
Rocbaron,83136,5660,6.0,TransakAuto,Agence BRIGNOLES,1
Sigean,11130,5657,14.1,TransakAuto,Agence NARBONNE,2
Parmain,95620,5655,8.8,TransakAuto,Agence CERGY,6
Chanverrie,85130,5653,9.7,TransakAuto,Agence CHOLET,1
Santes,59211,5652,6.6,AgenceAuto,lille-seclin,5
Montrond-les-Bains,42210,5652,8.5,Simplicicar,moto-veauche,2
Rives-du-Loir-en-Anjou,49140,5644,10.5,TransakAuto,Agence ANGERS,3
Sainghin-en-Weppes,59184,5638,10.3,AgenceAuto,lille-seclin,6
Wallers,59135,5633,5.7,TransakAuto,Agence VALENCIENNES,2
Challes-les-Eaux,73190,5630,9.1,Simplicicar,aix-les-bains,2
Delle,90100,5623,13.7,AgenceAuto,montbeliard,4
La Gorgue,59253,5616,18.7,TransakAuto,Agence BETHUNE,1
Rungis,94150,5611,2.6,TransakAuto,Agence WISSOUS,10
Sauvian,34410,5608,7.4,TransakAuto,Agence BEZIERS,1
La Ville-aux-Dames,37700,5606,6.0,AgenceAuto,tours,3
Ternay,69360,5596,8.3,Simplicicar,lyon-ouest,7
Saint-Martin-d'Uriage,38410,5587,13.0,TransakAuto,Agence GRENOBLE OUEST,3
Genay,69730,5585,1.5,Simplicicar,lyon-nord,8
Wormhout,59470,5584,15.6,TransakAuto,Agence DUNKERQUE,3
Liverdun,54460,5580,15.1,Simplicicar,nancy,3
Ludon-Médoc,33290,5578,10.7,TransakAuto,Agence BORDEAUX RIVE DROITE,5
Saint-Gilles,35590,5576,9.9,TransakAuto,Agence RENNES OUEST,3
Carbonne,31390,5563,16.7,TransakAuto,Agence EAUNES,1
Beaurains,62217,5559,3.6,TransakAuto,Agence ARRAS,3
Le Port-Marly,78560,5559,9.5,AgenceAuto,viroflay,8
Viarmes,95270,5558,9.1,AgenceAuto,la-croix-verte,4
Ambazac,87240,5556,13.3,TransakAuto,Agence LIMOGES,2
Pollestres,66450,5548,8.4,Simplicicar,perpignan,2
Quincy-Voisins,77860,5547,5.4,TransakAuto,Agence MEAUX,3
Baisieux,59780,5545,9.8,AgenceAuto,wasquehal,6
Chazelles-sur-Lyon,42140,5543,10.3,Simplicicar,moto-veauche,3
Nogent-sur-Seine,10400,5537,16.2,TransakAuto,Agence PROVINS,1
Lardy,91510,5530,12.4,TransakAuto,Agence ETAMPES,1
Roquemaure,30150,5529,10.5,TransakAuto,Agence ORANGE,2
Aussillon,81200,5527,19.7,TransakAuto,Agence CASTRES,1
Saint-Sébastien-de-Morsent,27180,5524,6.3,TransakAuto,Agence EVREUX,2
Saint-Mars-du-Désert,44850,5523,19.2,TransakAuto,Agence ANCENIS,1
Les Achards,85150,5518,12.7,TransakAuto,Agence LA ROCHE SUR YON,2
Servian,34290,5517,15.6,TransakAuto,Agence BEZIERS,1
La Garnache,85710,5515,6.8,TransakAuto,Agence CHALLANS,1
Neuville-de-Poitou,86170,5513,12.0,TransakAuto,Agence POITIERS,1
Chevreuse,78460,5502,13.5,TransakAuto,Agence LES CLAYES SOUS BOIS,4
Grans,13450,5489,4.3,Simplicicar,salon,1
Le Boulou,66160,5487,16.9,Simplicicar,perpignan,1
Drap,06340,5484,9.9,Simplicicar,nice,4
Foulayronnes,47510,5476,16.5,TransakAuto,Agence AGEN,1
Étoile-sur-Rhône,26800,5468,6.9,TransakAuto,Agence VALENCE,2
La Roque-d'Anthéron,13640,5459,15.3,TransakAuto,Agence PERTUIS,3
Ollainville,91340,5455,12.1,AgenceAuto,palaiseau,5
La Ferrière,85280,5454,16.6,TransakAuto,Agence LA ROCHE SUR YON,1
Crégy-lès-Meaux,77124,5446,3.5,TransakAuto,Agence MEAUX,3
Arnage,72230,5445,6.0,TransakAuto,Agence LE MANS,1
Saint-Memmie,51470,5441,1.5,AgenceAuto,chalons-en-champagne,1
Fenain,59179,5441,12.5,TransakAuto,Agence VALENCIENNES,3
Saint-Genis-les-Ollières,69290,5439,5.5,TransakAuto,Agence LYON OUEST,9
Roques,31120,5436,3.4,Simplicicar,toulouse-sud,7
Marsannay-la-Côte,21160,5433,8.8,TransakAuto,Agence DIJON,3
Mouguerre,64990,5428,8.4,TransakAuto,Agence ANGLET,4
Wervicq-Sud,59117,5426,5.1,TransakAuto,Agence TOURCOING,4
Rousset,13790,5425,16.4,AgenceAuto,aix-en-provence,3
Flers-en-Escrebieux,59128,5424,3.5,TransakAuto,Agence DOUAI,4
Aiffres,79230,5419,4.1,TransakAuto,Agence NIORT,2
Reichshoffen,67110,5418,13.4,TransakAuto,Agence HAGUENAU,1
Lacroix-Saint-Ouen,60610,5415,4.4,Simplicicar,compiegne,3
Le Cendre,63670,5415,7.2,TransakAuto,Agence CLERMONT FERRAND SUD,1
Heillecourt,54180,5414,1.2,AgenceAuto,nancy,3
Marles-les-Mines,62540,5411,5.3,TransakAuto,Agence BETHUNE,1
Peyrolles-en-Provence,13860,5409,8.4,TransakAuto,Agence PERTUIS,3
Saint-Pierre-lès-Nemours,77140,5401,17.4,TransakAuto,Agence FONTAINEBLEAU,1
Plouhinec,56680,5400,11.9,TransakAuto,Agence LORIENT,2
Bordères-sur-l'Échez,65320,5399,5.7,TransakAuto,Agence TARBES,1
Vic-le-Comte,63270,5396,15.2,TransakAuto,Agence CLERMONT FERRAND SUD,1
Drusenheim,67410,5388,16.6,TransakAuto,Agence HAGUENAU,1
Charbonnières-les-Bains,69260,5383,5.8,TransakAuto,Agence CALUIRE-ET-CUIRE,9
Garons,30128,5381,5.1,AgenceAuto,nimes,5
Cormelles-le-Royal,14123,5377,5.3,TransakAuto,Agence CAEN,1
Levens,06670,5377,16.9,Simplicicar,nice,3
Cruseilles,74350,5376,12.4,TransakAuto,Agence ANNECY,3
Saint-Astier,24110,5376,13.0,TransakAuto,Agence PERIGUEUX,1
Calonne-Ricouart,62470,5369,6.7,TransakAuto,Agence BETHUNE,1
Trèbes,11800,5361,12.4,Simplicicar,carcassonne,2
Reyrieux,01600,5358,5.1,Simplicicar,lyon-nord,5
Parigné-l'Évêque,72250,5358,14.9,TransakAuto,Agence LE MANS,1
Bléré,37150,5352,19.7,AgenceAuto,tours,1
Chagny,71150,5350,11.7,TransakAuto,Agence CHALON-SUR-SAONE,3
Mériel,95630,5347,6.5,AgenceAuto,la-croix-verte,6
Bretignolles-sur-Mer,85470,5344,17.8,TransakAuto,Agence LES SABLES D&rsquo;OLONNE,1
Erquinghem-Lys,59193,5341,15.1,TransakAuto,Agence LILLE,5
Idron,64320,5340,9.2,TransakAuto,Agence PAU,2
Dechy,59187,5338,6.7,TransakAuto,Agence DOUAI,1
La Balme-de-Sillingy,74330,5336,4.0,TransakAuto,Agence ANNECY,3
Plessé,44630,5335,19.2,TransakAuto,Agence REDON,1
Mundolsheim,67450,5322,1.3,TransakAuto,Agence STRASBOURG NORD,3
Le Pellerin,44640,5319,14.3,TransakAuto,Agence NANTES NORD,1
Mouy,60250,5319,14.8,Simplicicar,st-maximin,4
Gambsheim,67760,5312,12.6,TransakAuto,Agence STRASBOURG NORD,3
Bethoncourt,25200,5308,5.0,AgenceAuto,hericourt,4
Barberaz,73000,5306,6.3,Simplicicar,aix-les-bains,2
Vindry-sur-Turdine,69490,5305,18.3,TransakAuto,Agence CALUIRE-ET-CUIRE,1
Saint-Lyphard,44410,5304,9.5,TransakAuto,Agence SAINT-NAZAIRE,1
Tresses,33370,5290,7.6,AgenceAuto,bordeaux-rive-droite,6
Valence,82400,5289,19.7,TransakAuto,Agence AGEN,1
Brebières,62117,5283,3.9,TransakAuto,Agence DOUAI,4
Blotzheim,68730,5282,4.2,AgenceAuto,saint-louis,2
Mormant,77720,5282,18.9,AgenceAuto,gretz-armainvilliers,1
Condat-sur-Vienne,87920,5281,7.7,AgenceAuto,limoges,2
Mouilleron-le-Captif,85000,5273,8.2,TransakAuto,Agence LA ROCHE SUR YON,1
Villette-d'Anthon,38280,5268,7.3,TransakAuto,Agence ANTHON,7
Moulins-lès-Metz,57160,5265,5.9,AgenceAuto,metz,3
Valleiry,74520,5264,14.1,TransakAuto,Agence GEX,2
Cazouls-lès-Béziers,34370,5261,11.4,TransakAuto,Agence BEZIERS,1
Florensac,34510,5254,19.3,AgenceAuto,sete,1
Châtillon-sur-Chalaronne,01400,5250,19.0,TransakAuto,Agence MACON,2
Pont-Sainte-Marie,10150,5249,5.7,Simplicicar,troyes,3
Bauvin,59221,5249,11.6,TransakAuto,Agence SECLIN,4
Le Rove,13740,5246,6.8,TransakAuto,Agence MARIGNANE,3
Mulsanne,72230,5244,8.5,TransakAuto,Agence LE MANS,1
Guémené-Penfao,44290,5243,18.0,TransakAuto,Agence REDON,1
Séméac,65600,5236,4.9,TransakAuto,Agence TARBES,1
Nuits-Saint-Georges,21700,5235,15.3,Simplicicar,beaune,1
Mignaloux-Beauvoir,86550,5229,8.4,TransakAuto,Agence POITIERS,1
Laillé,35890,5225,7.6,Simplicicar,rennes,1
Forcalquier,04300,5222,16.1,TransakAuto,Agence MANOSQUE,1
Saint-Clément-de-Rivière,34980,5218,10.6,AgenceAuto,montpellier-est,4
Le Bourget-du-Lac,73370,5216,5.2,TransakAuto,Agence CHAMBERY,2
Surzur,56450,5211,9.9,Simplicicar,vannes,3
Vernaison,69390,5210,4.9,Simplicicar,lyon-ouest,7
Tourves,83170,5207,14.5,TransakAuto,Agence BRIGNOLES,1
Saint-Saturnin-lès-Avignon,84450,5206,7.5,TransakAuto,Agence AVIGNON,2
Gorges,44190,5203,17.4,AgenceAuto,nantes-sud-est,1
Vaux-sur-Seine,78740,5202,7.2,AgenceAuto,cergy-pontoise,6
Jonquières,84150,5201,7.3,TransakAuto,Agence ORANGE,1
Beynost,01700,5198,8.9,AgenceAuto,lyon-nord,9
Brou-sur-Chantereine,77177,5196,1.5,TransakAuto,Agence CHELLES,7
Gauchy,02430,5183,1.9,AgenceAuto,saint-quentin,2
Schweighouse-sur-Moder,67590,5182,0.9,TransakAuto,Agence HAGUENAU,2
Bassens,73000,5175,4.3,Simplicicar,aix-les-bains,2
Coubron,93470,5175,5.6,TransakAuto,Agence CHELLES,5
Valdoie,90300,5175,6.9,AgenceAuto,belfort,2
Villerest,42300,5172,7.2,TransakAuto,Agence ROANNE,1
Loison-sous-Lens,62218,5169,3.9,TransakAuto,Agence LENS,6
Seichamps,54280,5165,10.3,AgenceAuto,nancy,3
Villars-les-Dombes,01330,5163,16.1,Simplicicar,meximieux,2
L'Étang-la-Ville,78620,5157,7.2,TransakAuto,Agence LES CLAYES SOUS BOIS,7
Trilport,77470,5146,7.9,TransakAuto,Agence MEAUX,2
Pont-l'Évêque,14130,5145,1.7,TransakAuto,Agence DEAUVILLE,1
Douvres-la-Délivrande,14440,5143,13.4,TransakAuto,Agence CAEN,1
Le Cannet-des-Maures,83340,5140,18.1,TransakAuto,Agence DRAGUIGNAN,1
Villeneuve-sur-Yonne,89500,5135,13.7,TransakAuto,Agence SENS,1
Saint-Vit,25410,5133,0.7,Simplicicar,besancon,4
Saint-Chéron,91530,5132,10.8,TransakAuto,Agence ETAMPES,1
Ferrière-la-Grande,59680,5131,4.9,TransakAuto,Agence MAUBEUGE,1
Locmaria-Plouzané,29280,5130,14.5,AgenceAuto,brest,3
Cucq,62780,5129,9.5,TransakAuto,Agence LE TOUQUET,1
Villenoy,77124,5127,0.8,TransakAuto,Agence MEAUX,4
Chavanoz,38230,5126,1.6,TransakAuto,Agence ANTHON,4
Dives-sur-Mer,14160,5122,17.1,TransakAuto,Agence CAEN,1
Villeneuve-en-Retz,44580,5120,18.8,AgenceAuto,pornic,2
Saint-Marcellin-en-Forez,42680,5116,10.5,Simplicicar,veauche,3
Le Val d'Hazey,27600,5111,13.6,Simplicicar,vernon,2
Val-de-Moder,67350,5102,9.6,TransakAuto,Agence HAGUENAU,1
Pulnoy,54425,5099,9.0,AgenceAuto,nancy,3
Billy-Berclau,62138,5093,11.6,TransakAuto,Agence LENS,3
Genlis,21110,5093,12.7,TransakAuto,Agence DIJON,3
Saint-Georges-de-Didonne,17110,5092,8.0,Simplicicar,royan,1
Saint-Pantaléon-de-Larche,19600,5091,11.2,TransakAuto,Agence BRIVE-LA-GAILLARDE,2
Muzillac,56190,5089,19.8,Simplicicar,vannes,1
Baden,56870,5086,11.9,AgenceAuto,vannes,3
Ornex,01210,5082,6.9,AgenceAuto,saint-genis-pouilly,4
Giberville,14730,5077,1.9,TransakAuto,Agence CAEN,1
Habsheim,68440,5076,7.2,AgenceAuto,mulhouse,3
Yffiniac,22120,5074,5.4,TransakAuto,Agence SAINT-BRIEUC,3
Sommières,30250,5073,11.2,TransakAuto,Agence LUNEL,3
Villefranche-de-Lauragais,31290,5072,1.8,TransakAuto,Agence VILLEFRANCHE-DE-LAURAGAIS,1
Haillicourt,62940,5064,1.9,TransakAuto,Agence BETHUNE,2
Bonnières-sur-Seine,78270,5064,8.0,TransakAuto,Agence MANTES-LA-JOLIE,4
Luynes,37230,5062,15.8,TransakAuto,Agence TOURS SUD,2
Petite-Forêt,59494,5054,0.7,TransakAuto,Agence VALENCIENNES,2
Laventie,62840,5044,18.6,AgenceAuto,lille-seclin,3
Saint-Sever,40500,5043,15.4,TransakAuto,Agence MONT DE MARSAN,1
Cilaos,97413,5040,17.4,TransakAuto,"Agence ETANG-SALE, REUNION",1
Bezannes,51430,5039,3.3,Simplicicar,reims,2
Champagne-sur-Oise,95660,5036,10.6,AgenceAuto,la-croix-verte,6
Sainte-Soulle,17220,5034,4.9,TransakAuto,Agence LA ROCHELLE / AYTRE,1
La Mézière,35520,5033,5.2,TransakAuto,Agence RENNES OUEST,2
Gruissan,11430,5032,10.9,TransakAuto,Agence NARBONNE,2
Pacy-sur-Eure,27120,5027,11.2,Simplicicar,vernon,3
Allinges,74200,5019,4.9,TransakAuto,Agence THONON-LES-BAINS,1
Plouigneau,29610,5014,9.7,TransakAuto,Agence MORLAIX,1
Lestrem,62136,5009,15.0,TransakAuto,Agence BETHUNE,1
Villefranche-sur-Mer,06230,5008,6.1,Simplicicar,nice,4
Luzarches,95270,5008,12.3,AgenceAuto,la-croix-verte,5
Neuville-aux-Bois,45170,4987,18.1,TransakAuto,Agence ORLEANS,1
Lorette,42420,4983,14.8,TransakAuto,Agence SAINT ETIENNE,1
Saint-Mathieu-de-Tréviers,34270,4979,14.0,AgenceAuto,montpellier-est,2
Bousbecque,59166,4978,3.5,TransakAuto,Agence TOURCOING,4
Le Fenouiller,85800,4978,13.9,TransakAuto,Agence CHALLANS,1
Montchanin,71210,4976,11.1,AgenceAuto,montceau-les-mines,1
Crécy-la-Chapelle,77580,4973,10.8,TransakAuto,Agence MEAUX,3
Beaucourt,90500,4966,8.2,AgenceAuto,montbeliard,4
Saint-Nom-la-Bretèche,78860,4965,4.9,TransakAuto,Agence LES CLAYES SOUS BOIS,7
Verdun-sur-Garonne,82600,4961,6.4,TransakAuto,Agence FRONTON,2
Heyrieux,38540,4956,12.9,Simplicicar,st-priest,8
Sainte-Marie-la-Mer,66470,4952,10.6,Simplicicar,perpignan,2
Witry-lès-Reims,51420,4950,6.6,TransakAuto,Agence REIMS,2
Créon,33670,4950,15.5,TransakAuto,Agence CADAUJAC,4
La Grand-Croix,42320,4947,12.8,TransakAuto,Agence SAINT ETIENNE,1
Vair-sur-Loire,44150,4944,6.1,TransakAuto,Agence ANCENIS,1
Laigneville,60290,4926,6.9,TransakAuto,Agence SAINT MAXIMIN,3
Pechbonnieu,31140,4922,5.1,Simplicicar,toulouse-nord,6
Mandres-les-Roses,94520,4922,5.3,TransakAuto,Agence BRIE-COMTE-ROBERT,8
Claira,66530,4922,8.8,TransakAuto,Agence PERPIGNAN NORD SAINT ESTEVE,2
Bruyères-sur-Oise,95820,4921,11.6,AgenceAuto,la-croix-verte,4
Sainte-Eulalie,33560,4915,1.4,AgenceAuto,bordeaux-rive-droite,6
Castelnau-de-Médoc,33480,4907,17.5,Simplicicar,merignac,2
Gratentour,31150,4906,4.8,Simplicicar,toulouse-nord,5
Ballainvilliers,91160,4904,5.2,AgenceAuto,palaiseau,6
Verneuil-sur-Vienne,87430,4903,9.5,AgenceAuto,limoges,2
Le Versoud,38420,4900,6.4,TransakAuto,Agence GRENOBLE EST,3
Saint-Père-en-Retz,44320,4894,13.1,TransakAuto,Agence PORNIC,3
Bégard,22140,4889,2.3,TransakAuto,Agence BEGARD,2
Grand-Fort-Philippe,59153,4887,17.4,AgenceAuto,dunkerque,2
Lambres-lez-Douai,59552,4883,2.2,TransakAuto,Agence DOUAI,4
Volvic,63530,4883,14.6,TransakAuto,Agence CLERMONT FERRAND SUD,1
Saint-Sulpice-et-Cameyrac,33450,4881,8.7,AgenceAuto,bordeaux-rive-droite,4
Uchaud,30620,4879,5.5,Simplicicar,vauvert,5
Le Quesnoy,59530,4878,14.7,AgenceAuto,valenciennes,2
Montbazon,37250,4874,1.7,Simplicicar,tours,3
Écommoy,72220,4868,19.5,TransakAuto,Agence LE MANS,1
Ceyreste,13600,4863,3.0,Simplicicar,la-ciotat,1
Blendecques,62575,4859,2.5,Simplicicar,saint-omer,1
Fagnières,51510,4858,6.9,AgenceAuto,chalons-en-champagne,1
La Voulte-sur-Rhône,07800,4854,15.1,TransakAuto,Agence VALENCE,2
Bazas,33430,4854,17.7,TransakAuto,Agence LANGON,1
Sainte-Marie-aux-Mines,68160,4851,14.2,AgenceAuto,saint-die-des-vosges,2
La Turballe,44420,4850,15.4,TransakAuto,Agence SAINT-NAZAIRE,1
Vitry-en-Artois,62490,4849,6.6,TransakAuto,Agence DOUAI,4
Phalempin,59133,4847,4.7,TransakAuto,Agence SECLIN,7
Vic-en-Bigorre,65500,4845,19.8,TransakAuto,Agence TARBES,1
Saint-Jean-de-Bournay,38440,4843,14.7,TransakAuto,Agence BOURGOIN-JAILLEU,2
Rosières-près-Troyes,10430,4840,5.1,AgenceAuto,troyes,3
Saint-Martin-de-Valgalgues,30520,4840,9.7,TransakAuto,Agence ALES,1
Cysoing,59830,4839,11.4,TransakAuto,Agence SECLIN,5
Pignans,83790,4838,15.2,TransakAuto,Agence BRIGNOLES,1
Conches-en-Ouche,27190,4838,17.5,TransakAuto,Agence EVREUX,1
Paron,89100,4834,4.6,TransakAuto,Agence SENS,1
Monnaie,37380,4833,18.1,AgenceAuto,tours,2
Bornel,60540,4832,16.7,TransakAuto,Agence CERGY,4
Milizac-Guipronvel,29290,4816,8.8,TransakAuto,Agence BREST,3
Robion,84440,4816,10.8,TransakAuto,Agence L&rsquo;ISLE SUR LA SORGUE,1
Tinchebray-Bocage,61800,4813,13.0,TransakAuto,Agence FLERS,1
Charly,69390,4811,3.3,Simplicicar,lyon-ouest,7
Saverdun,09700,4808,19.3,Simplicicar,pamiers,1
L'Horme,42152,4806,11.4,TransakAuto,Agence SAINT ETIENNE,1
Rilhac-Rancon,87570,4805,5.9,TransakAuto,Agence LIMOGES,2
Ruy-Montceau,38300,4805,6.5,TransakAuto,Agence BOURGOIN-JAILLEU,1
Billom,63160,4805,16.3,TransakAuto,Agence CLERMONT FERRAND SUD,1
Bourgbarré,35230,4804,11.6,Simplicicar,rennes,2
Le Coudray-Montceaux,91830,4801,8.3,TransakAuto,Agence LIEUSAINT,3
Cléon,76410,4795,0.6,TransakAuto,Agence ELBEUF,2
Maraussan,34370,4789,7.1,TransakAuto,Agence BEZIERS,1
Teyran,34820,4787,4.4,AgenceAuto,montpellier-est,4
La Grand-Combe,30110,4783,16.6,TransakAuto,Agence ALES,1
Marolles-en-Brie,94440,4781,6.6,TransakAuto,Agence BRIE-COMTE-ROBERT,10
Saint-Romain-de-Colbosc,76430,4780,12.0,TransakAuto,Agence LE HAVRE,1
Pompey,54340,4780,15.5,Simplicicar,nancy,4
Saint-Germain-du-Puy,18390,4779,8.7,TransakAuto,Agence BOURGES,1
Dagneux,01120,4778,11.2,Simplicicar,meximieux,8
Verneuil-en-Halatte,60550,4775,3.8,AgenceAuto,senlis,3
La Haie-Fouassière,44690,4775,11.9,AgenceAuto,nantes-sud-est,2
Ingersheim,68040,4774,6.0,Simplicicar,colmar,1
Saint-Martin-des-Champs,29600,4773,0.9,TransakAuto,Agence MORLAIX,1
Sadirac,33670,4769,12.6,TransakAuto,Agence CADAUJAC,5
La Plaine-sur-Mer,44770,4760,5.3,TransakAuto,Agence PORNIC,3
Venansault,85190,4757,4.0,TransakAuto,Agence LA ROCHE SUR YON,1
Sanilhac,24380,4757,11.7,TransakAuto,Agence PERIGUEUX,1
Limas,69400,4750,4.0,TransakAuto,Agence VILLEFRANCHE SUR SAONE,4
Écouflant,49000,4749,5.0,TransakAuto,Agence ANGERS,3
Chasseneuil-du-Poitou,86360,4743,7.8,TransakAuto,Agence POITIERS,1
Sanguinet,40460,4741,16.0,TransakAuto,Agence ARCACHON,1
Grésy-sur-Aix,73100,4740,14.0,TransakAuto,Agence CHAMBERY,2
Soufflenheim,67620,4740,15.8,TransakAuto,Agence HAGUENAU,1
La Chapelle-des-Fougeretz,35520,4738,1.4,TransakAuto,Agence RENNES OUEST,3
Reichstett,67116,4732,2.6,TransakAuto,Agence STRASBOURG NORD,4
L'Hermitage,35590,4730,8.7,AgenceAuto,rennes-nord,3
Vermelles,62980,4729,8.7,TransakAuto,Agence LENS,2
Mésanger,44522,4724,4.9,TransakAuto,Agence ANCENIS,1
Saint-Méloir-des-Ondes,35350,4720,5.8,TransakAuto,Agence SAINT-MALO,2
Aigondigné,79370,4710,11.6,TransakAuto,Agence NIORT,2
Chavagne,35310,4709,3.3,Simplicicar,rennes,3
Village-Neuf,68128,4709,4.6,AgenceAuto,saint-louis,2
Clohars-Carnoët,29360,4708,11.5,Simplicicar,lorient,2
Beuzeville,27210,4704,11.7,TransakAuto,Agence DEAUVILLE,1
Le Trait,76580,4704,15.8,TransakAuto,Agence YVETOT,1
Saint-Paul-en-Jarez,42740,4699,14.3,TransakAuto,Agence SAINT ETIENNE,1
Graveson,13690,4698,12.8,TransakAuto,Agence AVIGNON,1
Herrlisheim,67850,4694,16.0,TransakAuto,Agence HAGUENAU,3
Rognes,13840,4693,11.7,TransakAuto,Agence PERTUIS,3
La Suze-sur-Sarthe,72210,4693,16.9,TransakAuto,Agence LE MANS,1
Bièvres,91570,4686,6.0,AgenceAuto,viroflay,8
Ribeauvillé,68150,4685,11.1,Simplicicar,colmar,2
Le Ban-Saint-Martin,57050,4684,2.3,AgenceAuto,metz,2
Hallennes-lez-Haubourdin,59320,4683,8.2,AgenceAuto,lille-seclin,6
Viuz-en-Sallaz,74250,4681,10.2,TransakAuto,Agence ANNEMASSE,5
Bavilliers,90800,4678,2.6,AgenceAuto,belfort,4
Saint-Georges-de-Reneins,69830,4677,5.9,TransakAuto,Agence VILLEFRANCHE SUR SAONE,1
Aigrefeuille-d'Aunis,17290,4677,10.8,TransakAuto,Agence LA ROCHELLE / AYTRE,1
Saint-Pol-sur-Ternoise,62130,4677,19.9,TransakAuto,Agence BETHUNE,1
Sequedin,59320,4675,6.7,Simplicicar,lille,6
Flayosc,83780,4673,16.3,TransakAuto,Agence DRAGUIGNAN,1
L'Huisserie,53970,4672,6.4,TransakAuto,Agence LAVAL,1
Saint-Hilaire-de-Brethmas,30560,4670,5.0,TransakAuto,Agence ALES,1
Collonges-au-Mont-d'Or,69660,4669,3.2,AgenceAuto,lyon-nord,9
Auzeville-Tolosane,31320,4665,2.5,AgenceAuto,toulouse-sud-est-labege,7
Les Garennes sur Loire,49320,4663,9.3,AgenceAuto,angers,3
Bédée,35137,4662,17.3,TransakAuto,Agence RENNES OUEST,2
Soucieu-en-Jarrest,69510,4660,6.2,Simplicicar,lyon-ouest,5
Blénod-lès-Pont-à-Mousson,54700,4659,8.1,TransakAuto,Agence METZ,1
Ascain,64310,4658,11.1,TransakAuto,Agence BIDART &#8211; SAINT-JEAN-DE-LUZ,2
Soullans,85300,4654,7.1,TransakAuto,Agence CHALLANS,1
La Tremblade,17390,4650,15.7,Simplicicar,royan,1
La Tour-de-Salvagny,69890,4649,2.1,TransakAuto,Agence CALUIRE-ET-CUIRE,8
Véretz,37270,4644,6.3,AgenceAuto,tours,3
Angres,62143,4641,5.0,TransakAuto,Agence LENS,4
Saint-Leu-d'Esserent,60340,4638,4.3,Simplicicar,st-maximin,4
Guesnain,59287,4635,8.1,TransakAuto,Agence DOUAI,1
La Fouillouse,42480,4630,4.5,Simplicicar,veauche,3
Noiseau,94880,4628,5.8,TransakAuto,Agence SAINT MAUR,11
Évin-Malmaison,62141,4628,7.0,TransakAuto,Agence DOUAI,4
Auberchicourt,59165,4626,14.1,TransakAuto,Agence DOUAI,4
Montville,76710,4625,8.3,TransakAuto,Agence ROUEN,2
Auchy-les-Mines,62138,4625,9.7,TransakAuto,Agence LENS,4
Dompierre-sur-Yon,85170,4625,16.8,TransakAuto,Agence LA ROCHE SUR YON,1
Tourrette-Levens,06690,4624,10.2,Simplicicar,nice,4
Trouville-sur-Mer,14360,4619,12.3,TransakAuto,Agence DEAUVILLE,2
Bouloc,31620,4618,11.0,TransakAuto,Agence FRONTON,4
Saint-Pierre-de-Chandieu,69780,4616,9.1,Simplicicar,st-priest,8
Ars-sur-Moselle,57130,4616,10.4,AgenceAuto,metz,3
Vayres,33870,4615,8.3,TransakAuto,Agence LIBOURNE,3
Mandeure,25350,4612,2.6,TransakAuto,Agence MONTBELIARD,3
Jargeau,45150,4610,2.6,TransakAuto,Agence VIERZON,3
Puget-Ville,83390,4610,10.5,TransakAuto,Agence BRIGNOLES,1
Salaise-sur-Sanne,38150,4606,12.9,TransakAuto,Agence DAVEZIEUX,1
Plaintel,22940,4602,12.0,AgenceAuto,saint-brieuc,2
Arnas,69400,4601,1.5,TransakAuto,Agence VILLEFRANCHE SUR SAONE,3
Cabannes,13440,4595,8.8,TransakAuto,Agence L&rsquo;ISLE SUR LA SORGUE,2
Bizanos,64320,4592,7.1,TransakAuto,Agence PAU,2
Lescure-d'Albigeois,81380,4590,7.8,TransakAuto,Agence ALBI,1
Tiercé,49125,4589,17.3,TransakAuto,Agence ANGERS,2
Dieulouard,54380,4581,12.6,TransakAuto,Agence METZ,1
Macau,33460,4576,14.1,TransakAuto,Agence BORDEAUX RIVE DROITE,5
Annay,62880,4571,6.2,TransakAuto,Agence LENS,6
La Frette-sur-Seine,95530,4570,2.6,TransakAuto,Agence SARTROUVILLE,10
Hœrdt,67720,4570,6.4,TransakAuto,Agence STRASBOURG NORD,3
Biache-Saint-Vaast,62118,4568,9.6,TransakAuto,Agence DOUAI,4
Bages,66670,4560,7.8,Simplicicar,perpignan,2
Le Thillay,95500,4560,12.0,TransakAuto,Agence ENGHIEN-LES-BAINS,6
Bonson,42160,4557,5.0,Simplicicar,veauche,3
Gréasque,13850,4554,15.2,TransakAuto,Agence AIX EN PROVENCE SUD,3
Vivonne,86370,4550,18.9,TransakAuto,Agence POITIERS,1
Plourin-lès-Morlaix,29600,4548,6.2,TransakAuto,Agence MORLAIX,1
Chaponnay,69970,4548,10.0,Simplicicar,st-priest,7
Jouques,13490,4547,14.1,TransakAuto,Agence PERTUIS,3
Villiers-sur-Orge,91700,4545,6.6,AgenceAuto,athis-mons,6
Communay,69360,4540,6.4,Simplicicar,vienne,7
Case-Pilote,97222,4537,6.5,AgenceAuto,martinique,1
Camaret-sur-Aigues,84850,4533,6.2,TransakAuto,Agence ORANGE,1
Crespin,59154,4532,13.3,TransakAuto,Agence VALENCIENNES,2
Saint-Aunès,34130,4530,4.1,AgenceAuto,montpellier-est,4
Saint-Martin-de-May,14320,4529,11.0,TransakAuto,Agence CAEN,1
Castelmaurou,31180,4524,4.4,AgenceAuto,toulouse-nord,4
Sainte-Marie-aux-Chênes,57255,4519,1.4,TransakAuto,Agence SAINT-DIZIER,2
Notre-Dame-d'Oé,37390,4515,12.4,AgenceAuto,tours,2
Montagnac,34530,4515,15.7,TransakAuto,Agence SETE,2
Saint-Marcel,27950,4512,2.4,Simplicicar,vernon,3
Lunel-Viel,34400,4507,2.4,TransakAuto,Agence LUNEL,3
Marchiennes,59870,4507,15.5,TransakAuto,Agence DOUAI,3
Freneuse,78840,4505,6.3,AgenceAuto,vernon,4
Noirmoutier-en-l'Île,85330,4505,17.7,AgenceAuto,pornic,2
Villeneuve-lès-Béziers,34420,4500,10.0,TransakAuto,Agence BEZIERS,1
Jacob-Bellecombette,73000,4499,5.6,Simplicicar,aix-les-bains,2
Beaussais-sur-Mer,22650,4498,14.1,TransakAuto,Agence SAINT-MALO,2
Gonfaron,83590,4496,17.3,TransakAuto,Agence BRIGNOLES,1
Montigny-en-Ostrevent,59182,4495,10.2,TransakAuto,Agence DOUAI,1
Saint-Nicolas,62223,4494,2.2,Simplicicar,arras,4
Bretteville-sur-Odon,14760,4494,10.4,TransakAuto,Agence CAEN,1
Maintenon,28130,4494,17.8,TransakAuto,Agence RAMBOUILLET,2
Plobsheim,67115,4492,2.4,Simplicicar,strasbourg,2
Mesnil-Roc'h,35720,4492,11.8,AgenceAuto,saint-malo,1
La Chapelle-des-Marais,44410,4492,15.6,TransakAuto,Agence SAINT-NAZAIRE,1
Saint-Laurent-du-Pont,38380,4490,16.9,AgenceAuto,grenoble,2
La Réole,33190,4487,5.8,TransakAuto,Agence LANGON,1
Cap-d'Ail,06320,4482,12.5,Simplicicar,nice,4
Royat,63130,4479,5.7,TransakAuto,Agence CLERMONT FERRAND SUD,1
Hergnies,59199,4479,11.4,TransakAuto,Agence VALENCIENNES,2
Marans,17230,4476,16.3,TransakAuto,Agence LA ROCHELLE / AYTRE,1
Montrabé,31850,4473,1.5,AgenceAuto,toulouse-nord,4
La Chaussée-Saint-Victor,41260,4471,0.8,TransakAuto,Agence BLOIS,1
Nozay,91620,4471,6.1,AgenceAuto,palaiseau,5
Villeneuve-de-la-Raho,66180,4470,5.5,Simplicicar,perpignan,2
Chancelade,24650,4468,1.7,TransakAuto,Agence PERIGUEUX,1
Vinon-sur-Verdon,83560,4464,10.3,TransakAuto,Agence MANOSQUE,1
Thourotte,60150,4463,10.9,TransakAuto,Agence COMPIEGNE,2
Rousson,30340,4456,14.8,TransakAuto,Agence ALES,1
Maurecourt,78780,4454,3.5,TransakAuto,Agence CONFLANS-SAINTE-HONORINE,8
Saint-Jeannet,06640,4453,9.0,TransakAuto,Agence NICE OUEST,4
Guignes,77390,4448,12.2,AgenceAuto,gretz-armainvilliers,3
Monein,64360,4446,11.8,TransakAuto,Agence PAU,2
Torigny-les-Villes,50160,4444,14.2,TransakAuto,Agence SAINT-LO,1
Saclay,91400,4437,7.0,AgenceAuto,palaiseau,8
Valras-Plage,34350,4432,12.2,TransakAuto,Agence BEZIERS,1
Provin,59185,4428,10.4,TransakAuto,Agence SECLIN,5
Angerville,91670,4428,18.9,TransakAuto,Agence ETAMPES,1
Ornans,25290,4419,19.5,TransakAuto,Agence BESANCON,1
Serres-Castet,64121,4418,1.9,Simplicicar,pau,2
Millas,66170,4417,14.2,TransakAuto,Agence PERPIGNAN NORD SAINT ESTEVE,1
Morigny-Champigny,91150,4412,4.5,TransakAuto,Agence ETAMPES,1
Chazay-d'Azergues,69380,4410,5.2,TransakAuto,Agence CALUIRE-ET-CUIRE,7
Sierentz,68510,4409,10.6,AgenceAuto,saint-louis,4
Miniac-Morvan,35540,4408,5.3,AgenceAuto,saint-malo,2
Caveirac,30820,4408,6.0,Simplicicar,nimes,4
La Tour-d'Aigues,84240,4405,6.8,TransakAuto,Agence PERTUIS,3
Villemoustaussou,11620,4401,6.5,TransakAuto,Agence CARCASSONNE,2
Montbeton,82290,4400,5.6,TransakAuto,Agence MONTAUBAN,2
Truchtersheim,67370,4398,6.8,TransakAuto,Agence STRASBOURG NORD,2
Marckolsheim,67390,4398,13.7,Simplicicar,colmar,2
Haisnes,62138,4396,9.1,TransakAuto,Agence LENS,4
Labège,31670,4392,1.6,AgenceAuto,toulouse-sud-est-labege,6
Carignan-de-Bordeaux,33360,4388,9.4,TransakAuto,Agence CADAUJAC,6
Carnoules,83660,4388,11.3,TransakAuto,Agence BRIGNOLES,1
Le Morne-Rouge,97260,4388,17.0,AgenceAuto,martinique,1
La Brède,33650,4386,6.6,TransakAuto,Agence CADAUJAC,1
Clarensac,30870,4386,9.6,Simplicicar,nimes,4
Saint-Georges-lès-Baillargeaux,86130,4385,13.6,TransakAuto,Agence POITIERS,1
Kaysersberg Vignoble,68240,4383,8.5,Simplicicar,colmar,2
Pins-Justaret,31860,4378,1.0,Simplicicar,toulouse-sud,6
Le Tréport,76470,4378,1.1,TransakAuto,"Agence MONS, BELGIQUE",1
Ham,80400,4378,17.4,AgenceAuto,saint-quentin,2
Ormes,45140,4376,8.1,Simplicicar,orleans,2
Morlaàs,64160,4374,9.4,Simplicicar,pau,2
Prigonrieux,24130,4374,11.2,TransakAuto,Agence BERGERAC,1
Saint-Léonard-de-Noblat,87400,4366,17.8,TransakAuto,Agence LIMOGES,2
Cadenet,84160,4363,10.8,TransakAuto,Agence PERTUIS,3
Cheval-Blanc,84460,4362,16.6,TransakAuto,Agence L&rsquo;ISLE SUR LA SORGUE,2
Bassillac et Auberoche,24330,4361,17.6,TransakAuto,Agence PERIGUEUX,1
Villeneuve,04180,4360,9.6,TransakAuto,Agence MANOSQUE,1
Goven,35580,4359,6.3,Simplicicar,rennes,3
Camon,80450,4359,9.8,AgenceAuto,amiens,2
Gattières,06510,4358,9.3,AgenceAuto,nice,4
Poulx,30320,4348,12.9,Simplicicar,nimes,3
Niederbronn-les-Bains,67110,4347,16.1,TransakAuto,Agence HAGUENAU,1
Saulxures-lès-Nancy,54420,4344,7.1,AgenceAuto,nancy,3
Louverné,53950,4344,10.3,TransakAuto,Agence LAVAL,1
Nilvange,57240,4341,10.2,TransakAuto,Agence THIONVILLE,2
Morestel,38510,4340,18.4,TransakAuto,Agence BOURGOIN-JAILLEU,1
Beaumont-lès-Valence,26760,4337,0.3,TransakAuto,Agence VALENCE,2
Hillion,22120,4335,6.9,TransakAuto,Agence SAINT-BRIEUC,3
Le Val,83143,4335,10.1,TransakAuto,Agence BRIGNOLES,1
Rives de l'Yon,85310,4335,15.6,TransakAuto,Agence LA ROCHE SUR YON,1
Tigery,91250,4333,4.4,TransakAuto,Agence LIEUSAINT,7
Sevrier,74320,4333,5.5,AgenceAuto,annecy,3
Saint-Maurice-de-Beynost,01700,4332,7.3,AgenceAuto,lyon-nord,10
Villard-de-Lans,38250,4328,19.2,TransakAuto,Agence GRENOBLE OUEST,1
Saint-Savin,38300,4323,5.5,TransakAuto,Agence BOURGOIN-JAILLEU,3
Montélier,26120,4323,7.9,Simplicicar,valence,3
Chabanière,69440,4323,15.8,Simplicicar,lyon-ouest,2
Ussac,19270,4322,4.9,TransakAuto,Agence BRIVE-LA-GAILLARDE,2
Coignières,78310,4321,9.5,TransakAuto,Agence LES CLAYES SOUS BOIS,3
Bessières,31660,4310,17.2,AgenceAuto,toulouse-nord,3
Friville-Escarbotin,80130,4306,11.9,TransakAuto,"Agence MONS, BELGIQUE",1
Saint-Aubin-d'Aubigné,35250,4304,13.4,TransakAuto,Agence RENNES OUEST,2
Is-sur-Tille,21120,4302,19.5,AgenceAuto,dijon,1
Sandillon,45640,4300,5.5,TransakAuto,Agence VIERZON,3
Millery,69390,4299,5.5,Simplicicar,lyon-ouest,7
Eyragues,13630,4298,12.2,TransakAuto,Agence AVIGNON,2
Rang-du-Fliers,62180,4297,1.4,TransakAuto,Agence LE TOUQUET,1
Châtenois,67730,4294,5.6,AgenceAuto,selestat,2
Lanvallay,22100,4291,13.6,AgenceAuto,saint-malo,1
Agneaux,50180,4286,3.3,TransakAuto,Agence SAINT-LO,1
Châteauneuf-sur-Isère,26300,4281,10.2,Simplicicar,valence,3
Roquettes,31120,4280,1.6,Simplicicar,toulouse-sud,6
Ecquevilly,78920,4279,2.2,TransakAuto,Agence CHAMBOURCY,8
Leuville-sur-Orge,91310,4271,11.1,AgenceAuto,palaiseau,5
Vimy,62580,4270,4.9,TransakAuto,Agence LENS,4
La Norville,91290,4268,14.4,AgenceAuto,palaiseau,5
Courseulles-sur-Mer,14470,4268,18.7,TransakAuto,Agence CAEN,1
Barbentane,13570,4266,10.9,TransakAuto,Agence AVIGNON,1
Combrit,29120,4265,9.1,AgenceAuto,quimper,2
Rognonas,13870,4261,7.4,TransakAuto,Agence AVIGNON,2
Beauvallon,69700,4260,11.2,Simplicicar,lyon-ouest,4
Désertines,03630,4259,2.1,TransakAuto,Agence MONTLUCON,1
Nanteuil-le-Haudouin,60440,4258,7.0,TransakAuto,Agence DAMMARTIN EN GOELE,1
Laigné-Saint-Gervais,72220,4252,13.1,TransakAuto,Agence LE MANS,1
Serémange-Erzange,57290,4251,10.1,TransakAuto,Agence THIONVILLE,2
La Séguinière,49280,4248,6.9,TransakAuto,Agence CHOLET,1
Fleury,11560,4246,10.7,TransakAuto,Agence BEZIERS,3
Pont-Péan,35131,4245,5.3,Simplicicar,rennes,3
Terres-de-Caux,76640,4245,13.5,TransakAuto,Agence YVETOT,2
Brives-Charensac,43700,4244,2.7,Simplicicar,puy-en-velay,1
Mimet,13105,4241,12.8,TransakAuto,Agence AIX EN PROVENCE SUD,3
Forges-les-Bains,91470,4241,16.6,AgenceAuto,palaiseau,3
Angoulins,17690,4240,8.4,TransakAuto,Agence LA ROCHELLE / AYTRE,1
Plomelin,29700,4239,5.9,AgenceAuto,quimper,2
Saint-Just-Malmont,43240,4239,14.8,TransakAuto,Agence SAINT ETIENNE,1
Rouffach,68250,4238,19.1,Simplicicar,colmar,1
Sanvignes-les-Mines,71410,4235,7.1,AgenceAuto,montceau-les-mines,1
Betschdorf,67660,4231,15.7,TransakAuto,Agence HAGUENAU,1
Le Touquet-Paris-Plage,62520,4224,11.9,TransakAuto,Agence LE TOUQUET,1
Pluguffan,29700,4223,8.2,AgenceAuto,quimper,2
Jouarre,77640,4221,19.3,TransakAuto,Agence MEAUX,1
Wolfisheim,67202,4217,6.5,AgenceAuto,strasbourg-nord,3
Saint-Pierre-d'Albigny,73250,4217,18.6,TransakAuto,Agence ALBERTVILLE,1
Pomponne,77400,4215,3.9,TransakAuto,Agence CHELLES,7
Corenc,38700,4215,6.9,TransakAuto,Agence GRENOBLE OUEST,3
Grisolles,82170,4214,1.7,TransakAuto,Agence FRONTON,3
Bartenheim,68870,4211,6.8,AgenceAuto,saint-louis,4
Nailloux,31560,4211,8.1,TransakAuto,Agence VILLEFRANCHE-DE-LAURAGAIS,1
Redessan,30129,4211,10.6,AgenceAuto,nimes,4
Le Rouret,06650,4209,8.4,TransakAuto,Agence GRASSE,8
Montarnaud,34570,4208,14.3,TransakAuto,Agence MONTPELLIER,3
Plumergat,56400,4207,14.5,AgenceAuto,vannes,3
Le Châtelet-en-Brie,77820,4207,14.9,TransakAuto,Agence FONTAINEBLEAU,1
Gourdon,46300,4206,17.8,TransakAuto,Agence SARLAT,1
Escautpont,59278,4202,7.2,TransakAuto,Agence VALENCIENNES,2
Athis-Val de Rouvre,61100,4201,8.3,TransakAuto,Agence FLERS,1
Saint-Donat-sur-l'Herbasse,26260,4193,12.4,TransakAuto,Agence ROMANS SUR ISERE,1
Pont-du-Casse,47480,4191,14.8,TransakAuto,Agence AGEN,1
Bray-Dunes,59123,4189,8.8,Simplicicar,dunkerque,3
Romillé,35850,4189,13.0,TransakAuto,Agence RENNES OUEST,2
Porte des Pierres Dorées,69400,4185,6.4,TransakAuto,Agence VILLEFRANCHE SUR SAONE,4
Marlenheim,67520,4185,16.5,TransakAuto,Agence STRASBOURG NORD,2
Bollwiller,68540,4184,12.7,AgenceAuto,mulhouse,2
Yvré-l'Évêque,72530,4181,8.8,TransakAuto,Agence LE MANS,1
Salouël,80480,4179,0.2,AgenceAuto,amiens,2
Guignen,35580,4175,13.7,Simplicicar,rennes,1
Le Pouliguen,44510,4173,10.8,TransakAuto,Agence SAINT-NAZAIRE,1
Thumeries,59239,4170,8.7,TransakAuto,Agence SECLIN,4
Hérin,59195,4169,3.1,TransakAuto,Agence VALENCIENNES,2
Anneyron,26140,4169,15.4,TransakAuto,Agence DAVEZIEUX,1
Tourrettes-sur-Loup,06140,4165,12.5,TransakAuto,Agence GRASSE,8
Indre,44610,4160,3.4,TransakAuto,Agence NANTES NORD,2
Aigrefeuille-sur-Maine,44140,4156,10.7,AgenceAuto,nantes-sud-est,1
Le Plessis-Pâté,91220,4154,11.2,AgenceAuto,athis-mons,5
Servon-sur-Vilaine,35530,4152,18.8,AgenceAuto,rennes-nord,1
Vieillevigne,44116,4150,18.3,AgenceAuto,nantes-sud-est,1
Gondecourt,59147,4148,4.7,TransakAuto,Agence SECLIN,7
Saint-Romain-le-Puy,42610,4142,11.3,Simplicicar,moto-veauche,2
Solesmes,59730,4142,19.8,TransakAuto,Agence CAMBRAI,2
Veigy-Foncenex,74140,4141,8.2,AgenceAuto,annemasse,5
Mareil-Marly,78750,4141,9.2,TransakAuto,Agence LES CLAYES SOUS BOIS,9
Aulnat,63510,4139,6.3,TransakAuto,Agence CLERMONT FERRAND SUD,1
Turckheim,68230,4139,10.7,Simplicicar,colmar,1
Condé-sur-Vire,50420,4137,6.5,TransakAuto,Agence SAINT-LO,1
Montferrier-sur-Lez,34980,4135,9.1,AgenceAuto,montpellier-est,4
Ghyvelde,59122,4133,7.2,Simplicicar,dunkerque,3
Pont-de-l'Arche,27340,4133,7.8,TransakAuto,Agence ELBEUF,1
La Destrousse,13112,4133,18.4,Simplicicar,la-ciotat,1
Chanteloup-en-Brie,77600,4130,3.0,AgenceAuto,chessy,7
Le Houlme,76770,4130,6.6,TransakAuto,Agence ROUEN,1
Pézilla-la-Rivière,66370,4129,8.0,TransakAuto,Agence PERPIGNAN NORD SAINT ESTEVE,2
Neuilly-en-Thelle,60530,4127,13.4,Simplicicar,st-maximin,3
Nissan-lez-Enserune,34440,4124,6.0,TransakAuto,Agence BEZIERS,3
Arsac,33460,4124,13.6,Simplicicar,merignac,5
Pusignan,69330,4119,9.1,Simplicicar,st-priest,7
Val d'Oingt,69620,4117,13.1,TransakAuto,Agence VILLEFRANCHE SUR SAONE,2
Chaingy,45380,4116,6.7,Simplicicar,orleans,2
Saint-Lubin-des-Joncherets,28350,4116,11.8,TransakAuto,Agence DREUX,1
Monéteau,89470,4114,12.0,TransakAuto,Agence AUXERRE,1
Bouchain,59111,4113,12.7,TransakAuto,Agence CAMBRAI,3
Saint-Joachim,44720,4112,9.1,TransakAuto,Agence SAINT-NAZAIRE,1
Abscon,59215,4108,13.7,TransakAuto,Agence VALENCIENNES,4
Bouxières-aux-Dames,54136,4106,13.1,Simplicicar,nancy,3
Plœuc-L'Hermitage,22150,4103,19.5,AgenceAuto,saint-brieuc,2
Longeville-lès-Metz,57050,4102,2.8,AgenceAuto,metz,3
Locmiquélic,56570,4093,4.1,TransakAuto,Agence LORIENT,2
Sainte-Maure-de-Touraine,37800,4092,18.3,Simplicicar,tours,1
Survilliers,95470,4091,14.7,TransakAuto,Agence DAMMARTIN EN GOELE,5
Benet,85490,4089,16.2,TransakAuto,Agence NIORT,2
Groisy,74570,4082,12.1,TransakAuto,Agence ANNECY,4
Allassac,19240,4081,12.7,TransakAuto,Agence BRIVE-LA-GAILLARDE,2
Aramon,30390,4081,14.4,TransakAuto,Agence AVIGNON,1
Caissargues,30132,4079,0.6,AgenceAuto,nimes,4
Cuxac-d'Aude,11590,4079,9.8,Simplicicar,narbonne,3
Leffrinckoucke,59495,4078,2.7,Simplicicar,dunkerque,3
Chevry-Cossigny,77173,4075,4.4,AgenceAuto,gretz-armainvilliers,6
Loctudy,29750,4075,16.3,AgenceAuto,quimper,1
Avermes,03000,4074,5.8,TransakAuto,Agence MOULINS,1
Le Revest-les-Eaux,83200,4074,10.6,TransakAuto,Agence TOULON,1
Staffelfelden,68850,4072,10.7,AgenceAuto,mulhouse-sud,2
Saint-Genès-Champanelle,63122,4066,9.5,TransakAuto,Agence CLERMONT FERRAND SUD,1
Juziers,78820,4065,4.5,AgenceAuto,epone,5
Pleslin-Trigavou,22490,4065,11.4,AgenceAuto,saint-malo,2
Issou,78440,4060,3.1,AgenceAuto,epone,5
Verson,14790,4059,13.8,TransakAuto,Agence CAEN,1
Saint-Rémy-sur-Avre,28380,4058,8.5,TransakAuto,Agence DREUX,1
Saint-Cézaire-sur-Siagne,06530,4056,8.8,TransakAuto,Agence GRASSE,2
Seignosse,40510,4056,10.5,TransakAuto,Agence CAPBRETON,1
Le Croisic,44490,4056,17.3,TransakAuto,Agence SAINT-NAZAIRE,1
Landévant,56690,4056,19.3,TransakAuto,Agence LORIENT,1
Trouy,18570,4055,10.8,TransakAuto,Agence BOURGES,1
Offemont,90300,4051,5.9,AgenceAuto,belfort,2
Saint-Étienne-de-Tulmont,82410,4051,6.7,AgenceAuto,montauban,2
Le Cellier,44850,4051,14.1,TransakAuto,Agence ANCENIS,1
Bâgé-Dommartin,01380,4050,16.3,TransakAuto,Agence MACON,1
Générac,30510,4046,7.2,Simplicicar,vauvert,4
Le Coudray,28630,4038,3.4,TransakAuto,Agence CHARTRES,1
Hochfelden,67270,4038,15.9,TransakAuto,Agence STRASBOURG NORD,3
Pont-Scorff,56620,4037,6.5,Simplicicar,lorient,2
Bressols,82710,4036,4.6,TransakAuto,Agence MONTAUBAN,2
Beauvoir-sur-Mer,85230,4035,18.7,TransakAuto,Agence CHALLANS,1
Savigné-l'Évêque,72460,4031,13.1,TransakAuto,Agence LE MANS,1
Bresles,60510,4029,9.6,Simplicicar,beauvais,2
Plouarzel,29810,4029,19.0,AgenceAuto,brest,3
Saint-Vallier,26240,4027,13.1,TransakAuto,Agence DAVEZIEUX,1
Bourg-Achard,27310,4026,17.4,TransakAuto,Agence ELBEUF,1
Montmélian,73800,4024,16.5,Simplicicar,aix-les-bains,2
Montsoult,95560,4023,1.0,AgenceAuto,la-croix-verte,6
Nogent-le-Roi,28210,4021,18.4,TransakAuto,Agence DREUX,1
La Chapelle-de-Guinchay,71570,4018,4.5,TransakAuto,Agence MACON,1
Port-Vendres,66660,4018,18.1,Simplicicar,perpignan,1
Presles,95590,4017,5.3,AgenceAuto,la-croix-verte,8
Cinq-Mars-la-Pile,37130,4015,19.5,TransakAuto,Agence TOURS SUD,1
Vaux-sur-Mer,17640,4013,4.0,Simplicicar,royan,1
Neuville-Saint-Rémy,59554,4012,1.7,TransakAuto,Agence CAMBRAI,1
Gravigny,27930,4012,3.8,Simplicicar,evreux,2
Limonest,69760,4012,4.2,TransakAuto,Agence CALUIRE-ET-CUIRE,9
Cordemais,44360,4012,15.9,TransakAuto,Agence NANTES NORD,1
Avesnes-sur-Helpe,59440,4012,17.7,TransakAuto,Agence MAUBEUGE,1
Layrac,47390,4010,1.7,TransakAuto,Agence AGEN,1
Le Plessis-Belleville,60330,4009,1.3,TransakAuto,Agence DAMMARTIN EN GOELE,2
Vaulnaveys-le-Haut,38410,4006,13.2,TransakAuto,Agence GRENOBLE OUEST,3
Rives-en-Seine,76490,4002,11.6,TransakAuto,Agence YVETOT,2
Raimbeaucourt,59283,4000,8.5,TransakAuto,Agence DOUAI,4
Juillan,65290,3999,2.9,TransakAuto,Agence TARBES,1
Masny,59176,3999,11.4,TransakAuto,Agence DOUAI,2
Saint-Aignan-Grandlieu,44860,3996,6.2,AgenceAuto,nantes-sud-est,2
Duclair,76480,3996,16.3,TransakAuto,Agence YVETOT,3
La Gacilly,56200,3995,10.3,TransakAuto,Agence REDON,1
Grand Bourgtheroulde,27520,3995,13.5,TransakAuto,Agence ELBEUF,1
Fourchambault,58600,3992,3.6,AgenceAuto,nevers,1
Oberhoffen-sur-Moder,67240,3992,11.7,TransakAuto,Agence HAGUENAU,2
Montady,34310,3990,4.5,TransakAuto,Agence BEZIERS,1
Saint-Nolff,56250,3990,5.9,TransakAuto,Agence VANNES,3
Pléneuf-Val-André,22370,3988,4.2,TransakAuto,Agence LAMBALLE,3
La Bruffière,85530,3987,19.7,TransakAuto,Agence CHOLET,1
Le Lude,72800,3983,18.5,Simplicicar,la-fleche,1
Pujaut,30131,3982,8.9,TransakAuto,Agence AVIGNON,2
Sailly-sur-la-Lys,62840,3981,18.7,TransakAuto,Agence LILLE,2
Rousies,59131,3980,3.4,TransakAuto,Agence MAUBEUGE,1
Cires-lès-Mello,60660,3978,9.7,Simplicicar,st-maximin,3
Le Bignon,44140,3976,3.1,AgenceAuto,nantes-sud-est,2
Poligny,39800,3976,19.6,TransakAuto,Agence LONS LE SAUNIER,1
Boos,76520,3975,13.0,TransakAuto,Agence ROUEN,2
Erquy,22430,3974,9.9,TransakAuto,Agence LAMBALLE,1
Porte-de-Savoie,73800,3974,14.2,Simplicicar,aix-les-bains,2
Châtelaudren-Plouagat,22170,3974,18.5,AgenceAuto,saint-brieuc,2
Fontaine-le-Comte,86240,3972,7.9,TransakAuto,Agence POITIERS,1
Villeveyrac,34560,3972,8.6,TransakAuto,Agence SETE,2
Quessoy,22120,3969,10.3,TransakAuto,Agence SAINT-BRIEUC,3
Plouvien,29860,3968,11.6,TransakAuto,Agence BREST,3
Salses-le-Château,66600,3965,13.9,TransakAuto,Agence PERPIGNAN NORD SAINT ESTEVE,1
Saint-Pierre,97250,3961,19.3,AgenceAuto,martinique,1
Argences,14370,3959,11.1,TransakAuto,Agence CAEN,1
Loperhet,29470,3959,11.7,Simplicicar,brest,3
Toufflers,59390,3957,8.0,AgenceAuto,wasquehal,6
Condrieu,69420,3957,12.7,Simplicicar,vienne,2
Hondschoote,59122,3957,13.6,Simplicicar,dunkerque,3
Mozac,63200,3957,15.9,TransakAuto,Agence CLERMONT FERRAND SUD,1
Replonges,01750,3956,9.2,TransakAuto,Agence MACON,1
Allaire,56350,3955,11.4,TransakAuto,Agence REDON,1
Quévert,22100,3955,16.0,AgenceAuto,saint-malo,1
Maing,59233,3954,5.2,AgenceAuto,valenciennes,2
Verfeil,31590,3954,13.2,AgenceAuto,toulouse-nord,3
Saint-Nabord,88200,3953,16.2,AgenceAuto,epinal,1
Jarrie,38560,3952,9.0,TransakAuto,Agence GRENOBLE OUEST,1
La Chaize-le-Vicomte,85310,3948,18.2,TransakAuto,Agence LA ROCHE SUR YON,1
Montry,77450,3945,4.2,AgenceAuto,chessy,4
Pierrevert,04860,3945,4.7,TransakAuto,Agence MANOSQUE,1
Saint-Martin-en-Haut,69850,3942,16.8,Simplicicar,lyon-ouest,2
Boissise-le-Roi,77310,3941,11.7,TransakAuto,Agence LIEUSAINT,1
Tinténiac,35190,3939,18.2,TransakAuto,Agence RENNES OUEST,1
Ferrières-en-Brie,77164,3932,8.1,AgenceAuto,chessy,8
La Rochette,77000,3932,14.3,TransakAuto,Agence LIEUSAINT,1
Mézières-sur-Seine,78970,3923,2.7,AgenceAuto,epone,3
Saint-Chef,38890,3921,8.8,TransakAuto,Agence BOURGOIN-JAILLEU,3
Lauris,84360,3921,18.4,TransakAuto,Agence PERTUIS,1
Le May-sur-Èvre,49122,3920,12.5,TransakAuto,Agence CHOLET,1
Pagny-sur-Moselle,54530,3919,9.7,TransakAuto,Agence METZ,1
Arvert,17530,3917,12.6,Simplicicar,royan,1
Fay-aux-Loges,45450,3916,12.2,TransakAuto,Agence VIERZON,2
Coye-la-Forêt,60580,3915,10.3,Simplicicar,st-maximin,4
Santeny,94440,3913,5.3,TransakAuto,Agence BRIE-COMTE-ROBERT,10
Touques,14800,3913,10.6,TransakAuto,Agence DEAUVILLE,2
Ablis,78660,3913,10.8,TransakAuto,Agence RAMBOUILLET,1
Pont-de-Roide-Vermondans,25150,3912,7.0,TransakAuto,Agence MONTBELIARD,2
Les Anses-d'Arlet,97217,3912,13.6,AgenceAuto,martinique,1
Nouvoitou,35410,3911,15.6,Simplicicar,rennes,2
Richwiller,68120,3905,5.4,AgenceAuto,mulhouse-sud,2
Oudon,44521,3904,7.6,TransakAuto,Agence ANCENIS,1
Saint-Germain-sur-Morin,77860,3902,5.6,AgenceAuto,chessy,4
Aix-Noulette,62160,3902,7.8,TransakAuto,Agence LENS,4
Verberie,60410,3898,10.5,Simplicicar,compiegne,3
Belz,56550,3893,17.7,TransakAuto,Agence LORIENT,1
Blainville-sur-l'Eau,54360,3893,19.2,TransakAuto,Agence NANCY,2
Tavaux,39500,3888,8.7,AgenceAuto,dole,1
Boissy-sous-Saint-Yon,91790,3882,12.1,TransakAuto,Agence ETAMPES,2
Lherm,31600,3880,11.7,TransakAuto,Agence EAUNES,4
Domloup,35410,3877,15.4,AgenceAuto,rennes-nord,3
Jonquières-Saint-Vincent,30300,3875,14.3,AgenceAuto,nimes,4
Beaulieu-sur-Mer,06310,3874,6.8,Simplicicar,nice,4
Bosroumois,27670,3872,9.0,TransakAuto,Agence ELBEUF,1
Fraisses,42490,3872,14.2,TransakAuto,Agence SAINT ETIENNE,2
Ribécourt-Dreslincourt,60170,3871,15.7,TransakAuto,Agence COMPIEGNE,2
Saint-Cergues,74140,3869,6.0,AgenceAuto,annemasse,4
Saint-Léger-de-Linières,49070,3866,5.8,Simplicicar,angers,3
Pringy,77310,3864,11.3,TransakAuto,Agence LIEUSAINT,1
Saint-Gildas-des-Bois,44530,3860,19.6,TransakAuto,Agence REDON,1
Pipriac,35550,3859,16.6,TransakAuto,Agence REDON,1
Lapalud,84840,3853,7.5,TransakAuto,Agence BOLLENE,1
Sulniac,56250,3852,10.8,Simplicicar,vannes,3
Mazères,09270,3852,19.3,Simplicicar,pamiers,2
Sargé-lès-le-Mans,72190,3851,7.8,TransakAuto,Agence LE MANS,1
Holtzheim,67810,3850,9.6,AgenceAuto,strasbourg-nord,3
Villieu-Loyes-Mollon,01800,3849,3.5,Simplicicar,meximieux,3
Hasnon,59178,3849,7.1,TransakAuto,Agence VALENCIENNES,2
Bénodet,29950,3849,8.4,AgenceAuto,quimper,2
Pleumeur-Bodou,22560,3848,9.2,AgenceAuto,lannion,1
Meyrargues,13650,3847,5.4,AgenceAuto,aix-en-provence,4
Biéville-Beuville,14112,3840,6.7,TransakAuto,Agence CAEN,1
Saint-Palais-sur-Mer,17420,3840,7.0,Simplicicar,royan,1
Ferrières-en-Gâtinais,45210,3839,11.2,TransakAuto,Agence MONTARGIS,1
Violaines,62138,3839,12.9,TransakAuto,Agence LENS,4
Genilac,42800,3839,15.9,TransakAuto,Agence SAINT ETIENNE,1
Saint-Georges-sur-Loire,49170,3836,11.7,Simplicicar,angers,2
Gundershoffen,67110,3834,10.5,TransakAuto,Agence HAGUENAU,1
Mondragon,84430,3833,13.0,TransakAuto,Agence BOLLENE,2
Saint-Mard,77230,3832,7.1,TransakAuto,Agence DAMMARTIN EN GOELE,4
Collonges-sous-Salève,74160,3832,10.8,AgenceAuto,annemasse,5
Saint-André-de-l'Eure,27220,3829,13.5,TransakAuto,Agence EVREUX,3
Celles-sur-Belle,79370,3829,16.7,TransakAuto,Agence NIORT,2
Montgermont,35760,3827,0.7,AgenceAuto,rennes-nord,3
Le Thuit de l'Oison,27370,3827,9.4,TransakAuto,Agence ELBEUF,1
Les Martres-de-Veyre,63730,3826,9.5,TransakAuto,Agence CLERMONT FERRAND SUD,1
Coudoux,13111,3825,12.8,TransakAuto,Agence AIX EN PROVENCE SUD,6
Clouange,57185,3824,9.7,TransakAuto,Agence SAINT-DIZIER,3
Callian,83440,3823,13.1,TransakAuto,Agence GRASSE,1
Trébeurden,22560,3821,9.8,AgenceAuto,lannion,1
Soorts-Hossegor,40150,3817,6.3,TransakAuto,Agence CAPBRETON,1
Châteauneuf-Grasse,06740,3815,5.6,TransakAuto,Agence GRASSE,7
Argonay,74370,3807,6.1,TransakAuto,Agence ANNECY,3
Bouliac,33270,3804,9.2,TransakAuto,Agence CADAUJAC,6
Montmerle-sur-Saône,01090,3799,9.6,TransakAuto,Agence VILLEFRANCHE SUR SAONE,2
Lavernose-Lacasse,31410,3798,11.0,TransakAuto,Agence EAUNES,3
La Bazoge,72650,3796,13.3,TransakAuto,Agence LE MANS,1
Val de Virvée,33240,3793,14.4,AgenceAuto,bordeaux-rive-droite,3
Bruyères-le-Châtel,91680,3788,13.4,AgenceAuto,palaiseau,4
Saint-Symphorien-sur-Coise,69590,3785,15.1,Simplicicar,moto-veauche,3
Chauconin-Neufmontiers,77124,3784,3.3,TransakAuto,Agence MEAUX,4
Alénya,66200,3782,0.8,Simplicicar,perpignan,2
Bénesse-Maremne,40230,3780,3.9,TransakAuto,Agence CAPBRETON,2
Ploubezre,22300,3780,5.3,AgenceAuto,lannion,2
Grand-Aigueblanche,73260,3780,19.8,TransakAuto,Agence ALBERTVILLE,1
Marcy-l'Étoile,69280,3778,4.7,TransakAuto,Agence CALUIRE-ET-CUIRE,8
Saint-Clair-du-Rhône,38370,3778,14.8,Simplicicar,vienne,2
Nazelles-Négron,37530,3776,19.2,AgenceAuto,tours,1
Barby,73230,3772,7.8,Simplicicar,aix-les-bains,2
Saint-Ay,45130,3766,8.8,Simplicicar,orleans,2
Charlieu,42190,3766,15.1,TransakAuto,Agence ROANNE,1
Puiseux-en-France,95380,3765,13.9,AgenceAuto,la-croix-verte,5
Saint-Martin-la-Plaine,42800,3764,17.8,TransakAuto,Agence SAINT ETIENNE,2
Brantôme en Périgord,24310,3763,19.9,TransakAuto,Agence PERIGUEUX,1
Torreilles,66440,3753,12.9,TransakAuto,Agence PERPIGNAN NORD SAINT ESTEVE,2
Malville,44260,3752,19.8,TransakAuto,Agence NANTES NORD,1
Doussard,74210,3751,16.2,TransakAuto,Agence ALBERTVILLE,3
Saïx,81710,3748,4.2,TransakAuto,Agence CASTRES,1
Varennes-sur-Seine,77130,3748,6.7,TransakAuto,Agence FONTAINEBLEAU,1
Saint-Selve,33650,3746,10.1,TransakAuto,Agence CADAUJAC,1
Montreuil-Bellay,49260,3746,11.0,TransakAuto,Agence SAUMUR,1
Labastide-Saint-Pierre,82370,3745,7.8,TransakAuto,Agence MONTAUBAN,2
Rœulx,59172,3743,12.3,AgenceAuto,valenciennes,3
Pannes,45700,3740,7.6,TransakAuto,Agence MONTARGIS,1
Éperlecques,62910,3737,11.0,Simplicicar,saint-omer,1
Commequiers,85220,3735,7.5,TransakAuto,Agence CHALLANS,1
Lourches,59156,3734,10.5,AgenceAuto,valenciennes,3
Ploudaniel,29260,3732,15.1,TransakAuto,Agence BREST,3
Bailly,78870,3731,6.9,TransakAuto,Agence LES CLAYES SOUS BOIS,8
La Ferté-Alais,91590,3731,16.7,TransakAuto,Agence ETAMPES,1
Bohars,29820,3727,4.3,AgenceAuto,brest,3
Pélussin,42410,3727,18.8,TransakAuto,Agence DAVEZIEUX,1
Cabourg,14390,3725,15.5,TransakAuto,Agence CAEN,1
Montamisé,86360,3723,10.6,TransakAuto,Agence POITIERS,1
Sochaux,25600,3721,3.3,AgenceAuto,montbeliard,4
Veyre-Monton,63960,3721,9.4,TransakAuto,Agence CLERMONT FERRAND SUD,1
Le Carbet,97221,3721,12.2,AgenceAuto,martinique,1
Objat,19130,3721,15.9,TransakAuto,Agence BRIVE-LA-GAILLARDE,2
Houdan,78550,3721,18.6,TransakAuto,Agence DREUX,1
Plobannalec-Lesconil,29740,3718,18.4,AgenceAuto,quimper,1
Isneauville,76230,3716,4.2,TransakAuto,Agence ROUEN,1
Ardentes,36120,3715,11.2,TransakAuto,Agence CHATEAUROUX,2
Latresne,33360,3714,6.6,TransakAuto,Agence CADAUJAC,6
Blanzat,63112,3709,8.9,TransakAuto,Agence CLERMONT FERRAND SUD,1
Montastruc-la-Conseillère,31380,3708,10.1,AgenceAuto,toulouse-nord,3
Flassans-sur-Issole,83340,3706,10.1,TransakAuto,Agence BRIGNOLES,1
Moréac,56500,3704,16.8,TransakAuto,Agence PLOERMEL,1
Peyrehorade,40300,3700,16.8,TransakAuto,Agence DAX,2
Moncé-en-Belin,72230,3697,9.8,TransakAuto,Agence LE MANS,1
Vouillé,86190,3697,11.8,TransakAuto,Agence POITIERS,1
Morschwiller-le-Bas,68790,3694,2.0,AgenceAuto,mulhouse-sud,2
La Rivière-de-Corps,10440,3692,1.5,AgenceAuto,troyes,3
Meurchin,62410,3691,9.7,TransakAuto,Agence LENS,4
Saint-Laurent-d'Aigouze,30220,3690,15.0,Simplicicar,vauvert,2
Étupes,25460,3689,4.7,AgenceAuto,montbeliard,4
Coulanges-lès-Nevers,58660,3688,5.8,AgenceAuto,nevers,1
Neuvic,24190,3687,19.0,TransakAuto,Agence PERIGUEUX,1
Geneston,44140,3685,5.9,AgenceAuto,nantes-sud-est,1
Sainte-Gemmes-sur-Loire,49130,3685,6.1,Simplicicar,angers,3
La Chapelle-Saint-Ursin,18570,3681,8.6,TransakAuto,Agence BOURGES,1
Pont-de-l'Isère,26600,3681,11.3,Simplicicar,valence,3
Quincieux,69650,3679,4.8,Simplicicar,lyon-nord,5
Dampmart,77400,3677,2.2,AgenceAuto,chessy,5
Estrablin,38780,3677,2.9,TransakAuto,Agence VIENNE,2
Breteil,35160,3675,14.8,TransakAuto,Agence RENNES OUEST,3
Fillinges,74250,3671,5.6,TransakAuto,Agence ANNEMASSE,4
Étrépagny,27150,3670,12.8,TransakAuto,Agence GISORS,1
Lectoure,32700,3670,18.1,TransakAuto,Agence AGEN,1
Templemars,59175,3669,1.3,AgenceAuto,lille-seclin,5
Champagné,72470,3666,11.8,TransakAuto,Agence LE MANS,1
Saint-Héand,42570,3665,7.6,Simplicicar,veauche,3
Saint-Nicolas-d'Aliermont,76510,3665,11.8,TransakAuto,Agence DIEPPE,1
Estrées-Saint-Denis,60190,3664,10.8,TransakAuto,Agence COMPIEGNE,3
Belleu,02200,3659,1.4,Simplicicar,soissons,1
Martillac,33650,3659,2.8,TransakAuto,Agence CADAUJAC,3
Gallargues-le-Montueux,30660,3659,8.0,Simplicicar,vauvert,6
Saint-Vallier-de-Thiey,06460,3658,7.6,TransakAuto,Agence GRASSE,2
Arcangues,64200,3657,3.7,AgenceAuto,biarritz-bab,3
Saint-Philbert-de-Bouaine,85660,3653,13.3,AgenceAuto,nantes-sud-est,1
Chaniers,17610,3651,8.4,TransakAuto,Agence SAINTES,1
Saint-Erblon,35230,3651,8.6,Simplicicar,rennes,3
Garchizy,58600,3648,6.1,AgenceAuto,nevers,1
Salindres,30340,3648,12.1,TransakAuto,Agence ALES,1
Champagney,70290,3647,14.5,AgenceAuto,hericourt,2
Ézy-sur-Eure,27530,3644,13.6,TransakAuto,Agence DREUX,1
Champhol,28300,3643,6.2,TransakAuto,Agence CHARTRES,1
Plestin-les-Grèves,22310,3639,15.9,AgenceAuto,lannion,2
Gelos,64110,3637,7.4,TransakAuto,Agence PAU,2
Saint-Germain-du-Corbéis,61000,3636,2.0,TransakAuto,Agence ALENCON,1
Rivery,80136,3636,8.8,AgenceAuto,amiens,2
Saint-Léger-du-Bourg-Denis,76160,3633,6.5,TransakAuto,Agence ROUEN,2
Viviers,07220,3633,7.3,TransakAuto,Agence MONTELIMAR,2
Montussan,33450,3628,5.7,AgenceAuto,bordeaux-rive-droite,6
Saint-Clair-de-la-Tour,38110,3628,17.4,TransakAuto,Agence BOURGOIN-JAILLEU,1
Lizy-sur-Ourcq,77440,3627,15.3,TransakAuto,Agence MEAUX,1
Le Vaudreuil,27100,3624,12.9,TransakAuto,Agence ELBEUF,1
Saint-Brès,34670,3623,1.6,TransakAuto,Agence LUNEL,5
Marzy,58180,3623,2.9,AgenceAuto,nevers,1
Saint-Jean-de-Moirans,38430,3620,18.9,TransakAuto,Agence GRENOBLE OUEST,1
Boujan-sur-Libron,34760,3619,10.9,TransakAuto,Agence BEZIERS,1
Pradines,46090,3617,3.3,TransakAuto,Agence CAHORS,1
Cournonsec,34660,3616,5.5,TransakAuto,Agence SETE,4
Orcines,63870,3609,10.0,TransakAuto,Agence CLERMONT FERRAND SUD,1
Villaz,74370,3607,10.2,TransakAuto,Agence ANNECY,4
Le Pont-de-Beauvoisin,38480,3602,19.2,Simplicicar,aix-les-bains,2
Givry,71640,3598,5.3,TransakAuto,Agence CHALON-SUR-SAONE,2
Cléry-Saint-André,45370,3596,10.8,Simplicicar,orleans,2
Marines,95640,3594,11.4,AgenceAuto,cergy-pontoise,3
Neuilly-Crimolois,21800,3588,5.0,TransakAuto,Agence DIJON,3
Espaly-Saint-Marcel,43000,3585,7.9,Simplicicar,puy-en-velay,1
Baziège,31450,3583,8.2,TransakAuto,Agence VILLEFRANCHE-DE-LAURAGAIS,3
Orry-la-Ville,60560,3583,11.3,Simplicicar,st-maximin,5
Bavans,25550,3582,5.7,TransakAuto,Agence MONTBELIARD,4
Magalas,34480,3582,19.1,TransakAuto,Agence BEZIERS,1
Sauvagnon,64230,3579,2.9,Simplicicar,pau,2
Saint-Germain-des-Fossés,03260,3579,6.0,Simplicicar,vichy,1
Lumbres,62380,3579,10.8,Simplicicar,saint-omer,1
Pompignac,33370,3577,8.0,AgenceAuto,bordeaux-rive-droite,6
Saint-Évarzec,29170,3574,4.8,AgenceAuto,quimper,2
Bourg-Blanc,29860,3573,7.6,TransakAuto,Agence BREST,3
Plan-d'Orgon,13750,3573,11.7,TransakAuto,Agence L&rsquo;ISLE SUR LA SORGUE,2
Fontvieille,13990,3571,10.0,TransakAuto,Agence ARLES,1
La Roche-de-Glun,26600,3569,11.4,Simplicicar,valence,3
Corps-Nuds,35150,3567,15.3,Simplicicar,rennes,1
Saint-Brice-Courcelles,51370,3566,2.3,Simplicicar,reims,2
Vouillé,79230,3566,4.5,TransakAuto,Agence NIORT,2
Servon,77170,3565,2.9,TransakAuto,Agence BRIE-COMTE-ROBERT,9
Châteauneuf-de-Gadagne,84470,3565,6.8,TransakAuto,Agence L&rsquo;ISLE SUR LA SORGUE,2
Avesnes-les-Aubert,59129,3562,9.8,TransakAuto,Agence CAMBRAI,2
Réalmont,81120,3561,13.5,TransakAuto,Agence ALBI,1
Olemps,12510,3559,4.2,AgenceAuto,rodez,3
Sainte-Tulle,04220,3558,3.7,TransakAuto,Agence MANOSQUE,1
Tosse,40230,3556,11.7,TransakAuto,Agence CAPBRETON,1
Saint-Julien-lès-Metz,57070,3554,3.0,AgenceAuto,metz,2
Loyettes,01360,3554,3.7,TransakAuto,Agence ANTHON,3
Saint-Laurent-sur-Sèvre,85290,3550,8.2,TransakAuto,Agence CHOLET,1
Échiré,79410,3549,3.5,TransakAuto,"Agence NAMUR, BELGIQUE",2
Varennes-sur-Allier,03150,3549,19.3,Simplicicar,vichy,1
Puygouzon,81120,3548,3.2,TransakAuto,Agence ALBI,1
Saucats,33650,3548,12.8,TransakAuto,Agence CADAUJAC,1
Messimy,69510,3546,7.7,Simplicicar,lyon-ouest,5
Allennes-les-Marais,59251,3545,7.3,TransakAuto,Agence SECLIN,7
Saint-Georges-d'Espéranche,38790,3545,13.3,TransakAuto,Agence VIENNE,3
Fargues-Saint-Hilaire,33370,3543,11.1,AgenceAuto,bordeaux-rive-droite,6
Pleumeleuc,35137,3543,12.5,TransakAuto,Agence RENNES OUEST,3
Saint-Soupplets,77165,3542,7.6,TransakAuto,Agence DAMMARTIN EN GOELE,3
Carcès,83570,3540,14.3,TransakAuto,Agence BRIGNOLES,1
Deauville,14800,3539,12.2,TransakAuto,Agence DEAUVILLE,1
Le Breuil,71670,3538,16.5,AgenceAuto,montceau-les-mines,1
Saint-Maur,36250,3537,3.9,AgenceAuto,chateauroux,2
Rubelles,77950,3537,10.5,TransakAuto,Agence LIEUSAINT,3
Crémieu,38460,3536,6.7,Simplicicar,nord-isere,4
La Bernerie-en-Retz,44760,3536,7.4,AgenceAuto,pornic,2
Varangéville,54110,3536,9.4,AgenceAuto,nancy,3
Bains-sur-Oust,35600,3535,3.6,TransakAuto,Agence REDON,1
Béligneux,01360,3535,6.5,Simplicicar,meximieux,3
Saint-Julien-les-Rosiers,30340,3533,13.1,TransakAuto,Agence ALES,1
Cerny,91590,3531,12.5,TransakAuto,Agence ETAMPES,1
Gallardon,28320,3530,13.6,TransakAuto,Agence RAMBOUILLET,1
Portiragnes,34420,3530,14.4,TransakAuto,Agence BEZIERS,1
Quissac,30260,3528,18.2,TransakAuto,Agence ALES,1
Mérignies,59710,3527,7.3,TransakAuto,Agence SECLIN,5
Vertaizon,63910,3527,13.3,TransakAuto,Agence CLERMONT FERRAND SUD,1
Mouriès,13890,3527,19.3,Simplicicar,salon,1
Bergues,59380,3525,5.9,TransakAuto,Agence DUNKERQUE,3
Espira-de-l'Agly,66600,3524,9.4,TransakAuto,Agence PERPIGNAN NORD SAINT ESTEVE,1
Saint-Didier-en-Velay,43140,3523,19.6,TransakAuto,Agence SAINT ETIENNE,1
Danjoutin,90400,3519,0.9,AgenceAuto,belfort,4
Marssac-sur-Tarn,81150,3518,9.5,TransakAuto,Agence ALBI,1
Sallertaine,85300,3518,9.6,TransakAuto,Agence CHALLANS,1
Rieumes,31370,3517,16.8,AgenceAuto,toulouse-fontenilles,1
Capestang,34310,3514,9.6,TransakAuto,Agence BEZIERS,3
Weyersheim,67720,3512,11.1,TransakAuto,Agence STRASBOURG NORD,3
Sorède,66690,3512,14.2,Simplicicar,perpignan,1
Val-du-Layon,49190,3510,17.1,Simplicicar,angers,1
Montalieu-Vercieu,38390,3510,17.3,TransakAuto,Agence ANTHON,3
Savigneux,42600,3509,15.0,Simplicicar,moto-veauche,2
Hérimoncourt,25310,3508,7.6,TransakAuto,Agence MONTBELIARD,4
La Forêt-Fouesnant,29940,3508,9.0,AgenceAuto,quimper,2
Sainte-Geneviève,60730,3505,15.9,Simplicicar,beauvais,4
Chaumes-en-Brie,77390,3503,11.7,AgenceAuto,gretz-armainvilliers,2
Issenheim,68500,3502,16.6,AgenceAuto,mulhouse,2
Saint-Colomban,44310,3500,10.4,AgenceAuto,nantes-sud-est,1
La Buisse,38500,3500,17.5,TransakAuto,Agence GRENOBLE OUEST,1
Chanceaux-sur-Choisille,37390,3499,14.8,AgenceAuto,tours,2
Hornaing,59171,3496,9.8,TransakAuto,Agence VALENCIENNES,2
Mercury,73200,3495,4.2,TransakAuto,Agence ALBERTVILLE,1
Taninges,74440,3491,8.7,TransakAuto,Agence SALLANCHES,2
Gerstheim,67150,3490,11.3,Simplicicar,strasbourg,1
Varilhes,09120,3487,0.7,Simplicicar,pamiers,1
Lapugnoy,62122,3481,4.6,TransakAuto,Agence BETHUNE,1
Ruaudin,72230,3481,7.5,TransakAuto,Agence LE MANS,1
Barbazan-Debat,65690,3478,6.4,TransakAuto,Agence TARBES,1
Le Mérévillois,91660,3477,15.3,TransakAuto,Agence ETAMPES,1
Artix,64170,3477,15.5,TransakAuto,Agence PAU,2
Sainte-Catherine,62223,3471,3.8,Simplicicar,arras,3
Crêts en Belledonne,38570,3470,14.3,AgenceAuto,grenoble,2
Saint-Cyr-en-Val,45590,3467,10.2,Simplicicar,orleans,3
La Chapelle-Heulin,44330,3467,16.4,AgenceAuto,nantes-sud-est,1
Crèvecœur-le-Grand,60360,3462,18.8,TransakAuto,Agence BEAUVAIS,1
Cléguer,56620,3460,10.1,Simplicicar,lorient,2
La Jarrie,17220,3458,7.3,TransakAuto,Agence LA ROCHELLE / AYTRE,1
Lampertheim,67450,3457,1.8,TransakAuto,Agence STRASBOURG NORD,4
Saint-Jeoire,74490,3457,10.5,Simplicicar,genevois,5
Villeneuve-la-Guyard,89340,3455,16.5,TransakAuto,Agence FONTAINEBLEAU,1
Saint-Caprais-de-Bordeaux,33880,3450,8.8,TransakAuto,Agence CADAUJAC,4
Choisy-au-Bac,60750,3449,9.4,TransakAuto,Agence COMPIEGNE,2
La Boisse,01120,3449,11.5,AgenceAuto,lyon-nord,9
Saint-Sulpice-de-Royan,17200,3446,1.4,Simplicicar,royan,1
Verquin,62131,3445,4.4,TransakAuto,Agence BETHUNE,2
Ligugé,86240,3444,7.0,TransakAuto,Agence POITIERS,1
Moult-Chicheboville,14370,3441,11.2,TransakAuto,Agence CAEN,1
Troarn,14670,3439,7.1,TransakAuto,Agence CAEN,1
Azay-le-Rideau,37190,3438,18.4,Simplicicar,tours,1
Coutiches,59310,3436,13.8,TransakAuto,Agence DOUAI,3
Bellevigne-les-Châteaux,49260,3435,7.8,TransakAuto,Agence SAUMUR,1
Andeville,60570,3434,18.2,Simplicicar,beauvais,1
Saint-Germain-Laprade,43700,3432,2.8,Simplicicar,puy-en-velay,1
Saint-Yvi,29140,3431,10.7,TransakAuto,Agence QUIMPER,2
Saint-Martin-du-Var,06670,3431,13.7,Simplicicar,nice,4
Sérent,56460,3429,16.0,TransakAuto,Agence PLOERMEL,1
Orbey,68370,3429,18.4,Simplicicar,colmar,1
Vic-la-Gardiole,34110,3428,8.5,TransakAuto,Agence SETE,4
Carpiquet,14650,3428,11.9,TransakAuto,Agence CAEN,1
Coëx,85220,3428,15.4,TransakAuto,Agence CHALLANS,2
Elliant,29370,3427,12.3,TransakAuto,Agence QUIMPER,2
Mours-Saint-Eusèbe,26540,3424,3.9,TransakAuto,Agence ROMANS SUR ISERE,2
Crach,56950,3423,17.4,AgenceAuto,vannes,1
Vouvray,37210,3420,11.2,AgenceAuto,tours,3
Saint-Romain-de-Jalionas,38460,3417,2.9,TransakAuto,Agence ANTHON,4
Essert,90850,3417,4.6,AgenceAuto,belfort,3
Plouër-sur-Rance,22490,3416,7.3,AgenceAuto,saint-malo,2
Bassussarry,64200,3414,3.7,AgenceAuto,biarritz-bab,3
Lespignan,34710,3414,4.1,TransakAuto,Agence BEZIERS,3
Le Pallet,44330,3413,15.3,AgenceAuto,nantes-sud-est,1
Feillens,01570,3411,12.3,TransakAuto,Agence MACON,1
Bourg-des-Comptes,35890,3411,12.5,Simplicicar,rennes,1
Hégenheim,68220,3410,0.9,TransakAuto,Agence SAINT-LOUIS,2
Saint-Médard-d'Eyrans,33650,3409,3.1,TransakAuto,Agence CADAUJAC,2
Colomars,06670,3409,6.9,Simplicicar,nice,4
Attignat,01340,3409,8.3,TransakAuto,Agence BOURG-EN-BRESSE,2
Mauves-sur-Loire,44470,3409,18.4,TransakAuto,Agence ANCENIS,1
Annet-sur-Marne,77410,3408,6.6,AgenceAuto,chessy,5
Vescovato,20215,3406,17.0,TransakAuto,Agence BASTIA,1
Fontanil-Cornillon,38120,3404,8.5,TransakAuto,Agence GRENOBLE OUEST,3
Thurins,69510,3404,11.3,Simplicicar,lyon-ouest,3
Mellac,29300,3404,18.1,Simplicicar,lorient,1
Iwuy,59141,3403,9.5,TransakAuto,Agence CAMBRAI,3
Saint-Vincent-de-Paul,40990,3402,7.7,AgenceAuto,dax,2
Traînou,45470,3402,12.9,TransakAuto,Agence ORLEANS,3
Auribeau-sur-Siagne,06810,3401,4.1,TransakAuto,Agence GRASSE,4
Villelaure,84530,3398,6.7,TransakAuto,Agence PERTUIS,3
Saint-Savournin,13119,3397,15.5,TransakAuto,Agence AIX EN PROVENCE SUD,1
Villiers-Saint-Frédéric,78640,3395,7.8,TransakAuto,Agence LES CLAYES SOUS BOIS,3
Vals-près-le-Puy,43750,3395,7.8,Simplicicar,puy-en-velay,1
Savonnières,37510,3392,11.7,TransakAuto,Agence TOURS SUD,3
Longages,31410,3392,14.6,TransakAuto,Agence EAUNES,1
Anduze,30140,3391,7.5,TransakAuto,Agence ALES,1
Pont-sur-Yonne,89140,3391,11.3,TransakAuto,Agence SENS,1
Forcalqueiret,83136,3389,2.7,TransakAuto,Agence BRIGNOLES,1
Montbert,44140,3388,7.2,AgenceAuto,nantes-sud-est,1
Saint-André,66690,3388,9.1,Simplicicar,perpignan,1
Narrosse,40180,3387,2.2,TransakAuto,Agence DAX,2
Mont-près-Chambord,41250,3386,9.0,TransakAuto,Agence BLOIS,1
Durtal,49430,3386,12.3,Simplicicar,la-fleche,1
Thomery,77810,3384,6.2,TransakAuto,Agence FONTAINEBLEAU,1
Porcheville,78440,3382,3.4,AgenceAuto,epone,4
Plougonven,29640,3382,11.1,TransakAuto,Agence MORLAIX,1
Vernet,31810,3381,4.0,TransakAuto,Agence EAUNES,3
Hulluch,62410,3371,7.2,TransakAuto,Agence LENS,4
Melgven,29140,3371,18.0,AgenceAuto,quimper,2
Saint-Cast-le-Guildo,22380,3371,19.8,TransakAuto,Agence SAINT-MALO,1
Saint-André-de-Corcy,01390,3370,6.2,TransakAuto,Agence LYON EST,4
Salles-d'Aude,11110,3369,9.7,TransakAuto,Agence BEZIERS,3
Buchelay,78200,3360,1.9,TransakAuto,Agence MANTES-LA-JOLIE,4
La Ville-Dieu-du-Temple,82290,3358,10.3,TransakAuto,Agence MONTAUBAN,1
Seilh,31840,3356,4.2,Simplicicar,toulouse-nord,6
Monterblanc,56250,3356,6.7,TransakAuto,Agence VANNES,3
Collégien,77090,3354,7.1,TransakAuto,Agence CHELLES,8
Saint-Andiol,13670,3353,11.6,TransakAuto,Agence L&rsquo;ISLE SUR LA SORGUE,2
Mareuil-lès-Meaux,77100,3345,2.6,TransakAuto,Agence MEAUX,3
Plélo,22170,3344,14.4,AgenceAuto,saint-brieuc,2
Castillon-la-Bataille,33350,3344,16.5,TransakAuto,Agence LIBOURNE,1
Mertzwiller,67580,3343,6.4,TransakAuto,Agence HAGUENAU,1
Merlimont,62155,3342,5.7,TransakAuto,Agence LE TOUQUET,1
Briis-sous-Forges,91640,3342,13.1,AgenceAuto,palaiseau,5
Bischoffsheim,67870,3342,14.2,Simplicicar,strasbourg,1
Cérans-Foulletourte,72330,3341,18.8,TransakAuto,Agence LE MANS,2
Chaumont-en-Vexin,60240,3338,7.4,TransakAuto,Agence GISORS,1
Val-au-Perche,61130,3336,9.3,AgenceAuto,nogent-le-rotrou,1
Doubs,25300,3335,1.1,AgenceAuto,pontarlier,2
Saint-Maximin,60740,3335,1.4,Simplicicar,st-maximin,3
Villelongue-de-la-Salanque,66410,3335,9.8,TransakAuto,Agence PERPIGNAN NORD SAINT ESTEVE,2
Champ-sur-Drac,38560,3335,12.8,TransakAuto,Agence GRENOBLE OUEST,1
Bernin,38190,3334,2.5,AgenceAuto,grenoble,3
Roscoff,29680,3334,18.9,TransakAuto,Agence MORLAIX,1
Veuzain-sur-Loire,41150,3333,18.6,TransakAuto,Agence BLOIS,1
Vourles,69390,3332,2.5,Simplicicar,lyon-ouest,8
Précy-sur-Oise,60460,3332,8.3,Simplicicar,st-maximin,4
Chaumontel,95270,3332,12.4,Simplicicar,st-maximin,5
Aigues-Vives,30670,3331,6.8,Simplicicar,vauvert,6
Palau-del-Vidre,66690,3329,7.9,Simplicicar,perpignan,2
Ceyzériat,01250,3328,9.2,TransakAuto,Agence BOURG-EN-BRESSE,2
Houplin-Ancoisne,59263,3326,3.5,AgenceAuto,lille-seclin,5
Bourgvallées,50750,3326,7.7,TransakAuto,Agence SAINT-LO,1
Hermanville-sur-Mer,14880,3323,10.4,TransakAuto,Agence CAEN,1
Besné,44160,3322,19.3,TransakAuto,Agence SAINT-NAZAIRE,1
Wizernes,62570,3321,3.6,Simplicicar,saint-omer,1
Évry-Grégy-sur-Yerre,77166,3321,5.1,TransakAuto,Agence BRIE-COMTE-ROBERT,3
Frépillon,95740,3317,6.5,TransakAuto,Agence CERGY,7
Le Folgoët,29260,3315,17.4,TransakAuto,Agence BREST,3
Ambès,33810,3313,11.7,TransakAuto,Agence BORDEAUX RIVE DROITE,4
La Roche-Blanche,63670,3311,4.6,TransakAuto,Agence CLERMONT FERRAND SUD,1
Pleuven,29170,3311,4.7,AgenceAuto,quimper,2
Saint-Nicolas-de-Redon,44460,3311,5.5,TransakAuto,Agence REDON,1
Montanay,69250,3308,3.0,TransakAuto,Agence LYON EST,9
Frossay,44320,3307,19.6,TransakAuto,Agence PORNIC,2
Lagardelle-sur-Lèze,31870,3303,1.7,TransakAuto,Agence EAUNES,3
Lavérune,34880,3302,4.0,TransakAuto,Agence MONTPELLIER,4
Mireval,34110,3301,6.4,TransakAuto,Agence MONTPELLIER,4
Rouans,44640,3301,15.8,TransakAuto,Agence NANTES NORD,1
Malissard,26120,3294,3.2,TransakAuto,Agence VALENCE,2
Saint-Just,34400,3293,4.8,TransakAuto,Agence LUNEL,3
La Membrolle-sur-Choisille,37390,3290,13.7,AgenceAuto,tours,2
Bernis,30620,3286,6.5,Simplicicar,vauvert,4
Froges,38190,3285,2.8,TransakAuto,Agence GRENOBLE EST,2
La Chapelle-Longueville,27950,3282,4.5,Simplicicar,vernon,3
Exincourt,25400,3277,2.3,AgenceAuto,montbeliard,4
Dordives,45680,3277,15.7,TransakAuto,Agence MONTARGIS,1
Pontpoint,60700,3275,6.6,AgenceAuto,senlis,5
Luc-sur-Mer,14530,3275,13.8,TransakAuto,Agence CAEN,1
Carantec,29660,3272,12.0,TransakAuto,Agence MORLAIX,1
Semoy,45400,3269,2.6,TransakAuto,Agence ORLEANS,3
Podensac,33720,3269,17.2,TransakAuto,Agence CADAUJAC,1
Bonne,74380,3267,3.4,TransakAuto,Agence ANNEMASSE,4
Odos,65310,3265,2.2,TransakAuto,Agence TARBES,1
Amfreville-la-Mi-Voie,76920,3265,7.9,TransakAuto,Agence ROUEN,2
Corcoué-sur-Logne,44650,3265,17.6,AgenceAuto,nantes-sud-est,1
Montmorot,39570,3261,2.1,AgenceAuto,lons-le-saunier,2
Les Noës-près-Troyes,10420,3261,2.6,AgenceAuto,troyes,3
Saint-Hilaire-Saint-Mesmin,45160,3261,4.5,Simplicicar,orleans,2
Hoymille,59492,3259,6.9,TransakAuto,Agence DUNKERQUE,3
Cessieu,38110,3259,9.0,TransakAuto,Agence BOURGOIN-JAILLEU,1
Puylaurens,81700,3257,9.9,TransakAuto,Agence CASTRES,1
Neuvecelle,74500,3256,17.6,TransakAuto,Agence THONON-LES-BAINS,1
Vonnas,01540,3255,15.2,AgenceAuto,bourg-en-bresse,3
Moussy-le-Neuf,77230,3253,10.6,TransakAuto,Agence DAMMARTIN EN GOELE,1
Lespinasse,31150,3251,4.4,Simplicicar,toulouse-nord,5
Neauphle-le-Château,78640,3250,6.4,TransakAuto,Agence LES CLAYES SOUS BOIS,4
Bavay,59570,3249,10.7,TransakAuto,Agence MAUBEUGE,1
Pers-Jussy,74930,3245,9.2,Simplicicar,genevois,3
Volx,04130,3243,6.9,TransakAuto,Agence MANOSQUE,1
Azay-sur-Cher,37270,3243,8.4,AgenceAuto,tours,3
Offranville,76550,3242,6.5,TransakAuto,Agence DIEPPE,1
Albias,82350,3240,7.0,AgenceAuto,montauban,2
Plogonnec,29180,3236,11.8,TransakAuto,Agence QUIMPER,2
Bousse,57310,3236,14.7,TransakAuto,Agence THIONVILLE,3
Jard-sur-Mer,85520,3235,13.5,TransakAuto,Agence LES SABLES D&rsquo;OLONNE,1
Sébazac-Concourès,12740,3234,6.8,AgenceAuto,rodez,3
Anould,88650,3234,10.3,AgenceAuto,saint-die-des-vosges,1
Boves,80440,3234,11.3,AgenceAuto,amiens,2
Romilly-sur-Andelle,27610,3234,15.9,TransakAuto,Agence ELBEUF,2
Lansargues,34130,3233,4.9,TransakAuto,Agence LUNEL,4
Bram,11150,3233,16.8,TransakAuto,Agence CARCASSONNE,2
Carentoir,56910,3232,16.2,TransakAuto,Agence REDON,1
Baho,66540,3231,3.1,TransakAuto,Agence PERPIGNAN NORD SAINT ESTEVE,2
Renaison,42370,3231,10.5,TransakAuto,Agence ROANNE,1
La Tour-du-Crieu,09100,3230,5.6,Simplicicar,pamiers,1
Latour-Bas-Elne,66200,3228,4.4,Simplicicar,perpignan,2
Lignan-sur-Orb,34490,3227,8.1,TransakAuto,Agence BEZIERS,1
Ormoy,91540,3225,9.4,TransakAuto,Agence LIEUSAINT,4
Briollay,49125,3225,10.9,TransakAuto,Agence ANGERS,3
La Gaubretière,85130,3225,14.0,TransakAuto,Agence CHOLET,1
Saint-Geniès-de-Malgoirès,30190,3225,18.0,Simplicicar,nimes,2
Saint-Quay-Portrieux,22410,3224,18.4,TransakAuto,Agence SAINT-BRIEUC,2
Saint-Parres-aux-Tertres,10410,3223,9.3,AgenceAuto,troyes,3
Verneuil-l'Étang,77390,3223,13.2,AgenceAuto,gretz-armainvilliers,3
Haveluy,59255,3222,5.9,TransakAuto,Agence VALENCIENNES,2
Flixecourt,80420,3221,12.6,TransakAuto,Agence AMIENS,2
Magland,74300,3220,7.8,TransakAuto,Agence SALLANCHES,1
Bréviandes,10450,3219,8.0,AgenceAuto,troyes,3
Rochecorbon,37210,3219,10.2,AgenceAuto,tours,3
Montagny,69700,3218,5.7,Simplicicar,lyon-ouest,7
Saint-Martin-le-Beau,37270,3216,13.4,AgenceAuto,tours,3
Ville-di-Pietrabugno,20200,3215,6.1,TransakAuto,Agence BASTIA,1
Fretin,59273,3214,6.1,TransakAuto,Agence SECLIN,5
Ouroux-sur-Saône,71370,3214,7.5,AgenceAuto,chalon-sur-saone,2
Le Tignet,06530,3212,5.4,TransakAuto,Agence GRASSE,3
Proville,59267,3206,3.2,TransakAuto,Agence CAMBRAI,1
Davézieux,07430,3205,0.5,TransakAuto,Agence DAVEZIEUX,1
Creuzier-le-Vieux,03300,3205,2.5,Simplicicar,vichy,1
Fonbeauzard,31140,3204,2.4,Simplicicar,toulouse-nord,5
Saint-Paul-de-Vence,06570,3203,5.4,TransakAuto,Agence NICE OUEST,8
Saint-Malo-de-Guersac,44550,3203,11.5,TransakAuto,Agence SAINT-NAZAIRE,1
Guécélard,72230,3202,11.5,TransakAuto,Agence LE MANS,1
Knutange,57240,3199,11.7,TransakAuto,Agence THIONVILLE,2
Crêches-sur-Saône,71680,3198,1.4,TransakAuto,Agence MACON,1
Chantraine,88000,3198,1.9,AgenceAuto,epinal,2
Gagnac-sur-Garonne,31150,3198,4.5,Simplicicar,toulouse-nord,5
Saône,25660,3195,8.2,TransakAuto,Agence BESANCON,3
Bagnols-en-Forêt,83600,3194,15.1,TransakAuto,Agence DRAGUIGNAN,1
Plougasnou,29630,3192,12.7,TransakAuto,Agence MORLAIX,1
Souillac,46200,3192,18.8,TransakAuto,Agence SARLAT,1
Châteaugay,63119,3189,11.5,TransakAuto,Agence CLERMONT FERRAND SUD,1
Marsac-sur-l'Isle,24430,3187,2.0,TransakAuto,Agence PERIGUEUX,1
Druelle Balsac,12000,3187,9.2,AgenceAuto,rodez,3
Fontoy,57650,3184,12.7,TransakAuto,Agence THIONVILLE,2
Nay,64800,3184,19.9,TransakAuto,Agence PAU,1
Breuil-le-Vert,60600,3183,14.2,TransakAuto,Agence SAINT MAXIMIN,3
Lozanne,69380,3182,3.7,TransakAuto,Agence CALUIRE-ET-CUIRE,8
Salomé,59496,3182,13.0,TransakAuto,Agence LENS,4
Imphy,58160,3182,13.2,AgenceAuto,nevers,1
Lissieu,69380,3181,4.4,TransakAuto,Agence CALUIRE-ET-CUIRE,9
Camblanes-et-Meynac,33360,3181,5.7,TransakAuto,Agence CADAUJAC,5
Saint-Gervais-la-Forêt,41350,3180,4.6,TransakAuto,Agence BLOIS,1
Meschers-sur-Gironde,17132,3180,12.0,Simplicicar,royan,1
Sallèles-d'Aude,11590,3179,11.7,Simplicicar,narbonne,3
Toussieu,69780,3177,7.2,Simplicicar,st-priest,9
Marsilly,17137,3176,8.2,TransakAuto,Agence LA ROCHELLE / AYTRE,1
Voujeaucourt,25420,3174,2.6,AgenceAuto,montbeliard,4
Merlevenez,56700,3174,10.0,TransakAuto,Agence LORIENT,2
Cossé-le-Vivien,53230,3174,15.7,TransakAuto,Agence LAVAL,1
Saint-Georges-des-Groseillers,61100,3173,0.4,TransakAuto,Agence FLERS,1
Baraqueville,12160,3173,14.2,AgenceAuto,rodez,3
Dolomieu,38110,3173,16.5,TransakAuto,Agence BOURGOIN-JAILLEU,1
Maulévrier,49360,3172,11.9,TransakAuto,Agence CHOLET,1
Mirepoix,09500,3172,19.7,Simplicicar,pamiers,1
Escaudœuvres,59161,3171,3.1,TransakAuto,Agence CAMBRAI,1
Sainte-Bazeille,47180,3171,11.4,TransakAuto,Agence LANGON,1
Velleron,84740,3168,4.5,TransakAuto,Agence L&rsquo;ISLE SUR LA SORGUE,2
La Tessoualle,49280,3167,6.8,TransakAuto,Agence CHOLET,1
Pleyber-Christ,29410,3166,6.8,TransakAuto,Agence MORLAIX,1
Saint-Mammès,77670,3162,2.4,TransakAuto,Agence FONTAINEBLEAU,1
Berlaimont,59145,3159,14.0,TransakAuto,Agence MAUBEUGE,1
Échenoz-la-Méline,70000,3158,3.8,AgenceAuto,vesoul,1
Montberon,31140,3158,7.8,Simplicicar,toulouse-nord,4
Médis,17600,3157,4.8,Simplicicar,royan,1
Longperrier,77230,3152,8.1,TransakAuto,Agence DAMMARTIN EN GOELE,3
Saint-Georges-sur-Baulche,89000,3151,9.3,TransakAuto,Agence AUXERRE,1
La Guerche-sur-l'Aubois,18150,3151,14.8,AgenceAuto,nevers,1
La Flotte,17630,3150,19.8,TransakAuto,Agence LA ROCHELLE / AYTRE,1
Gilly-sur-Isère,73200,3149,1.5,TransakAuto,Agence ALBERTVILLE,1
Château-Landon,77570,3149,17.2,TransakAuto,Agence MONTARGIS,1
Saint-Thégonnec Loc-Eguiner,29410,3148,8.9,TransakAuto,Agence MORLAIX,1
Chorges,05230,3146,14.1,TransakAuto,Agence GAP,1
Boutigny-sur-Essonne,91820,3146,18.3,TransakAuto,Agence ETAMPES,1
Quarouble,59243,3145,11.1,TransakAuto,Agence VALENCIENNES,2
Solaize,69360,3144,6.1,Simplicicar,lyon-ouest,8
Galgon,33133,3144,10.1,TransakAuto,Agence LIBOURNE,3
Charmes-sur-Rhône,07800,3143,9.0,TransakAuto,Agence VALENCE,2
Coubon,43700,3140,6.5,Simplicicar,puy-en-velay,1
Avensan,33480,3140,15.8,Simplicicar,merignac,3
Éloyes,88510,3138,15.4,AgenceAuto,epinal,2
Manom,57100,3137,3.0,TransakAuto,Agence THIONVILLE,2
Valensole,04210,3137,12.8,TransakAuto,Agence MANOSQUE,1
Chavanod,74650,3135,2.8,AgenceAuto,annecy,3
Pouillon,40350,3134,10.7,TransakAuto,Agence DAX,2
Moyenmoutier,88420,3134,14.6,AgenceAuto,saint-die-des-vosges,1
Sérézin-du-Rhône,69360,3133,7.1,Simplicicar,lyon-ouest,7
Château-Thébaud,44690,3129,7.3,AgenceAuto,nantes-sud-est,2
Asnières-sur-Oise,95270,3127,10.7,AgenceAuto,la-croix-verte,5
Champcevinel,24750,3126,5.4,TransakAuto,Agence PERIGUEUX,1
Saint-Hippolyte,66510,3126,14.1,TransakAuto,Agence PERPIGNAN NORD SAINT ESTEVE,2
Signes,83870,3126,16.6,TransakAuto,Agence TOULON,1
Besse-sur-Issole,83890,3125,7.7,TransakAuto,Agence BRIGNOLES,1
Arleux,59151,3125,10.8,TransakAuto,Agence DOUAI,2
Le Plan-de-la-Tour,83120,3125,15.6,TransakAuto,Agence DRAGUIGNAN,1
Saint-Germain-au-Mont-d'Or,69650,3124,1.7,Simplicicar,lyon-nord,8
Thézan-lès-Béziers,34490,3124,11.4,TransakAuto,Agence BEZIERS,1
Vémars,95470,3124,13.3,TransakAuto,Agence DAMMARTIN EN GOELE,3
Boussois,59168,3123,6.9,TransakAuto,Agence MAUBEUGE,1
Montfrin,30490,3122,18.3,AgenceAuto,nimes,2
Soultz-sous-Forêts,67250,3121,16.6,TransakAuto,Agence HAGUENAU,1
Morainvilliers,78630,3120,0.5,TransakAuto,Agence CHAMBOURCY,7
Saint-Jacques-sur-Darnétal,76160,3117,7.7,TransakAuto,Agence ROUEN,2
Le Touvet,38660,3116,9.5,AgenceAuto,grenoble,2
Appoigny,89380,3114,15.2,TransakAuto,Agence AUXERRE,1
Mur-sur-Allier,63111,3111,9.8,TransakAuto,Agence CLERMONT FERRAND SUD,1
Béthisy-Saint-Pierre,60320,3111,10.2,Simplicicar,compiegne,3
Saint-Léger-sous-Cholet,49280,3106,9.0,TransakAuto,Agence CHOLET,1
Étiolles,91450,3105,6.6,TransakAuto,Agence LIEUSAINT,7
La Sentinelle,59174,3103,1.0,AgenceAuto,valenciennes,2
Quincampoix,76230,3103,6.6,TransakAuto,Agence ROUEN,1
Plouédern,29800,3103,16.3,Simplicicar,brest,3
Ponteilla,66300,3101,9.5,TransakAuto,Agence PERPIGNAN NORD SAINT ESTEVE,2
Trémentines,49340,3101,14.6,TransakAuto,Agence CHOLET,1
Dissay,86130,3101,16.2,TransakAuto,Agence POITIERS,1
Lailly-en-Val,45740,3101,18.7,Simplicicar,orleans,1
Nesmy,85310,3100,10.6,TransakAuto,Agence LA ROCHE SUR YON,1
Soulac-sur-Mer,33780,3100,17.9,Simplicicar,royan,1
Scherwiller,67750,3099,4.1,AgenceAuto,selestat,2
Fontaines-Saint-Martin,69270,3098,3.5,AgenceAuto,lyon-nord,9
Beaumont,74160,3097,15.8,AgenceAuto,annemasse,6
Maisdon-sur-Sèvre,44690,3095,11.7,AgenceAuto,nantes-sud-est,1
Colayrac-Saint-Cirq,47450,3095,16.2,TransakAuto,Agence AGEN,1
Saint-Genix-les-Villages,73240,3095,17.1,Simplicicar,aix-les-bains,2
Sainte-Hélène,33480,3091,19.0,Simplicicar,merignac,1
Saint-Geours-de-Maremne,40230,3089,14.3,AgenceAuto,dax,3
Saint-Vrain,91770,3089,16.1,TransakAuto,Agence ETAMPES,3
Custines,54670,3089,16.5,Simplicicar,nancy,4
Guichainville,27930,3087,2.4,TransakAuto,Agence EVREUX,2
Bérat,31370,3087,16.6,TransakAuto,Agence EAUNES,2
Gréoux-les-Bains,04800,3084,8.3,TransakAuto,Agence MANOSQUE,1
La Chapelle-en-Serval,60520,3084,13.7,Simplicicar,st-maximin,5
Damelevières,54360,3080,17.3,TransakAuto,Agence NANCY,3
Chéreng,59152,3078,8.1,AgenceAuto,wasquehal,6
Mardié,45430,3078,8.6,TransakAuto,Agence VIERZON,3
Puisserguier,34620,3078,11.8,TransakAuto,Agence BEZIERS,1
Balan,01360,3077,9.3,TransakAuto,Agence ANTHON,7
Erbray,44110,3072,6.5,TransakAuto,Agence CHATEAUBRIANT,1
La Motte,83920,3071,3.7,TransakAuto,Agence DRAGUIGNAN,1
Ingrandes-le-Fresne-sur-Loire,49123,3071,19.8,TransakAuto,Agence ANCENIS,1
Chauvé,44320,3070,8.7,AgenceAuto,pornic,2
Villefranque,64990,3069,7.0,TransakAuto,Agence ANGLET,4
Pulversheim,68840,3069,9.0,AgenceAuto,mulhouse,2
Chens-sur-Léman,74140,3068,11.7,TransakAuto,Agence THONON-LES-BAINS,3
Noé,31410,3067,10.1,TransakAuto,Agence EAUNES,2
Teloché,72220,3067,12.7,TransakAuto,Agence LE MANS,1
Coupvray,77700,3066,2.1,AgenceAuto,chessy,4
Saint-Denis-de-l'Hôtel,45550,3065,7.1,TransakAuto,Agence VIERZON,2
Chapareillan,38530,3065,16.0,Simplicicar,aix-les-bains,2
Saint-Jean-de-Liversay,17170,3063,18.2,TransakAuto,Agence LA ROCHELLE / AYTRE,1
Gasny,27620,3062,1.7,AgenceAuto,vernon,3
Pont-à-Vendin,62880,3062,7.7,TransakAuto,Agence LENS,4
Saint-Génis-des-Fontaines,66740,3059,10.7,Simplicicar,perpignan,2
Port-Saint-Père,44710,3059,13.3,TransakAuto,Agence NANTES NORD,2
Breuillet,17920,3058,5.3,Simplicicar,royan,1
Agnetz,60600,3058,18.4,TransakAuto,Agence SAINT MAXIMIN,3
Albigny-sur-Saône,69250,3057,2.8,Simplicicar,lyon-nord,9
San-Martino-di-Lota,20200,3056,7.6,TransakAuto,Agence BASTIA,1
Commelle-Vernay,42120,3050,7.3,TransakAuto,Agence ROANNE,1
Crouy,02880,3049,4.2,Simplicicar,soissons,1
Pommeuse,77515,3049,18.0,TransakAuto,Agence MEAUX,2
Urcuit,64990,3047,12.0,TransakAuto,Agence ANGLET,4
Lecelles,59226,3046,11.9,TransakAuto,Agence VALENCIENNES,2
La Turbie,06320,3045,13.0,Simplicicar,nice,4
Paimbœuf,44560,3045,19.7,TransakAuto,Agence PORNIC,2
Cosnac,19360,3044,5.0,TransakAuto,Agence BRIVE-LA-GAILLARDE,3
Lapeyrouse-Fossat,31180,3043,6.2,AgenceAuto,toulouse-nord,4
Feucherolles,78810,3043,6.4,TransakAuto,Agence LES CLAYES SOUS BOIS,7
Rédené,29300,3043,10.0,Simplicicar,lorient,2
Montlignon,95680,3038,5.3,AgenceAuto,la-croix-verte,8
Brax,31490,3037,3.2,TransakAuto,Agence TOULOUSE OUEST,4
Démouville,14840,3035,2.6,TransakAuto,Agence CAEN,1
Gandrange,57175,3031,13.0,TransakAuto,Agence SAINT-DIZIER,3
Villeneuve-de-Berg,07170,3031,19.9,TransakAuto,Agence MONTELIMAR,1
Emmerin,59320,3026,3.8,AgenceAuto,lille-seclin,6
Yenne,73170,3026,15.4,TransakAuto,Agence CHAMBERY,2
Boivre-la-Vallée,86470,3024,18.0,TransakAuto,Agence POITIERS,1
Pontonx-sur-l'Adour,40465,3021,12.7,TransakAuto,Agence DAX,2
Louannec,22700,3019,5.5,AgenceAuto,lannion,2
Saint-Nazaire-les-Eymes,38330,3016,3.4,AgenceAuto,grenoble,3
Pont-à-Marcq,59710,3016,5.7,TransakAuto,Agence SECLIN,6
Margency,95580,3012,4.1,TransakAuto,Agence ENGHIEN-LES-BAINS,8
Drumettaz-Clarafond,73420,3012,7.2,TransakAuto,Agence CHAMBERY,2
Duttlenheim,67120,3011,12.3,Simplicicar,strasbourg,3
Boisseuil,87220,3010,12.2,AgenceAuto,limoges,2
Mudaison,34130,3009,3.8,TransakAuto,Agence LUNEL,4
Retournac,43130,3007,19.8,Simplicicar,puy-en-velay,1
Saint-Drézéry,34160,3006,6.6,AgenceAuto,montpellier-est,3
Courcelles-Chaussy,57530,3006,16.4,AgenceAuto,metz,1
Cintegabelle,31550,3006,17.5,TransakAuto,Agence VILLEFRANCHE-DE-LAURAGAIS,2
Sainte-Croix-en-Plaine,68127,3004,13.0,Simplicicar,colmar,1
Ailly-sur-Somme,80470,3003,4.9,TransakAuto,Agence AMIENS,2
Bozouls,12340,3001,15.5,AgenceAuto,rodez,3
L'Houmeau,17137,3000,9.6,TransakAuto,Agence LA ROCHELLE / AYTRE,1
Murviel-lès-Béziers,34490,3000,16.8,TransakAuto,Agence BEZIERS,1
Saint-Venant,62350,2999,15.3,TransakAuto,Agence BETHUNE,1
Saint-Laurent-des-Arbres,30126,2996,13.6,TransakAuto,Agence ORANGE,2
Thise,25220,2994,6.5,TransakAuto,Agence BESANCON,3
Brem-sur-Mer,85470,2993,13.6,TransakAuto,Agence LES SABLES D&rsquo;OLONNE,1
Cailloux-sur-Fontaines,69270,2989,4.1,AgenceAuto,lyon-nord,8
Iteuil,86240,2989,11.5,TransakAuto,Agence POITIERS,1
Soues,65430,2988,3.9,TransakAuto,Agence TARBES,1
Rue,80120,2987,14.5,TransakAuto,Agence LE TOUQUET,1
Les Epesses,85590,2983,14.6,TransakAuto,Agence CHOLET,1
Lezennes,59260,2978,5.0,AgenceAuto,wasquehal,6
Néoules,83136,2976,9.3,TransakAuto,Agence BRIGNOLES,1
Nouaillé-Maupertuis,86340,2975,11.8,TransakAuto,Agence POITIERS,1
Saint-Lambert-la-Potherie,49070,2974,5.1,Simplicicar,angers,3
Le Bar-sur-Loup,06620,2974,7.2,TransakAuto,Agence GRASSE,6
Venerque,31810,2974,7.6,TransakAuto,Agence EAUNES,4
Crossac,44160,2974,15.9,TransakAuto,Agence SAINT-NAZAIRE,1
Chasselay,69380,2973,4.6,Simplicicar,lyon-nord,8
Hésingue,68220,2972,1.3,AgenceAuto,saint-louis,2
Tourrettes,83440,2972,15.7,TransakAuto,Agence GRASSE,1
Saint-Coulomb,35350,2969,6.5,TransakAuto,Agence SAINT-MALO,2
Frontenay-Rohan-Rohan,79270,2967,11.1,TransakAuto,Agence NIORT,2
Briscous,64240,2965,14.2,TransakAuto,Agence ANGLET,3
Sorèze,81540,2965,14.3,TransakAuto,Agence CASTRES,1
Buzet-sur-Tarn,31660,2963,15.8,AgenceAuto,toulouse-nord,3
Montmeyran,26120,2960,5.1,TransakAuto,Agence VALENCE,2
Althen-des-Paluds,84210,2960,10.4,TransakAuto,Agence AVIGNON,3
Ottange,57840,2960,11.7,TransakAuto,Agence THIONVILLE,1
Pollionnay,69290,2958,7.7,TransakAuto,Agence CALUIRE-ET-CUIRE,7
Saint-Lyé,10180,2956,1.4,TransakAuto,Agence TROYES,3
Saint-Féliu-d'Avall,66170,2950,10.1,TransakAuto,Agence PERPIGNAN NORD SAINT ESTEVE,2
Saint-Baldoph,73190,2949,8.7,Simplicicar,aix-les-bains,2
Port-sur-Saône,70170,2949,12.6,AgenceAuto,vesoul,1
Grisy-Suisnes,77166,2948,4.9,TransakAuto,Agence BRIE-COMTE-ROBERT,4
La Biolle,73410,2948,17.0,TransakAuto,Agence CHAMBERY,2
Le Marigot,97225,2948,17.8,AgenceAuto,martinique,1
Grandvillars,90600,2947,12.0,AgenceAuto,belfort,4
Diémoz,38790,2947,13.8,TransakAuto,Agence BOURGOIN-JAILLEU,5
Fleurbaix,62840,2947,16.5,TransakAuto,Agence LILLE,4
Ségny,01170,2941,7.3,AgenceAuto,saint-genis-pouilly,4
Willems,59780,2941,8.3,AgenceAuto,wasquehal,6
Smarves,86240,2941,8.6,TransakAuto,Agence POITIERS,1
Bertrange,57310,2941,10.2,TransakAuto,Agence THIONVILLE,3
Seillans,83440,2941,18.1,TransakAuto,Agence DRAGUIGNAN,1
Sérignan-du-Comtat,84830,2939,7.7,TransakAuto,Agence ORANGE,1
Drocourt,62320,2939,7.8,TransakAuto,Agence DOUAI,5
Montfort-le-Gesnois,72450,2939,17.9,TransakAuto,Agence LE MANS,1
Sorigny,37250,2938,4.8,Simplicicar,tours,3
Autrans-Méaudre en Vercors,38112,2936,12.0,TransakAuto,Agence GRENOBLE OUEST,1
Saint-Didier-sur-Chalaronne,01140,2934,7.7,TransakAuto,Agence MACON,1
Montblanc,34290,2932,17.0,TransakAuto,Agence BEZIERS,1
Lalinde,24150,2931,15.5,TransakAuto,Agence BERGERAC,1
Labastidette,31600,2930,11.4,TransakAuto,Agence EAUNES,4
Saint-Viaud,44320,2929,16.3,TransakAuto,Agence PORNIC,2
Fresnay-sur-Sarthe,72130,2928,16.3,TransakAuto,Agence ALENCON,1
Aubais,30250,2925,11.1,TransakAuto,Agence LUNEL,4
Pontacq,64530,2925,13.2,TransakAuto,Agence TARBES,1
Pleudihen-sur-Rance,22690,2924,5.8,AgenceAuto,saint-malo,2
Saint-Genest-Malifaux,42660,2921,12.3,TransakAuto,Agence SAINT ETIENNE,1
Châteauneuf-du-Rhône,26780,2917,2.0,TransakAuto,Agence MONTELIMAR,2
Gevrey-Chambertin,21220,2917,13.3,TransakAuto,Agence DIJON,3
Péron,01630,2916,9.9,TransakAuto,Agence GEX,2
Plouvorn,29420,2916,11.8,TransakAuto,Agence MORLAIX,1
Abrest,03200,2915,5.3,Simplicicar,vichy,1
Taulé,29670,2914,5.0,TransakAuto,Agence MORLAIX,1
Thiant,59224,2914,7.1,AgenceAuto,valenciennes,3
Allonnes,49650,2911,12.8,TransakAuto,Agence SAUMUR,1
Tresserve,73100,2909,8.1,TransakAuto,Agence CHAMBERY,2
Beaumont Saint-Cyr,86130,2908,19.2,TransakAuto,Agence POITIERS,1
Giromagny,90200,2907,14.9,AgenceAuto,belfort,2
Argentré,53210,2906,14.6,TransakAuto,Agence LAVAL,1
Saint-Maurice-de-Gourdans,01800,2903,6.0,TransakAuto,Agence ANTHON,4
Blaye-les-Mines,81400,2902,15.1,TransakAuto,Agence ALBI,1
Saint-Priest-Taurion,87480,2901,10.5,TransakAuto,Agence LIMOGES,2
Neuville-sur-Escaut,59293,2901,12.0,AgenceAuto,valenciennes,3
Yvrac,33370,2899,3.8,AgenceAuto,bordeaux-rive-droite,7
Auneuil,60390,2898,10.3,Simplicicar,beauvais,3
Cruas,07350,2898,18.1,TransakAuto,Agence MONTELIMAR,1
Orcet,63670,2897,6.7,TransakAuto,Agence CLERMONT FERRAND SUD,1
Pennautier,11610,2895,4.6,TransakAuto,Agence CARCASSONNE,2
Plerguer,35540,2895,6.7,AgenceAuto,saint-malo,2
Sennecey-le-Grand,71240,2895,17.1,AgenceAuto,chalon-sur-saone,2
La Grande-Paroisse,77130,2893,4.6,TransakAuto,Agence FONTAINEBLEAU,1
Batz-sur-Mer,44740,2892,13.4,TransakAuto,Agence SAINT-NAZAIRE,1
Corquilleroy,45120,2891,7.2,TransakAuto,Agence MONTARGIS,1
Fresnoy-le-Grand,02230,2890,15.4,TransakAuto,Agence SAINT-QUENTIN,2
Sainte-Anne-d'Auray,56400,2889,14.5,AgenceAuto,vannes,3
Saint-Germain-Laval,77130,2888,12.6,TransakAuto,Agence FONTAINEBLEAU,1
Bourg-Argental,42220,2886,11.6,TransakAuto,Agence DAVEZIEUX,1
Vitry-sur-Orne,57185,2884,11.2,TransakAuto,Agence SAINT-DIZIER,3
Chavanay,42410,2884,18.0,TransakAuto,Agence DAVEZIEUX,3
Boussay,44190,2884,18.8,TransakAuto,Agence CHOLET,1
Toulenne,33210,2881,19.0,TransakAuto,Agence LANGON,1
Argentat-sur-Dordogne,19320,2881,19.9,AgenceAuto,tulle,1
Saint-Julien-l'Ars,86800,2880,14.1,TransakAuto,Agence POITIERS,1
L'Étrat,42580,2879,4.5,TransakAuto,Agence SAINT ETIENNE,3
Valencin,38540,2878,12.3,TransakAuto,Agence VIENNE,6
Montbazin,34560,2877,5.3,TransakAuto,Agence SETE,4
Noailles,60430,2877,12.1,Simplicicar,beauvais,2
Précigné,72300,2877,18.4,Simplicicar,la-fleche,1
Colombier-Saugnieu,69124,2874,7.5,Simplicicar,nord-isere,6
Saint-Jean-en-Royans,26190,2874,15.5,TransakAuto,Agence ROMANS SUR ISERE,1
Donnery,45450,2873,9.6,TransakAuto,Agence VIERZON,3
Pérignat-lès-Sarliève,63170,2872,3.1,TransakAuto,Agence CLERMONT FERRAND SUD,1
Bordes,64510,2872,14.3,TransakAuto,Agence PAU,2
Saint-Molf,44350,2870,13.1,TransakAuto,Agence SAINT-NAZAIRE,1
Vernou-sur-Brenne,37210,2870,13.5,AgenceAuto,tours,2
Cissé,86170,2869,9.0,TransakAuto,Agence POITIERS,1
Saint-Jean-Brévelay,56660,2869,17.0,TransakAuto,Agence VANNES,3
Gries,67240,2868,10.3,TransakAuto,Agence HAGUENAU,3
Vieux-Thann,68800,2866,14.4,AgenceAuto,mulhouse-sud,2
Lafrançaise,82130,2865,17.1,TransakAuto,Agence MONTAUBAN,1
Beuvry-la-Forêt,59310,2861,15.6,TransakAuto,Agence VALENCIENNES,4
Vallières-sur-Fier,74150,2860,12.3,TransakAuto,Agence ANNECY,3
Rozay-en-Brie,77540,2860,18.0,AgenceAuto,gretz-armainvilliers,1
Labourse,62113,2858,7.4,TransakAuto,Agence BETHUNE,2
Étaules,17750,2857,10.1,Simplicicar,royan,1
Rieux,56350,2856,10.5,TransakAuto,Agence REDON,1
Courchelettes,59552,2855,3.6,TransakAuto,Agence DOUAI,4
Athée-sur-Cher,37270,2855,12.8,AgenceAuto,tours,3
Champcueil,91750,2854,15.4,TransakAuto,Agence LIEUSAINT,1
Alleins,13980,2852,10.2,Simplicicar,salon,1
Saint-Jean-du-Falga,09100,2851,3.0,Simplicicar,pamiers,1
Saint-Clément,89100,2849,2.9,TransakAuto,Agence SENS,1
Saint-Jouan-des-Guérets,35430,2847,4.0,TransakAuto,Agence SAINT-MALO,2
Margaux-Cantenac,33460,2845,19.2,TransakAuto,Agence BORDEAUX EYSINES,3
Seiches-sur-le-Loir,49140,2844,17.5,AgenceAuto,angers,2
Val-d'Arguenon,22130,2844,18.4,TransakAuto,Agence LAMBALLE,1
Massieux,01600,2843,2.1,Simplicicar,lyon-nord,6
Saint-Georges-des-Coteaux,17810,2843,4.5,TransakAuto,Agence SAINTES,1
Fraize,88230,2843,9.3,AgenceAuto,saint-die-des-vosges,1
Ambronay,01500,2841,17.2,Simplicicar,meximieux,1
Sussargues,34160,2840,4.5,AgenceAuto,montpellier-est,4
Sainghin-en-Mélantois,59262,2840,8.3,AgenceAuto,wasquehal,6
Miremont,31190,2838,6.1,TransakAuto,Agence EAUNES,2
Bury,60250,2838,11.0,TransakAuto,Agence SAINT MAXIMIN,3
Gouesnach,29950,2836,4.5,AgenceAuto,quimper,2
Burbure,62151,2834,9.5,TransakAuto,Agence BETHUNE,1
Anzin-Saint-Aubin,62223,2833,5.5,Simplicicar,arras,3
Pléchâtel,35470,2833,17.7,Simplicicar,rennes,1
Cour-Cheverny,41700,2831,14.3,TransakAuto,Agence BLOIS,1
Saint-Christophe-du-Bois,49280,2828,3.8,TransakAuto,Agence CHOLET,1
Allouagne,62157,2823,7.2,TransakAuto,Agence BETHUNE,1
Polignac,43000,2819,8.1,Simplicicar,puy-en-velay,1
Crevin,35320,2819,13.6,Simplicicar,rennes,1
Goderville,76110,2818,18.4,TransakAuto,Agence LE HAVRE,1
La Roquebrussanne,83136,2817,9.6,TransakAuto,Agence BRIGNOLES,1
Mercurol-Veaunes,26600,2816,16.2,TransakAuto,Agence ROMANS SUR ISERE,2
Colombiers,34440,2814,2.3,TransakAuto,Agence BEZIERS,1
Houppeville,76770,2814,3.4,TransakAuto,Agence ROUEN,1
Ibos,65420,2813,5.6,TransakAuto,Agence TARBES,1
Ayguesvives,31450,2812,8.3,TransakAuto,Agence VILLEFRANCHE-DE-LAURAGAIS,4
Bécon-les-Granits,49370,2811,13.6,Simplicicar,angers,1
Rosières-aux-Salines,54110,2810,12.3,TransakAuto,Agence NANCY,3
La Planche,44140,2810,12.4,AgenceAuto,nantes-sud-est,1
Fontaine-Étoupefour,14790,2810,13.9,TransakAuto,Agence CAEN,1
Spay,72700,2808,7.5,TransakAuto,Agence LE MANS,1
Val d'Oust,56460,2807,15.1,TransakAuto,Agence PLOERMEL,1
Éleu-dit-Leauwette,62300,2805,0.8,TransakAuto,Agence LENS,5
Genech,59242,2803,12.7,TransakAuto,Agence SECLIN,4
L'Île-d'Olonne,85340,2802,8.9,TransakAuto,Agence LES SABLES D&rsquo;OLONNE,1
Rodilhan,30230,2799,4.9,AgenceAuto,nimes,4
Jarzé Villages,49140,2798,19.7,Simplicicar,la-fleche,1
Saint-Georges-sur-Eure,28190,2797,7.3,TransakAuto,Agence CHARTRES,1
Maisse,91720,2797,18.1,TransakAuto,Agence ETAMPES,1
Artannes-sur-Indre,37260,2795,8.6,Simplicicar,tours,3
Amancy,74800,2792,3.9,Simplicicar,genevois,4
Villeneuve-sur-Aisne,02190,2792,17.0,TransakAuto,Agence REIMS,1
Courville-sur-Eure,28190,2791,15.7,TransakAuto,Agence CHARTRES,1
Pierres,28130,2788,19.4,TransakAuto,Agence RAMBOUILLET,2
Pinsaguel,31120,2786,1.3,Simplicicar,toulouse-sud,8
Vieux-Charmont,25600,2786,4.7,AgenceAuto,montbeliard,4
Chocques,62920,2785,5.5,TransakAuto,Agence BETHUNE,1
Sérifontaine,60590,2784,8.4,TransakAuto,Agence GISORS,1
Saint-Gervais,85230,2781,15.2,TransakAuto,Agence CHALLANS,1
L'Isle-sur-le-Doubs,25250,2780,15.0,TransakAuto,Agence MONTBELIARD,2
Saint-Nazaire,66570,2779,3.1,Simplicicar,perpignan,2
Montfort-l'Amaury,78490,2779,14.4,TransakAuto,Agence LES CLAYES SOUS BOIS,2
Baixas,66390,2777,5.0,TransakAuto,Agence PERPIGNAN NORD SAINT ESTEVE,2
Les Adrets-de-l'Estérel,83600,2775,14.4,TransakAuto,Agence GRASSE,3
Maillane,13910,2775,15.2,TransakAuto,Agence AVIGNON,1
Saint-Saturnin,72650,2774,8.5,TransakAuto,Agence LE MANS,1
Bourron-Marlotte,77780,2774,11.2,TransakAuto,Agence FONTAINEBLEAU,1
Pabu,22200,2771,14.5,TransakAuto,Agence BEGARD,1
Ampuis,69420,2769,7.3,Simplicicar,vienne,3
Saint-Lunaire,35800,2768,8.8,TransakAuto,Agence SAINT-MALO,2
Sallebœuf,33370,2767,11.0,AgenceAuto,bordeaux-rive-droite,5
Sare,64310,2763,14.9,TransakAuto,Agence BIDART &#8211; SAINT-JEAN-DE-LUZ,2
Figanières,83830,2762,10.4,TransakAuto,Agence DRAGUIGNAN,1
Orgon,13660,2762,15.2,TransakAuto,Agence L&rsquo;ISLE SUR LA SORGUE,2
Marigny-Le-Lozon,50570,2761,12.9,TransakAuto,Agence SAINT-LO,1
Venette,60280,2758,1.6,TransakAuto,Agence COMPIEGNE,2
Loiron-Ruillé,53320,2758,9.4,TransakAuto,Agence LAVAL,1
Cherré-Au,72400,2758,19.7,AgenceAuto,nogent-le-rotrou,1
Bignan,56500,2757,15.9,TransakAuto,Agence PLOERMEL,1
Collioure,66190,2756,16.3,Simplicicar,perpignan,1
Plumelec,56420,2754,15.4,TransakAuto,Agence PLOERMEL,2
Scy-Chazelles,57160,2753,4.2,AgenceAuto,metz,3
Trieux,54750,2753,14.1,TransakAuto,Agence SAINT-DIZIER,2
Lans-en-Vercors,38250,2751,10.8,TransakAuto,Agence GRENOBLE OUEST,1
Warmeriville,51110,2749,17.6,TransakAuto,Agence REIMS,1
Ennezat,63720,2748,17.9,TransakAuto,Agence CLERMONT FERRAND SUD,1
Loire-sur-Rhône,69700,2746,7.1,Simplicicar,vienne,4
Roiffieux,07100,2743,5.1,TransakAuto,Agence DAVEZIEUX,1
Montrevel-en-Bresse,01340,2743,14.6,TransakAuto,Agence BOURG-EN-BRESSE,2
Andilly,95580,2742,4.7,TransakAuto,Agence ENGHIEN-LES-BAINS,8
Cannes-Écluse,77130,2742,10.9,TransakAuto,Agence FONTAINEBLEAU,1
Lamonzie-Saint-Martin,24680,2742,12.9,TransakAuto,Agence BERGERAC,1
Polliat,01310,2741,6.9,TransakAuto,Agence BOURG-EN-BRESSE,2
Lahonce,64990,2740,7.8,TransakAuto,Agence ANGLET,4
Saleux,80480,2739,1.3,AgenceAuto,amiens,2
Quintin,22800,2739,17.0,AgenceAuto,saint-brieuc,2
Balaruc-le-Vieux,34540,2737,2.8,TransakAuto,Agence SETE,4
Ronchamp,70250,2737,17.9,AgenceAuto,hericourt,1
Huttenheim,67230,2735,12.5,AgenceAuto,selestat,2
Donzenac,19270,2733,7.4,TransakAuto,Agence BRIVE-LA-GAILLARDE,3
Yerville,76760,2731,1.7,AgenceAuto,yerville,2
Vulaines-sur-Seine,77870,2730,8.6,TransakAuto,Agence FONTAINEBLEAU,1
Chaligny,54230,2729,6.6,Simplicicar,nancy,3
Alixan,26300,2729,10.2,Simplicicar,valence,3
La Lande-de-Fronsac,33240,2729,11.8,AgenceAuto,bordeaux-rive-droite,3
Capinghem,59160,2728,7.3,Simplicicar,lille,6
Magné,79460,2728,11.0,TransakAuto,Agence NIORT,2
Geudertheim,67170,2727,6.9,TransakAuto,Agence STRASBOURG NORD,3
Saint-Christophe-du-Ligneron,85670,2727,8.1,TransakAuto,Agence CHALLANS,1
Chailles,41120,2726,7.9,TransakAuto,Agence BLOIS,1
Vernosc-lès-Annonay,07430,2725,4.4,TransakAuto,Agence DAVEZIEUX,1
Fontaine-la-Mallet,76290,2725,5.2,TransakAuto,Agence LE HAVRE,1
Périgny,94520,2724,4.2,TransakAuto,Agence BRIE-COMTE-ROBERT,8
Saint-Witz,95470,2724,14.1,TransakAuto,Agence DAMMARTIN EN GOELE,5
Rhinau,67860,2723,18.8,AgenceAuto,selestat,2
Palaja,11570,2722,7.7,Simplicicar,carcassonne,2
Vailhauquès,34570,2722,14.3,TransakAuto,Agence MONTPELLIER,4
Anet,28260,2721,12.6,TransakAuto,Agence DREUX,1
Volgelsheim,68600,2720,16.4,Simplicicar,colmar,1
Sainte-Foy,85150,2717,6.3,TransakAuto,Agence LES SABLES D&rsquo;OLONNE,2
Cellettes,41120,2715,9.1,TransakAuto,Agence BLOIS,1
Vert-le-Petit,91710,2714,16.3,TransakAuto,Agence LIEUSAINT,4
Saint-Quentin-de-Baron,33750,2713,11.1,TransakAuto,Agence LIBOURNE,3
Ouveillan,11590,2713,13.5,Simplicicar,narbonne,3
Montois-la-Montagne,57860,2711,3.8,TransakAuto,Agence SAINT-DIZIER,2
Weitbruch,67500,2711,7.8,TransakAuto,Agence HAGUENAU,3
Brains,44830,2709,8.5,TransakAuto,Agence NANTES NORD,2
Boisset-et-Gaujac,30140,2707,4.2,TransakAuto,Agence ALES,1
Nivolas-Vermelle,38300,2706,5.0,TransakAuto,Agence BOURGOIN-JAILLEU,1
Chanas,38150,2706,12.9,TransakAuto,Agence DAVEZIEUX,1
Donnemarie-Dontilly,77520,2706,15.7,TransakAuto,Agence PROVINS,1
Lipsheim,67640,2702,5.0,Simplicicar,strasbourg,3
La Force,24130,2702,15.3,TransakAuto,Agence BERGERAC,1
Saint-Georges-de-Commiers,38450,2699,16.5,TransakAuto,Agence GRENOBLE OUEST,1
Magescq,40140,2698,11.0,AgenceAuto,dax,2
Allex,26400,2698,11.5,TransakAuto,Agence VALENCE,2
Saint-Mars-de-Coutais,44680,2698,15.8,AgenceAuto,nantes-sud-est,2
Corneilla-del-Vercol,66200,2696,2.5,Simplicicar,perpignan,2
Hanches,28130,2696,12.8,TransakAuto,Agence RAMBOUILLET,1
Castres-Gironde,33640,2695,8.4,TransakAuto,Agence CADAUJAC,1
Saint-Just-Chaleyssin,38540,2695,9.7,TransakAuto,Agence VIENNE,5
Cubzac-les-Ponts,33240,2693,7.0,TransakAuto,Agence BORDEAUX RIVE DROITE,4
Saint-Martin-du-Tertre,95270,2689,5.0,AgenceAuto,la-croix-verte,6
Masnières,59241,2689,8.3,TransakAuto,Agence CAMBRAI,1
Martigné-Ferchaud,35640,2688,15.2,TransakAuto,Agence CHATEAUBRIANT,1
Guérard,77580,2688,15.6,AgenceAuto,chessy,3
Dommartin,69380,2687,1.1,TransakAuto,Agence CALUIRE-ET-CUIRE,9
Richebourg,62136,2687,15.6,TransakAuto,Agence BETHUNE,2
Taluyers,69440,2686,6.1,Simplicicar,lyon-ouest,5
Bernes-sur-Oise,95340,2684,11.7,AgenceAuto,la-croix-verte,4
Verlinghem,59237,2682,4.0,TransakAuto,Agence LILLE,6
Saint-Mars-la-Brière,72470,2681,15.5,TransakAuto,Agence LE MANS,1
Fourques,30300,2680,5.6,TransakAuto,Agence ARLES,3
Étrembières,74100,2679,5.3,AgenceAuto,annemasse,5
Torcy,71210,2678,11.9,AgenceAuto,montceau-les-mines,1
Orliénas,69530,2675,4.4,Simplicicar,lyon-ouest,7
Roissy-en-France,95700,2674,12.6,TransakAuto,Agence LE RAINCY,6
Râches,59194,2672,8.7,TransakAuto,Agence DOUAI,3
Montigny-sur-Loing,77690,2669,7.2,TransakAuto,Agence FONTAINEBLEAU,1
Criquetot-l'Esneval,76280,2668,14.2,TransakAuto,Agence LE HAVRE,1
Bosmie-l'Aiguille,87110,2667,10.4,AgenceAuto,limoges,2
La Richardais,35780,2664,5.4,TransakAuto,Agence SAINT-MALO,2
Le Plessis-Grammoire,49124,2664,5.5,AgenceAuto,angers,3
Plougoumelen,56400,2664,9.5,AgenceAuto,vannes,3
Alby-sur-Chéran,74540,2664,10.1,AgenceAuto,annecy,3
Souchez,62153,2663,6.5,TransakAuto,Agence LENS,4
Chevilly,45520,2663,11.8,TransakAuto,Agence ORLEANS,2
Vinassan,11110,2662,10.1,Simplicicar,narbonne,3
Miserey-Salines,25480,2661,5.8,TransakAuto,Agence BESANCON,4
Morzine,74110,2658,17.8,TransakAuto,Agence SALLANCHES,1
Larçay,37270,2657,3.6,AgenceAuto,tours,3
Sainte-Cécile-les-Vignes,84290,2656,13.3,TransakAuto,Agence ORANGE,2
Marpent,59164,2653,8.8,TransakAuto,Agence MAUBEUGE,1
Nomain,59310,2651,14.7,TransakAuto,Agence SECLIN,3
Auboué,54580,2650,2.2,TransakAuto,Agence SAINT-DIZIER,2
Neufchef,57700,2650,13.0,TransakAuto,Agence SAINT-DIZIER,2
Cauffry,60290,2649,8.7,TransakAuto,Agence SAINT MAXIMIN,3
Montréjeau,31210,2648,9.6,Simplicicar,https://www.simplicicar.com/content/170-oncession-st-gaudens,1
Ailly-sur-Noye,80250,2648,15.5,AgenceAuto,amiens,1
Mollégès,13940,2647,14.6,TransakAuto,Agence L&rsquo;ISLE SUR LA SORGUE,2
Cintré,35310,2645,12.5,Simplicicar,rennes,3
Saint-Dolay,56130,2645,18.4,TransakAuto,Agence REDON,1
Daux,31700,2643,8.9,TransakAuto,Agence TOULOUSE OUEST,5
Saint-Yorre,03270,2641,9.4,Simplicicar,vichy,1
Châteauneuf-en-Thymerais,28170,2641,19.9,TransakAuto,Agence DREUX,1
Charleval,13350,2640,15.9,Simplicicar,salon,1
Les Landes-Genusson,85130,2638,16.5,TransakAuto,Agence CHOLET,1
Les Touches,44390,2638,18.2,TransakAuto,Agence ANCENIS,1
Soual,81580,2637,1.7,TransakAuto,Agence CASTRES,1
Champforgeuil,71530,2637,2.4,TransakAuto,Agence CHALON-SUR-SAONE,2
La Jarne,17220,2637,6.2,TransakAuto,Agence LA ROCHELLE / AYTRE,1
Saint-Branchs,37320,2637,7.1,Simplicicar,tours,3
Achenheim,67204,2637,8.7,AgenceAuto,strasbourg-nord,3
Bras,83149,2637,16.7,TransakAuto,Agence BRIGNOLES,1
Taden,22100,2636,12.8,AgenceAuto,saint-malo,2
Dorlisheim,67120,2636,18.8,Simplicicar,strasbourg,1
Gondreville,54840,2635,15.4,Simplicicar,nancy,3
Chartrettes,77590,2633,17.1,TransakAuto,Agence FONTAINEBLEAU,2
Nieuil-l'Espoir,86340,2631,15.1,TransakAuto,Agence POITIERS,1
Le Thoronet,83340,2631,19.3,TransakAuto,Agence BRIGNOLES,1
Vernou-la-Celle-sur-Seine,77670,2630,4.1,TransakAuto,Agence FONTAINEBLEAU,1
Gometz-le-Châtel,91940,2630,9.5,AgenceAuto,palaiseau,6
La Roche-Jaudy,22450,2629,12.0,TransakAuto,Agence BEGARD,2
La Queue-les-Yvelines,78940,2629,16.9,TransakAuto,Agence LES CLAYES SOUS BOIS,2
La Bâtie-Neuve,05230,2628,8.5,TransakAuto,Agence GAP,1
Haspres,59198,2626,11.1,AgenceAuto,valenciennes,3
Beychac-et-Caillau,33750,2625,10.4,AgenceAuto,bordeaux-rive-droite,5
Cagnac-les-Mines,81130,2621,9.7,TransakAuto,Agence ALBI,1
Garancières,78890,2621,16.2,AgenceAuto,epone,3
Couzon-au-Mont-d'Or,69270,2619,4.9,Simplicicar,lyon-nord,10
Pommiers,69480,2618,5.4,TransakAuto,Agence VILLEFRANCHE SUR SAONE,4
Portets,33640,2618,10.8,TransakAuto,Agence CADAUJAC,1
La Milesse,72650,2617,9.9,TransakAuto,Agence LE MANS,1
Villeneuve-Saint-Germain,02200,2616,1.2,Simplicicar,soissons,1
Vendres,34350,2616,7.8,TransakAuto,Agence BEZIERS,1
Saint-Pierre-la-Palud,69210,2616,9.1,TransakAuto,Agence CALUIRE-ET-CUIRE,3
Loury,45470,2616,15.1,TransakAuto,Agence ORLEANS,2
Champlan,91160,2615,1.6,AgenceAuto,palaiseau,9
Peyrins,26380,2613,6.7,TransakAuto,Agence ROMANS SUR ISERE,1
Wahagnies,59261,2613,7.4,TransakAuto,Agence SECLIN,6
Bourguébus,14540,2613,8.5,TransakAuto,Agence CAEN,1
Saint-Paul-en-Chablais,74500,2613,18.4,TransakAuto,Agence THONON-LES-BAINS,1
Restinclières,34160,2612,5.9,TransakAuto,Agence LUNEL,3
Louvigny,14111,2612,9.4,TransakAuto,Agence CAEN,1
Plouénan,29420,2610,11.5,TransakAuto,Agence MORLAIX,1
Frelinghien,59236,2609,7.5,TransakAuto,Agence LILLE,6
Ivry-la-Bataille,27540,2609,16.0,TransakAuto,Agence DREUX,1
Port-Louis,56290,2608,4.8,TransakAuto,Agence LORIENT,2
Châtenois-les-Forges,90700,2608,5.4,AgenceAuto,hericourt,4
Drémil-Lafage,31280,2608,9.0,AgenceAuto,toulouse-sud-est-labege,5
Le Bono,56400,2608,13.1,AgenceAuto,vannes,3
Kilstett,67840,2607,9.7,TransakAuto,Agence STRASBOURG NORD,3
Saint-Just-le-Martel,87590,2606,9.2,TransakAuto,Agence LIMOGES,2
Bagard,30140,2605,2.0,TransakAuto,Agence ALES,1
Villenauxe-la-Grande,10370,2605,18.5,TransakAuto,Agence PROVINS,1
Casson,44390,2605,20.0,TransakAuto,Agence NANTES NORD,1
Hilsenheim,67600,2604,9.3,AgenceAuto,selestat,1
La Calmette,30190,2604,14.0,Simplicicar,nimes,3
Le Fauga,31410,2603,6.1,TransakAuto,Agence EAUNES,2
Gestel,56530,2601,3.6,Simplicicar,lorient,2
Épouville,76133,2601,6.0,TransakAuto,Agence LE HAVRE,1
Grâces,22200,2601,14.6,TransakAuto,Agence BEGARD,1
Hardricourt,78250,2599,7.3,AgenceAuto,epone,6
Oberschaeffolsheim,67203,2597,7.0,AgenceAuto,strasbourg-nord,3
Meynes,30840,2597,16.0,AgenceAuto,nimes,3
Baldersheim,68390,2596,2.0,AgenceAuto,mulhouse,2
Tourville-la-Rivière,76410,2596,5.0,TransakAuto,Agence ELBEUF,2
Corsept,44560,2594,16.0,TransakAuto,Agence SAINT-NAZAIRE,3
Cauchy-à-la-Tour,62260,2593,9.3,TransakAuto,Agence BETHUNE,1
Montboucher-sur-Jabron,26740,2592,8.5,TransakAuto,Agence MONTELIMAR,1
La Couture,62136,2590,12.5,TransakAuto,Agence BETHUNE,2
Pîtres,27590,2589,12.9,TransakAuto,Agence ELBEUF,2
Xertigny,88220,2589,16.3,AgenceAuto,epinal,2
Pouilly-sous-Charlieu,42720,2588,10.5,TransakAuto,Agence ROANNE,1
Damparis,39500,2587,7.6,AgenceAuto,dole,1
Montgiscard,31450,2587,11.4,TransakAuto,Agence VILLEFRANCHE-DE-LAURAGAIS,4
Longueil-Annel,60150,2586,8.6,TransakAuto,Agence COMPIEGNE,2
Colleville-Montgomery,14880,2586,9.4,TransakAuto,Agence CAEN,1
Saint-Jean-du-Gard,30270,2586,15.1,TransakAuto,Agence ALES,1
Sainte-Flaive-des-Loups,85150,2585,6.4,TransakAuto,Agence LA ROCHE SUR YON,2
Guiclan,29410,2585,9.2,TransakAuto,Agence MORLAIX,1
Semussac,17120,2585,10.2,Simplicicar,royan,1
L'Escarène,06440,2585,17.4,Simplicicar,nice,1
Josselin,56120,2584,2.0,TransakAuto,Agence PLOERMEL,1
Villebarou,41000,2584,3.3,TransakAuto,Agence BLOIS,1
Arc-sur-Tille,21560,2584,7.8,Simplicicar,dijon,3
Saint-Étienne-du-Bois,01370,2584,8.9,TransakAuto,Agence BOURG-EN-BRESSE,2
Penvénan,22710,2584,14.3,AgenceAuto,lannion,1
Villedieu-sur-Indre,36320,2583,12.1,AgenceAuto,chateauroux,2
Frans,01480,2582,6.1,TransakAuto,Agence VILLEFRANCHE SUR SAONE,4
Vivy,49680,2582,10.8,TransakAuto,Agence SAUMUR,1
Camiers,62176,2582,17.0,TransakAuto,Agence LE TOUQUET,1
Cattenom,57570,2580,5.7,TransakAuto,Agence THIONVILLE,2
École-Valentin,25480,2579,3.6,TransakAuto,Agence BESANCON,4
Le Cailar,30740,2578,6.7,Simplicicar,vauvert,5
Sainte-Foy-d'Aigrefeuille,31570,2576,7.9,AgenceAuto,toulouse-sud-est-labege,5
Parçay-Meslay,37210,2574,12.3,AgenceAuto,tours,2
Aydat,63970,2574,13.6,TransakAuto,Agence CLERMONT FERRAND SUD,1
Treffléan,56250,2572,6.4,Simplicicar,vannes,3
Verton,62180,2571,0.8,TransakAuto,Agence LE TOUQUET,1
Nieul-le-Dolent,85430,2571,8.9,TransakAuto,Agence LA ROCHE SUR YON,1
Talensac,35160,2571,13.6,Simplicicar,rennes,3
Mornas,84550,2569,10.4,TransakAuto,Agence ORANGE,2
Pavie,32550,2566,5.7,TransakAuto,Agence AUCH,1
Sain-Bel,69210,2566,8.9,TransakAuto,Agence CALUIRE-ET-CUIRE,4
Gergy,71590,2566,9.3,AgenceAuto,chalon-sur-saone,3
Watten,59143,2564,10.7,Simplicicar,saint-omer,1
Avelin,59710,2561,2.8,TransakAuto,Agence SECLIN,6
Zillisheim,68720,2561,5.6,AgenceAuto,mulhouse-sud,2
Nogent-sur-Vernisson,45290,2559,19.0,TransakAuto,Agence MONTARGIS,1
Villejust,91140,2558,4.6,AgenceAuto,palaiseau,6
Noyen-sur-Sarthe,72430,2556,17.7,Simplicicar,la-fleche,1
Gragnague,31380,2553,6.8,AgenceAuto,toulouse-nord,4
Oradour-sur-Glane,87520,2550,19.8,AgenceAuto,limoges,1
Gainneville,76700,2548,4.1,TransakAuto,Agence LE HAVRE,1
Noyal-Muzillac,56190,2548,18.5,Simplicicar,vannes,1
Saint-Martin-d'Auxigny,18110,2546,10.3,TransakAuto,Agence BOURGES,1
Arelaune-en-Seine,76940,2546,17.5,TransakAuto,Agence YVETOT,1
Entzheim,67960,2544,9.0,Simplicicar,strasbourg,3
Rots,14740,2544,15.4,TransakAuto,Agence CAEN,1
La Croix-en-Touraine,37150,2543,19.8,AgenceAuto,tours,1
Chadrac,43770,2542,4.4,Simplicicar,puy-en-velay,1
Mers-les-Bains,80350,2540,1.9,TransakAuto,"Agence MONS, BELGIQUE",1
Prémilhat,03410,2540,7.2,TransakAuto,Agence MONTLUCON,1
La Léchère,73260,2538,16.7,TransakAuto,Agence ALBERTVILLE,1
Huriel,03380,2536,9.2,TransakAuto,Agence MONTLUCON,1
Couffé,44521,2535,7.2,TransakAuto,Agence ANCENIS,1
Fareins,01480,2533,5.2,TransakAuto,Agence VILLEFRANCHE SUR SAONE,3
Les Auxons,25870,2533,7.0,AgenceAuto,besancon-valentin,4
Chalamont,01320,2533,12.5,Simplicicar,meximieux,1
Satolas-et-Bonce,38290,2532,9.8,Simplicicar,nord-isere,5
Mieussy,74440,2530,10.6,TransakAuto,Agence SALLANCHES,3
Val-de-Scie,76720,2530,19.3,AgenceAuto,yerville,1
Codognan,30920,2529,3.6,Simplicicar,vauvert,5
Sayat,63530,2529,11.4,TransakAuto,Agence CLERMONT FERRAND SUD,1
Granges-Aumontzey,88640,2529,19.4,AgenceAuto,saint-die-des-vosges,1
Arthès,81160,2528,9.7,TransakAuto,Agence ALBI,1
Criel-sur-Mer,76910,2527,6.1,TransakAuto,"Agence MONS, BELGIQUE",1
Opio,06650,2527,7.8,TransakAuto,Agence GRASSE,8
La Rivière-Saint-Sauveur,14600,2527,12.7,TransakAuto,Agence LE HAVRE,2
Plan-d'Aups-Sainte-Baume,83640,2527,17.9,Simplicicar,la-ciotat,1
Gonnehem,62920,2525,8.2,TransakAuto,Agence BETHUNE,1
Saint-Amand-Villages,50160,2525,13.2,TransakAuto,Agence SAINT-LO,1
Trégastel,22730,2524,10.3,AgenceAuto,lannion,1
Rantigny,60290,2524,10.9,TransakAuto,Agence SAINT MAXIMIN,3
Conques-sur-Orbiel,11600,2523,9.7,TransakAuto,Agence CARCASSONNE,2
Ruelisheim,68270,2519,5.1,AgenceAuto,mulhouse,2
Prayssac,46220,2519,19.5,TransakAuto,Agence CAHORS,1
Camphin-en-Pévèle,59780,2518,11.9,AgenceAuto,wasquehal,6
Landas,59310,2518,16.1,TransakAuto,Agence VALENCIENNES,3
Chatte,38160,2518,17.2,TransakAuto,Agence ROMANS SUR ISERE,1
Berstett,67370,2517,7.3,TransakAuto,Agence STRASBOURG NORD,3
Saint-Jean-d'Elle,50810,2516,9.7,TransakAuto,Agence SAINT-LO,1
Monchecourt,59234,2516,14.2,TransakAuto,Agence DOUAI,2
Castets,40260,2516,18.5,AgenceAuto,dax,1
Roëzé-sur-Sarthe,72210,2514,13.5,TransakAuto,Agence LE MANS,1
Fitz-James,60600,2514,18.0,TransakAuto,Agence SAINT MAXIMIN,3
Caraman,31460,2513,14.7,TransakAuto,Agence VILLEFRANCHE-DE-LAURAGAIS,2
La Fresnais,35111,2509,6.8,AgenceAuto,saint-malo,2
Villeneuve-de-Marsan,40190,2508,14.3,TransakAuto,Agence MONT DE MARSAN,1
Héricy,77850,2507,9.2,TransakAuto,Agence FONTAINEBLEAU,1
Guérigny,58130,2505,13.1,AgenceAuto,nevers,1
Aiguefonde,81200,2505,17.9,TransakAuto,Agence CASTRES,1
Solliès-Ville,83210,2504,15.6,TransakAuto,Agence TOULON,1
Cers,34420,2503,12.3,TransakAuto,Agence BEZIERS,1
La Possonnière,49170,2501,10.7,Simplicicar,angers,3
Saint-Pargoire,34230,2501,13.4,TransakAuto,Agence SETE,2
Saultain,59990,2499,6.7,AgenceAuto,valenciennes,2
Biesheim,68600,2499,14.6,Simplicicar,colmar,1
Plombières-lès-Dijon,21370,2497,9.2,AgenceAuto,dijon,3
Brié-et-Angonnes,38320,2497,9.4,TransakAuto,Agence GRENOBLE OUEST,3
Oissery,77178,2496,5.7,TransakAuto,Agence DAMMARTIN EN GOELE,2
Saint-Mathurin,85150,2496,9.7,TransakAuto,Agence LES SABLES D&rsquo;OLONNE,2
Saint-Geniès-Bellevue,31180,2495,4.6,AgenceAuto,toulouse-nord,5
Anthy-sur-Léman,74200,2495,5.6,TransakAuto,Agence THONON-LES-BAINS,1
Maureilhan,34370,2495,7.3,TransakAuto,Agence BEZIERS,1
Bazancourt,51110,2495,14.1,TransakAuto,Agence REIMS,2
Condé-sur-Sarthe,61250,2494,3.2,TransakAuto,Agence ALENCON,1
Calmont,31560,2494,14.8,TransakAuto,Agence VILLEFRANCHE-DE-LAURAGAIS,1
Camaret-sur-Mer,29570,2494,18.9,AgenceAuto,brest,1
Caderousse,84860,2493,6.3,TransakAuto,Agence ORANGE,1
Sailly-Labourse,62113,2493,8.8,TransakAuto,Agence BETHUNE,2
Clef Vallée d'Eure,27490,2490,10.8,Simplicicar,evreux,3
Saint-Étienne-du-Grès,13103,2489,15.5,TransakAuto,Agence ARLES,1
Orgerus,78910,2489,16.6,AgenceAuto,epone,2
Beautiran,33640,2488,7.0,TransakAuto,Agence CADAUJAC,1
Val-Revermont,01370,2488,13.6,TransakAuto,Agence BOURG-EN-BRESSE,2
Lion-sur-Mer,14780,2486,12.5,TransakAuto,Agence CAEN,1
Loriol-du-Comtat,84870,2486,15.5,TransakAuto,Agence ORANGE,3
Crissey,71530,2485,4.2,AgenceAuto,chalon-sur-saone,2
Hinges,62232,2485,9.8,TransakAuto,Agence BETHUNE,1
Tigy,45510,2484,7.9,TransakAuto,Agence VIERZON,1
Offendorf,67850,2484,16.1,TransakAuto,Agence STRASBOURG NORD,3
Sainte-Reine-de-Bretagne,44160,2484,17.9,TransakAuto,Agence SAINT-NAZAIRE,1
Rivedoux-Plage,17940,2483,16.8,TransakAuto,Agence LA ROCHELLE / AYTRE,1
Saint-Mars-d'Outillé,72220,2483,17.2,TransakAuto,Agence LE MANS,1
Audun-le-Roman,54560,2483,19.6,TransakAuto,Agence THIONVILLE,2
Saint-Germain-la-Blanche-Herbe,14280,2482,10.2,TransakAuto,Agence CAEN,1
Famars,59300,2474,5.2,AgenceAuto,valenciennes,2
Messery,74140,2474,10.5,TransakAuto,Agence THONON-LES-BAINS,3
Leval,59620,2474,14.1,TransakAuto,Agence MAUBEUGE,1
Vaulx-Milieu,38090,2472,6.6,TransakAuto,Agence BOURGOIN-JAILLEU,3
Anizy-le-Grand,02320,2472,17.4,Simplicicar,soissons,1
La Terrasse,38660,2470,6.3,AgenceAuto,grenoble,2
Tressange,57710,2470,12.6,TransakAuto,Agence THIONVILLE,1
Breuil-le-Sec,60840,2467,15.6,TransakAuto,Agence SAINT MAXIMIN,3
Ploumilliau,22300,2466,7.3,AgenceAuto,lannion,2
Hermes,60370,2466,12.2,Simplicicar,beauvais,2
Varennes-Jarcy,91480,2465,4.6,TransakAuto,Agence BRIE-COMTE-ROBERT,7
Salles-sur-Mer,17220,2465,8.2,TransakAuto,Agence LA ROCHELLE / AYTRE,1
Saint-Contest,14280,2465,8.9,TransakAuto,Agence CAEN,1
Estillac,47310,2463,9.5,TransakAuto,Agence AGEN,1
Neuville-sur-Sarthe,72190,2463,9.9,TransakAuto,Agence LE MANS,1
Saint-Savinien,17350,2460,15.7,TransakAuto,Agence SAINTES,1
La Limouzinière,44310,2459,15.5,AgenceAuto,nantes-sud-est,1
Saint-Julien,83560,2453,16.0,TransakAuto,Agence MANOSQUE,1
Pugnac,33710,2453,18.7,TransakAuto,Agence BORDEAUX RIVE DROITE,2
Avessac,44460,2452,7.6,TransakAuto,Agence REDON,1
Péchabou,31320,2449,5.2,AgenceAuto,toulouse-sud-est-labege,6
Ungersheim,68190,2449,11.6,AgenceAuto,mulhouse,2
Louargat,22540,2448,8.8,TransakAuto,Agence BEGARD,1
Arbonne,64210,2447,2.1,TransakAuto,Agence BIDART &#8211; SAINT-JEAN-DE-LUZ,3
Flins-sur-Seine,78410,2447,4.6,AgenceAuto,epone,6
Damigny,61250,2446,2.3,TransakAuto,Agence ALENCON,1
Illfurth,68720,2445,6.7,AgenceAuto,mulhouse-sud,2
Brison-Saint-Innocent,73100,2445,14.9,TransakAuto,Agence CHAMBERY,2
Vert-le-Grand,91810,2444,13.7,AgenceAuto,athis-mons,5
Château-Gaillard,01500,2443,11.3,Simplicicar,meximieux,1
Truyes,37320,2442,11.1,AgenceAuto,tours,3
Beaumes-de-Venise,84190,2442,16.3,TransakAuto,Agence ORANGE,1
Tucquegnieux,54640,2441,14.3,TransakAuto,Agence SAINT-DIZIER,1
Saint-Ferréol-d'Auroure,43330,2441,16.0,TransakAuto,Agence SAINT ETIENNE,2
Piennes,54490,2441,19.5,TransakAuto,Agence SAINT-DIZIER,1
Saint-Père-Marc-en-Poulet,35430,2440,2.3,AgenceAuto,saint-malo,2
Villers-sur-Mer,14640,2440,14.6,TransakAuto,Agence DEAUVILLE,1
Le Mesnil-en-Thelle,60530,2439,12.3,AgenceAuto,la-croix-verte,4
Saint-Félix,74540,2439,12.7,AgenceAuto,annecy,3
Saint-Paulien,43350,2439,14.0,Simplicicar,puy-en-velay,1
Saint-Médard-de-Guizières,33230,2438,16.4,TransakAuto,Agence LIBOURNE,1
Saint-Germain,10120,2437,4.3,AgenceAuto,troyes,3
Étival-Clairefontaine,88480,2437,15.7,AgenceAuto,saint-die-des-vosges,1
Bernières-sur-Mer,14990,2437,16.8,TransakAuto,Agence CAEN,1
Abondant,28410,2434,7.1,TransakAuto,Agence DREUX,1
Plateau-des-Petites-Roches,38660,2433,6.4,AgenceAuto,grenoble,2
Saint-Armel,35230,2433,13.9,Simplicicar,rennes,2
Génissieux,26750,2428,3.2,TransakAuto,Agence ROMANS SUR ISERE,1
Taupont,56800,2428,10.2,TransakAuto,Agence PLOERMEL,1
Boulange,57655,2427,14.8,TransakAuto,Agence THIONVILLE,1
Pont-de-Metz,80480,2425,2.0,AgenceAuto,amiens,2
Saint-Hilaire-de-Clisson,44190,2423,17.9,AgenceAuto,nantes-sud-est,1
Brens,81600,2423,18.0,TransakAuto,Agence ALBI,1
Vaivre-et-Montoille,70000,2422,4.9,AgenceAuto,vesoul,1
Marœuil,62161,2422,8.3,Simplicicar,arras,4
Saint-Hilaire-de-Chaléons,44680,2422,18.3,AgenceAuto,pornic,2
Neyron,01700,2421,4.1,AgenceAuto,lyon-nord,8
Beaulieu-sous-la-Roche,85190,2421,9.0,TransakAuto,Agence LA ROCHE SUR YON,1
Doudeville,76560,2420,9.9,AgenceAuto,yerville,2
Montreuil-sur-Ille,35440,2420,15.4,TransakAuto,Agence RENNES OUEST,2
Notre-Dame-de-Monts,85690,2420,20.0,TransakAuto,Agence CHALLANS,1
Montardon,64121,2419,2.3,Simplicicar,pau,2
Saint-Ouen-de-Thouberville,27310,2419,11.3,TransakAuto,Agence ELBEUF,1
Aumetz,57710,2418,15.2,TransakAuto,Agence THIONVILLE,1
Ennevelin,59710,2416,6.0,TransakAuto,Agence SECLIN,6
Crozet,01170,2416,6.6,TransakAuto,Agence GEX,2
Luzinay,38200,2416,8.1,Simplicicar,vienne,6
Saint-Georges-les-Bains,07800,2416,10.8,TransakAuto,Agence VALENCE,2
Saint-Cyprien,42160,2415,4.3,Simplicicar,moto-veauche,3
Cantenay-Épinard,49460,2415,7.4,TransakAuto,Agence ANGERS,3
Feuquières-en-Vimeu,80210,2414,15.7,TransakAuto,"Agence MONS, BELGIQUE",2
Sathonay-Village,69580,2412,1.9,AgenceAuto,lyon-nord,9
Arques-la-Bataille,76880,2412,6.3,TransakAuto,Agence DIEPPE,1
Kaltenhouse,67240,2412,7.6,TransakAuto,Agence HAGUENAU,2
Cornas,07130,2410,8.2,Simplicicar,valence,2
Cessenon-sur-Orb,34460,2410,19.1,TransakAuto,Agence BEZIERS,1
Plonéis,29710,2409,10.4,TransakAuto,Agence QUIMPER,2
Varetz,19240,2409,10.7,TransakAuto,Agence BRIVE-LA-GAILLARDE,2
Évenos,83330,2406,7.1,TransakAuto,Agence TOULON,1
Contamine-sur-Arve,74130,2403,6.9,Simplicicar,genevois,4
Tréméven,29300,2402,15.8,Simplicicar,lorient,1
Pougues-les-Eaux,58320,2401,9.4,AgenceAuto,nevers,1
Goncelin,38570,2400,10.3,AgenceAuto,grenoble,2
Cabanac-et-Villagrains,33650,2400,16.4,TransakAuto,Agence CADAUJAC,1
Levier,25270,2400,16.5,Simplicicar,pontarlier,2
Bouvigny-Boyeffles,62172,2398,10.2,TransakAuto,Agence BETHUNE,4
Grenade-sur-l'Adour,40270,2398,12.2,TransakAuto,Agence MONT DE MARSAN,1
Collonges,01550,2398,14.4,TransakAuto,Agence GEX,2
Saint-Alban,22400,2397,1.9,TransakAuto,Agence LAMBALLE,3
Verniolle,09340,2397,2.8,Simplicicar,pamiers,1
Chevaigné,35250,2397,8.5,TransakAuto,Agence RENNES OUEST,2
Gamaches,80220,2397,14.6,TransakAuto,"Agence MONS, BELGIQUE",1
Rosenau,68128,2396,6.9,AgenceAuto,saint-louis,3
Saint-Médard-d'Aunis,17220,2396,8.0,TransakAuto,Agence LA ROCHELLE / AYTRE,1
Saint-Lumine-de-Coutais,44310,2396,14.9,AgenceAuto,nantes-sud-est,2
Les Salles-du-Gardon,30110,2395,13.0,TransakAuto,Agence ALES,1
Sèvres-Anxaumont,86800,2394,11.3,TransakAuto,Agence POITIERS,1
Flavin,12450,2392,8.4,TransakAuto,Agence RODEZ,3
Le Tholonet,13100,2391,7.9,TransakAuto,Agence AIX EN PROVENCE NORD,4
Richardménil,54630,2389,3.2,TransakAuto,Agence NANCY,3
Cépet,31620,2389,7.8,Simplicicar,toulouse-nord,4
Conflans-en-Jarnisy,54800,2389,11.5,TransakAuto,Agence SAINT-DIZIER,1
Le Cheylas,38570,2389,14.7,AgenceAuto,grenoble,2
Bresse Vallons,01340,2388,12.8,TransakAuto,Agence BOURG-EN-BRESSE,2
Monnières,44690,2388,14.6,AgenceAuto,nantes-sud-est,1
Lanmeur,29620,2387,13.1,TransakAuto,Agence MORLAIX,1
Branges,71500,2386,4.8,AgenceAuto,louhans,1
Peaugres,07340,2385,4.3,TransakAuto,Agence DAVEZIEUX,1
Perrigny-lès-Dijon,21160,2385,8.6,TransakAuto,Agence DIJON,3
Valloire-sur-Cisse,41150,2385,13.4,TransakAuto,Agence BLOIS,1
Beaurepaire,85500,2385,18.6,TransakAuto,Agence CHOLET,1
Moutiers-les-Mauxfaits,85540,2385,19.0,TransakAuto,Agence LA ROCHE SUR YON,1
Samoreau,77210,2384,7.5,TransakAuto,Agence FONTAINEBLEAU,1
Rosselange,57780,2384,9.1,TransakAuto,Agence SAINT-DIZIER,3
Bassan,34290,2383,13.1,TransakAuto,Agence BEZIERS,1
Rouillon,72700,2382,3.5,TransakAuto,Agence LE MANS,1
Castelculier,47240,2382,10.0,TransakAuto,Agence AGEN,1
Coursac,24430,2380,7.4,TransakAuto,Agence PERIGUEUX,1
Biviers,38330,2377,7.9,AgenceAuto,grenoble,3
La Neuville-Chant-d'Oisel,76520,2377,15.2,TransakAuto,Agence ROUEN,2
Ayse,74130,2376,5.1,Simplicicar,genevois,4
Razac-sur-l'Isle,24430,2376,5.3,TransakAuto,Agence PERIGUEUX,1
Châteauneuf-le-Rouge,13790,2376,13.5,TransakAuto,Agence AIX EN PROVENCE NORD,3
Valleroy,54910,2375,6.5,TransakAuto,Agence SAINT-DIZIER,1
Archamps,74160,2375,12.8,AgenceAuto,annemasse,5
Vendin-lès-Béthune,62232,2374,6.4,TransakAuto,Agence BETHUNE,1
Mirefleurs,63730,2373,10.8,TransakAuto,Agence CLERMONT FERRAND SUD,1
Belgentier,83210,2373,15.3,TransakAuto,Agence BRIGNOLES,2
Chevry,01170,2372,5.5,AgenceAuto,saint-genis-pouilly,3
Vimines,73160,2372,7.4,Simplicicar,aix-les-bains,2
La Londe,76500,2372,9.3,TransakAuto,Agence ELBEUF,1
Pont-sur-Sambre,59138,2371,9.3,TransakAuto,Agence MAUBEUGE,1
Presles-en-Brie,77220,2369,2.9,AgenceAuto,gretz-armainvilliers,4
Néris-les-Bains,03310,2368,9.1,TransakAuto,Agence MONTLUCON,1
La Barre-de-Monts,85550,2367,19.5,TransakAuto,Agence CHALLANS,1
Chuzelles,38200,2366,3.3,Simplicicar,vienne,7
Guégon,56120,2365,3.8,TransakAuto,Agence PLOERMEL,1
Noyarey,38360,2365,8.9,TransakAuto,Agence GRENOBLE OUEST,1
Riaillé,44440,2365,16.4,TransakAuto,Agence ANCENIS,1
Saubens,31600,2364,3.1,Simplicicar,toulouse-sud,5
Saint-Rogatien,17220,2364,3.4,TransakAuto,Agence LA ROCHELLE / AYTRE,1
Rouffiac-Tolosan,31180,2363,2.0,AgenceAuto,toulouse-nord,4
Monnetier-Mornex,74560,2362,6.3,TransakAuto,Agence ANNEMASSE,5
Saint-Germain-du-Plain,71370,2362,12.5,AgenceAuto,chalon-sur-saone,3
Fleurieux-sur-l'Arbresle,69210,2361,5.3,TransakAuto,Agence CALUIRE-ET-CUIRE,6
Notre-Dame-des-Landes,44130,2360,18.1,TransakAuto,Agence NANTES NORD,1
Ossun,65380,2358,8.1,TransakAuto,Agence TARBES,1
Viviers-du-Lac,73420,2355,5.1,TransakAuto,Agence CHAMBERY,2
Lay-Saint-Christophe,54690,2355,12.1,Simplicicar,nancy,3
Vérines,17540,2354,7.7,TransakAuto,Agence LA ROCHELLE / AYTRE,1
Lewarde,59287,2353,10.0,TransakAuto,Agence DOUAI,2
Griesheim-près-Molsheim,67870,2351,14.3,Simplicicar,strasbourg,2
Andilly,17230,2350,10.1,TransakAuto,Agence LA ROCHELLE / AYTRE,1
Fontenay-lès-Briis,91640,2350,12.9,AgenceAuto,palaiseau,4
Basse-Ham,57970,2349,6.7,TransakAuto,Agence THIONVILLE,2
Saint-Folquin,62370,2349,17.3,TransakAuto,Agence DUNKERQUE,2
Bezouce,30320,2348,12.8,AgenceAuto,nimes,3
Maussane-les-Alpilles,13520,2347,19.1,TransakAuto,Agence ARLES,1
Aspremont,06790,2346,8.8,Simplicicar,nice,4
Sablons,38550,2346,10.1,TransakAuto,Agence DAVEZIEUX,1
Saint-Marcel-d'Ardèche,07700,2346,11.9,TransakAuto,Agence BOLLENE,1
Urt,64240,2346,16.6,TransakAuto,Agence ANGLET,2
Fessenheim,68740,2345,17.5,AgenceAuto,mulhouse,1
Coulonges-sur-l'Autize,79160,2345,19.6,TransakAuto,"Agence NAMUR, BELGIQUE",1
Bray-sur-Seine,77480,2344,16.7,TransakAuto,Agence PROVINS,1
Courtisols,51460,2343,10.0,AgenceAuto,chalons-en-champagne,1
Wingersheim les Quatre Bans,67170,2342,10.9,TransakAuto,Agence STRASBOURG NORD,3
Sessenheim,67770,2342,17.6,TransakAuto,Agence HAGUENAU,1
Soyons,07130,2341,6.7,Simplicicar,valence,2
Mommenheim,67670,2340,10.8,TransakAuto,Agence HAGUENAU,3
Malansac,56220,2339,19.1,TransakAuto,Agence REDON,1
Recquignies,59245,2338,6.9,TransakAuto,Agence MAUBEUGE,1
Saint-Loup-Cammas,31140,2334,6.0,Simplicicar,toulouse-nord,5
Salles-la-Source,12330,2333,10.0,AgenceAuto,rodez,3
Rochefort-sur-Loire,49190,2333,13.6,Simplicicar,angers,3
Cepoy,45120,2332,6.0,TransakAuto,Agence MONTARGIS,1
Mathieu,14920,2331,9.1,TransakAuto,Agence CAEN,1
Bessenay,69690,2331,14.3,TransakAuto,Agence CALUIRE-ET-CUIRE,3
Corseul,22130,2331,19.9,AgenceAuto,saint-malo,1
Fontcouverte,17100,2330,6.5,TransakAuto,Agence SAINTES,1
Bailleul-sur-Thérain,60930,2330,9.1,Simplicicar,beauvais,2
Langlade,30980,2329,6.9,Simplicicar,nimes,4
Vignoc,35630,2329,10.3,TransakAuto,Agence RENNES OUEST,2
Échenevex,01170,2328,9.3,TransakAuto,Agence GEX,2
Le Meux,60880,2327,4.5,Simplicicar,compiegne,3
Rurange-lès-Thionville,57310,2327,15.7,TransakAuto,Agence THIONVILLE,3
Sales,74150,2325,9.9,AgenceAuto,annecy,3
Locon,62400,2324,10.8,TransakAuto,Agence BETHUNE,2
Valencisse,41190,2324,12.2,TransakAuto,Agence BLOIS,1
Trouillas,66300,2324,12.8,TransakAuto,Agence PERPIGNAN NORD SAINT ESTEVE,2
Houssen,68125,2323,1.3,Simplicicar,colmar,2
Ennery,57365,2322,11.0,AgenceAuto,metz,2
Saint-Pierre-de-Varengeville,76480,2322,13.9,TransakAuto,Agence ROUEN,3
Nonancourt,27320,2321,12.2,TransakAuto,Agence DREUX,1
Andouillé,53240,2321,12.7,TransakAuto,Agence LAVAL,1
Lézat-sur-Lèze,09210,2321,15.4,TransakAuto,Agence EAUNES,1
Seyssel,74910,2321,17.1,TransakAuto,Agence ANNECY,3
Veyrier-du-Lac,74290,2320,6.8,Simplicicar,annecy,3
Saint-Pierre-la-Cour,53410,2320,15.9,TransakAuto,Agence LAVAL,1
Saulcy-sur-Meurthe,88580,2319,4.0,AgenceAuto,saint-die-des-vosges,1
Bersée,59235,2318,10.5,TransakAuto,Agence SECLIN,4
Saint-Brandan,22800,2317,16.0,AgenceAuto,saint-brieuc,2
Cayeux-sur-Mer,80410,2316,16.2,TransakAuto,"Agence MONS, BELGIQUE",1
Bois-de-Haye,54840,2312,11.9,Simplicicar,nancy,3
Hadol,88220,2311,9.3,AgenceAuto,epinal,2
Mouxy,73100,2311,9.6,TransakAuto,Agence CHAMBERY,2
Saint-Étienne-du-Bois,85670,2311,19.2,TransakAuto,Agence CHALLANS,1
Saint-Jean-Pla-de-Corts,66490,2311,19.8,Simplicicar,perpignan,1
Le Vigen,87110,2310,12.3,AgenceAuto,limoges,2
Hénon,22150,2310,13.3,TransakAuto,Agence SAINT-BRIEUC,2
Groix,56590,2310,14.3,TransakAuto,Agence LORIENT,2
Bréhan,56580,2306,15.1,TransakAuto,Agence PLOERMEL,1
Saint-Valery-sur-Somme,80230,2306,15.5,TransakAuto,Agence ABBEVILLE,1
Lagrave,81150,2305,13.0,TransakAuto,Agence ALBI,1
Saint-Germain-du-Puch,33750,2304,10.7,TransakAuto,Agence LIBOURNE,3
La Chapelle-Thouarault,35590,2304,11.3,TransakAuto,Agence RENNES OUEST,3
Landeronde,85150,2303,3.9,TransakAuto,Agence LA ROCHE SUR YON,1
Irodouër,35850,2300,18.8,TransakAuto,Agence RENNES OUEST,1
Coulon,79510,2299,13.3,TransakAuto,Agence NIORT,2
Pomérols,34810,2299,14.9,AgenceAuto,sete,2
Saint-Éloi,58000,2296,7.4,AgenceAuto,nevers,1
Colpo,56390,2296,16.4,TransakAuto,Agence VANNES,2
Le Monastère,12000,2295,3.1,TransakAuto,Agence RODEZ,3
La Couture-Boussey,27750,2295,16.8,TransakAuto,Agence DREUX,1
Mionnay,01390,2294,3.7,TransakAuto,Agence LYON EST,7
Entrammes,53260,2294,10.9,TransakAuto,Agence LAVAL,1
Tréguier,22220,2294,16.5,AgenceAuto,lannion,2
Varennes-le-Grand,71240,2293,9.6,AgenceAuto,chalon-sur-saone,2
Vendat,03110,2292,6.7,Simplicicar,vichy,1
Tallard,05130,2292,12.6,TransakAuto,Agence GAP,1
Muttersholtz,67600,2290,5.6,AgenceAuto,selestat,2
Huisseau-sur-Cosson,41350,2290,8.0,TransakAuto,Agence BLOIS,1
Volmerange-les-Mines,57330,2289,8.1,TransakAuto,Agence THIONVILLE,1
Sergy,01630,2288,4.2,TransakAuto,Agence GEX,2
Pussay,91740,2288,15.8,TransakAuto,Agence ETAMPES,1
Cozes,17120,2287,17.5,Simplicicar,royan,1
Saint-Georges-du-Bois,72700,2285,6.2,TransakAuto,Agence LE MANS,1
Eyzin-Pinet,38780,2285,6.9,TransakAuto,Agence VIENNE,2
Foucherans,39100,2284,4.4,AgenceAuto,dole,1
Ebersheim,67600,2284,5.0,AgenceAuto,selestat,1
Villers-sous-Saint-Leu,60340,2284,6.1,Simplicicar,st-maximin,4
Lanta,31570,2283,13.2,AgenceAuto,toulouse-sud-est-labege,4
Mérindol,84360,2283,16.9,Simplicicar,salon,1
Haulchin,59121,2281,6.6,AgenceAuto,valenciennes,3
Naves,19460,2281,6.8,AgenceAuto,tulle,1
Meucon,56890,2280,5.9,TransakAuto,Agence VANNES,3
Le Perrier,85300,2280,10.1,TransakAuto,Agence CHALLANS,1
Faumont,59310,2278,11.0,TransakAuto,Agence DOUAI,3
Angresse,40150,2277,6.3,TransakAuto,Agence CAPBRETON,1
Saint-Sulpice-sur-Lèze,31410,2277,10.5,TransakAuto,Agence EAUNES,2
Metzervisse,57940,2277,13.5,TransakAuto,Agence THIONVILLE,2
Méounes-lès-Montrieux,83136,2277,13.6,TransakAuto,Agence BRIGNOLES,2
L'Aiguillon-sur-Vie,85220,2277,18.2,TransakAuto,Agence CHALLANS,1
Margencel,74200,2273,2.9,TransakAuto,Agence THONON-LES-BAINS,3
Sixt-sur-Aff,35550,2273,9.9,TransakAuto,Agence REDON,1
Noyelles-lès-Vermelles,62980,2273,10.4,TransakAuto,Agence LENS,2
Larra,31330,2273,13.0,TransakAuto,Agence FRONTON,3
Arzon,56640,2271,15.9,AgenceAuto,vannes,3
Plourivo,22860,2270,19.8,TransakAuto,Agence BEGARD,1
Plouguin,29830,2268,14.7,TransakAuto,Agence BREST,3
Cuverville,14840,2267,1.5,TransakAuto,Agence CAEN,1
Herlies,59134,2267,13.7,AgenceAuto,lille-seclin,5
Hédé-Bazouges,35630,2267,15.0,TransakAuto,Agence RENNES OUEST,2
Clohars-Fouesnant,29950,2264,5.8,AgenceAuto,quimper,2
Beaulieu,34160,2264,6.8,TransakAuto,Agence LUNEL,3
Saint-Étienne-des-Oullières,69460,2264,7.6,TransakAuto,Agence VILLEFRANCHE SUR SAONE,1
Belbeuf,76240,2264,10.7,TransakAuto,Agence ROUEN,2
Septeuil,78790,2264,12.2,AgenceAuto,epone,3
Marboz,01851,2264,15.0,TransakAuto,Agence BOURG-EN-BRESSE,2
Gommegnies,59144,2264,17.4,TransakAuto,Agence MAUBEUGE,2
Vignacourt,80650,2263,7.2,TransakAuto,Agence AMIENS,2
Epfig,67680,2263,9.1,AgenceAuto,selestat,1
Frangy,74270,2262,15.1,TransakAuto,Agence ANNECY,3
Morancé,69480,2261,7.4,TransakAuto,Agence CALUIRE-ET-CUIRE,6
Novalaise,73470,2261,9.6,Simplicicar,aix-les-bains,2
Septfonds,82240,2261,13.8,AgenceAuto,montauban,1
Soliers,14540,2260,6.9,TransakAuto,Agence CAEN,1
Trémuson,22440,2259,8.3,AgenceAuto,saint-brieuc,2
Malataverne,26780,2258,2.0,TransakAuto,Agence MONTELIMAR,2
Corbehem,62112,2258,4.1,TransakAuto,Agence DOUAI,4
Saint-Briac-sur-Mer,35800,2258,11.0,TransakAuto,Agence SAINT-MALO,2
Franois,25770,2257,1.7,AgenceAuto,besancon-valentin,4
Racquinghem,62120,2257,8.2,Simplicicar,saint-omer,1
Cappelle-en-Pévèle,59242,2257,10.2,TransakAuto,Agence SECLIN,5
Avanne-Aveney,25720,2256,4.2,Simplicicar,caen,4
La Chapelle-Saint-Aubin,72650,2256,5.9,TransakAuto,Agence LE MANS,1
Bois-de-Céné,85710,2256,13.6,TransakAuto,Agence CHALLANS,1
Laroque-des-Albères,66740,2256,13.6,Simplicicar,perpignan,1
Aubord,30620,2253,6.1,Simplicicar,vauvert,4
Forges de Lanouée,56120,2253,6.2,TransakAuto,Agence PLOERMEL,1
Allonzier-la-Caille,74350,2253,7.6,TransakAuto,Agence ANNECY,3
Butry-sur-Oise,95430,2252,5.6,TransakAuto,Agence CERGY,6
Châtillon,69380,2252,7.1,TransakAuto,Agence CALUIRE-ET-CUIRE,6
Prahecq,79230,2252,7.9,TransakAuto,Agence NIORT,2
Les Martres-d'Artière,63430,2252,14.3,TransakAuto,Agence CLERMONT FERRAND SUD,1
Schirrhein,67240,2251,12.7,TransakAuto,Agence HAGUENAU,1
Belloy-en-France,95270,2250,6.0,AgenceAuto,la-croix-verte,5
Neydens,74160,2250,14.5,AgenceAuto,saint-genis-pouilly,4
Seyssuel,38200,2248,3.2,Simplicicar,vienne,6
Boulieu-lès-Annonay,07100,2248,4.2,TransakAuto,Agence DAVEZIEUX,1
Braine,02220,2248,13.3,Simplicicar,soissons,1
Dannemarie,68210,2248,17.5,AgenceAuto,mulhouse-sud,2
Itxassou,64250,2248,18.9,AgenceAuto,biarritz-bab,2
Sainte-Marie,35600,2247,2.9,TransakAuto,Agence REDON,1
Saint-Germain-Nuelles,69210,2246,8.4,TransakAuto,Agence CALUIRE-ET-CUIRE,4
Saint-Denis-en-Bugey,01500,2246,11.0,Simplicicar,meximieux,1
Attiches,59551,2245,4.6,TransakAuto,Agence SECLIN,7
Bourg,33710,2244,14.6,TransakAuto,Agence BORDEAUX RIVE DROITE,2
Dozulé,14430,2244,17.6,TransakAuto,Agence CAEN,2
Ennery,95300,2243,1.2,TransakAuto,Agence CERGY,7
Jaux,60880,2243,1.2,Simplicicar,compiegne,2
Saint-Sauveur,31790,2243,7.5,Simplicicar,toulouse-nord,5
Fégréac,44460,2243,12.4,TransakAuto,Agence REDON,1
Mézy-sur-Seine,78250,2242,6.1,AgenceAuto,epone,6
Vézeronce-Curtin,38510,2241,16.9,TransakAuto,Agence BOURGOIN-JAILLEU,1
Rochemaure,07400,2239,11.3,TransakAuto,Agence MONTELIMAR,1
Valergues,34130,2238,0.2,TransakAuto,Agence LUNEL,4
Uxegney,88390,2237,2.2,TransakAuto,Agence EPINAL,2
Plouaret,22420,2237,12.1,TransakAuto,Agence BEGARD,2
Cadolive,13950,2236,15.9,TransakAuto,Agence AIX EN PROVENCE SUD,1
Sainte-Marguerite,88100,2234,1.2,AgenceAuto,saint-die-des-vosges,1
Bouafle,78410,2234,4.3,TransakAuto,Agence CHAMBOURCY,6
Pencran,29800,2234,17.7,Simplicicar,brest,3
Saint-Victor-la-Coste,30290,2233,16.6,TransakAuto,Agence ORANGE,1
Brécé,35530,2232,16.6,AgenceAuto,rennes-nord,2
Avesnelles,59440,2232,19.4,TransakAuto,Agence MAUBEUGE,1
Merville-Franceville-Plage,14810,2231,10.1,TransakAuto,Agence CAEN,1
Labaroche,68910,2231,14.2,Simplicicar,colmar,1
Bachant,59138,2230,9.8,TransakAuto,Agence MAUBEUGE,1
Avanton,86170,2226,8.9,TransakAuto,Agence POITIERS,1
Livry-sur-Seine,77000,2226,15.8,TransakAuto,Agence LIEUSAINT,2
Kœnigsmacker,57970,2224,8.0,TransakAuto,"Agence BRUXELLES, BELGIQUE",2
Esnandes,17137,2224,8.9,TransakAuto,Agence LA ROCHELLE / AYTRE,1
Grosbreuil,85440,2221,13.4,TransakAuto,Agence LES SABLES D&rsquo;OLONNE,2
Saint-Gelais,79410,2220,0.3,TransakAuto,"Agence NAMUR, BELGIQUE",2
Sarras,07370,2220,10.2,TransakAuto,Agence DAVEZIEUX,1
Fontenay-en-Parisis,95190,2219,10.9,AgenceAuto,la-croix-verte,3
Saint-Paul-de-Varces,38760,2218,14.1,TransakAuto,Agence GRENOBLE OUEST,1
Quinsac,33360,2217,4.1,TransakAuto,Agence CADAUJAC,5
Tessy-Bocage,50420,2217,15.4,TransakAuto,Agence SAINT-LO,1
Saint-Melaine-sur-Aubance,49610,2216,9.5,AgenceAuto,angers,3
Langoiran,33550,2215,13.2,TransakAuto,Agence CADAUJAC,1
Hôpital-Camfrout,29460,2215,19.5,Simplicicar,brest,2
Notre-Dame-de-Riez,85270,2213,10.3,TransakAuto,Agence CHALLANS,1
Bully,69210,2213,11.1,TransakAuto,Agence CALUIRE-ET-CUIRE,3
Nages-et-Solorgues,30114,2212,8.9,Simplicicar,vauvert,5
Feneu,49460,2212,13.1,TransakAuto,Agence ANGERS,3
Saint-Beauzire,63360,2210,12.4,TransakAuto,Agence CLERMONT FERRAND SUD,1
Baulon,35580,2210,13.1,Simplicicar,rennes,1
Clairoix,60280,2208,6.1,TransakAuto,Agence COMPIEGNE,2
Froidfond,85300,2208,7.8,TransakAuto,Agence CHALLANS,1
Saint-Didier,84210,2208,11.9,TransakAuto,Agence L&rsquo;ISLE SUR LA SORGUE,1
Augny,57685,2207,10.0,AgenceAuto,metz,3
Lévignac,31530,2206,8.4,TransakAuto,Agence TOULOUSE OUEST,3
Tremblay-les-Villages,28170,2206,18.5,TransakAuto,Agence DREUX,2
Senones,88210,2205,15.3,AgenceAuto,saint-die-des-vosges,1
Givrand,85800,2205,17.4,TransakAuto,Agence CHALLANS,1
Bouin,85230,2205,17.8,AgenceAuto,pornic,2
Saint-Gence,87510,2204,10.4,AgenceAuto,limoges,2
Cheptainville,91630,2204,14.2,TransakAuto,Agence ETAMPES,3
Grane,26400,2204,17.8,TransakAuto,Agence VALENCE,1
Airaines,80270,2204,19.6,TransakAuto,Agence ABBEVILLE,1
Saint-Didier-de-Formans,01600,2203,7.6,TransakAuto,Agence VILLEFRANCHE SUR SAONE,5
Nohanent,63830,2203,8.0,TransakAuto,Agence CLERMONT FERRAND SUD,1
Samoëns,74340,2203,13.8,TransakAuto,Agence SALLANCHES,1
Entre-Vignes,34400,2200,5.7,TransakAuto,Agence LUNEL,3
Andolsheim,68280,2199,8.0,Simplicicar,colmar,1
Llupia,66300,2199,11.8,TransakAuto,Agence PERPIGNAN NORD SAINT ESTEVE,2
Payrin-Augmontel,81660,2198,17.3,TransakAuto,Agence CASTRES,1
Cassel,59670,2198,17.5,Simplicicar,saint-omer,1
Arcisses,28400,2197,5.9,AgenceAuto,nogent-le-rotrou,1
Cotignac,83570,2197,18.8,TransakAuto,Agence BRIGNOLES,1
Roche,38090,2196,8.9,TransakAuto,Agence BOURGOIN-JAILLEU,2
Pouilley-les-Vignes,25115,2195,2.6,AgenceAuto,besancon-valentin,4
Cénac,33360,2195,8.2,TransakAuto,Agence CADAUJAC,5
Peujard,33240,2195,15.5,TransakAuto,Agence BORDEAUX RIVE DROITE,2
Boigny-sur-Bionne,45760,2194,6.5,TransakAuto,Agence ORLEANS,3
Taissy,51500,2194,9.2,Simplicicar,reims,2
Calmont,12450,2192,12.0,TransakAuto,Agence RODEZ,3
Roches-Prémarie-Andillé,86340,2191,12.5,TransakAuto,Agence POITIERS,1
Saint-Rambert-en-Bugey,01230,2190,19.4,Simplicicar,meximieux,1
Mittelhausbergen,67206,2188,2.8,AgenceAuto,strasbourg-nord,3
Amanvillers,57865,2188,5.3,TransakAuto,Agence SAINT-DIZIER,2
Dirinon,29460,2188,14.6,Simplicicar,brest,3
Septème,38780,2186,5.8,TransakAuto,Agence VIENNE,3
Montagnat,01250,2186,7.1,TransakAuto,Agence BOURG-EN-BRESSE,2
Edern,29510,2186,15.9,TransakAuto,Agence QUIMPER,1
Falicon,06950,2185,6.2,Simplicicar,nice,4
Boisseron,34160,2185,9.2,TransakAuto,Agence LUNEL,3
Follainville-Dennemont,78520,2184,3.8,TransakAuto,Agence MANTES-LA-JOLIE,4
Saint-Thurial,35310,2184,13.5,Simplicicar,rennes,1
Vitry-aux-Loges,45530,2183,16.2,TransakAuto,Agence VIERZON,1
Versonnex,01210,2182,9.0,AgenceAuto,saint-genis-pouilly,4
Ecques,62129,2181,7.0,Simplicicar,saint-omer,1
Montferrand-le-Château,25320,2180,1.7,Simplicicar,caen,4
Tencin,38570,2180,6.9,AgenceAuto,grenoble,2
Marcilly-en-Villette,45240,2180,8.0,TransakAuto,Agence VIERZON,3
Eteaux,74800,2180,8.4,Simplicicar,genevois,3
Les Mathes,17570,2180,13.6,Simplicicar,royan,1
Fournes-en-Weppes,59134,2179,10.8,AgenceAuto,lille-seclin,6
Jardin,38200,2178,3.5,TransakAuto,Agence VIENNE,2
Prouvy,59121,2178,3.6,AgenceAuto,valenciennes,2
Ciry-le-Noble,71420,2177,11.1,AgenceAuto,montceau-les-mines,1
La Bâthie,73540,2176,9.4,TransakAuto,Agence ALBERTVILLE,1
Richemont,57270,2175,13.5,TransakAuto,Agence THIONVILLE,3
Villeneuve-en-Perseigne,72600,2174,11.9,TransakAuto,Agence ALENCON,1
Hochstatt,68720,2173,3.5,AgenceAuto,mulhouse-sud,2
Poisat,38320,2173,6.6,TransakAuto,Agence GRENOBLE OUEST,3
Saint-Julien-du-Sault,89330,2173,19.6,TransakAuto,Agence SENS,1
Mézériat,01660,2172,12.0,AgenceAuto,bourg-en-bresse,2
Roquecourbe,81210,2172,16.6,TransakAuto,Agence CASTRES,1
Fléville-devant-Nancy,54710,2171,1.7,TransakAuto,Agence NANCY,3
Saint-Léger-les-Vignes,44710,2171,10.3,TransakAuto,Agence NANTES NORD,2
Mesquer,44420,2171,17.1,TransakAuto,Agence SAINT-NAZAIRE,1
Loupian,34140,2169,7.3,TransakAuto,Agence SETE,2
Luneray,76810,2169,16.2,TransakAuto,Agence DIEPPE,2
Saint-Agathon,22200,2169,18.4,TransakAuto,Agence BEGARD,1
Saint-Alban-de-Roche,38080,2168,3.4,TransakAuto,Agence BOURGOIN-JAILLEU,3
Saint-Clément-de-la-Place,49370,2168,10.2,Simplicicar,angers,3
Corny-sur-Moselle,57680,2168,10.6,TransakAuto,Agence METZ,3
Varreddes,77910,2167,8.3,TransakAuto,Agence MEAUX,3
Courcelles-sur-Seine,27940,2167,12.3,Simplicicar,vernon,1
Villedoux,17230,2166,7.2,TransakAuto,Agence LA ROCHELLE / AYTRE,1
Le Genest-Saint-Isle,53940,2166,7.4,TransakAuto,Agence LAVAL,1
Vernègues,13116,2166,9.8,Simplicicar,salon,1
Sainte-Anastasie-sur-Issole,83136,2165,3.7,TransakAuto,Agence BRIGNOLES,1
Dambach-la-Ville,67650,2165,6.7,AgenceAuto,selestat,1
Brix,50700,2165,9.7,TransakAuto,Agence CHERBOURG-EN-COTENTIN,1
Saint-Magne-de-Castillon,33350,2165,13.4,TransakAuto,Agence LIBOURNE,1
Bonnelles,78830,2165,16.0,TransakAuto,Agence RAMBOUILLET,2
Lumbin,38660,2164,3.4,AgenceAuto,grenoble,2
Larressore,64480,2163,11.8,AgenceAuto,biarritz-bab,3
Chailly-en-Bière,77930,2162,16.7,TransakAuto,Agence LIEUSAINT,1
Estagel,66310,2160,13.3,TransakAuto,Agence PERPIGNAN NORD SAINT ESTEVE,1
Saint-Manvieu-Norrey,14740,2160,16.0,TransakAuto,Agence CAEN,1
Paradou,13520,2159,14.0,TransakAuto,Agence ARLES,1
Château-l'Évêque,24460,2158,6.9,TransakAuto,Agence PERIGUEUX,1
Roche-lez-Beaupré,25220,2158,7.7,TransakAuto,Agence BESANCON,3
Pirey,25480,2156,3.5,AgenceAuto,besancon-valentin,4
Lompret,59840,2155,4.7,TransakAuto,Agence LILLE,6
Pompertuzat,31450,2155,5.9,AgenceAuto,toulouse-sud-est-labege,6
Monchy-Saint-Éloi,60290,2155,6.6,TransakAuto,Agence SAINT MAXIMIN,3
Laize-Clinchamps,14320,2155,15.0,TransakAuto,Agence CAEN,1
Espelette,64250,2155,15.6,TransakAuto,Agence BIDART &#8211; SAINT-JEAN-DE-LUZ,3
Plourhan,22410,2155,17.6,AgenceAuto,saint-brieuc,2
Sainte-Consorce,69280,2154,5.9,TransakAuto,Agence CALUIRE-ET-CUIRE,7
Saint-Aubin-sur-Gaillon,27600,2153,10.3,Simplicicar,vernon,3
Cousolre,59149,2153,15.4,TransakAuto,Agence MAUBEUGE,1
Quelaines-Saint-Gault,53360,2152,15.6,TransakAuto,Agence LAVAL,1
Sennecey-lès-Dijon,21800,2151,2.7,TransakAuto,Agence DIJON,3
Sancé,71000,2151,10.3,TransakAuto,Agence MACON,1
Bréval,78980,2151,11.0,TransakAuto,Agence MANTES-LA-JOLIE,4
Méry,73420,2150,4.7,TransakAuto,Agence CHAMBERY,2
Saint-Ouen-d'Aunis,17230,2150,6.7,TransakAuto,Agence LA ROCHELLE / AYTRE,1
Buxy,71390,2150,11.6,TransakAuto,Agence CHALON-SUR-SAONE,2
Saint-Geniès-des-Mourgues,34160,2148,3.1,TransakAuto,Agence LUNEL,4
Saint-Victor-de-Cessieu,38110,2148,11.2,TransakAuto,Agence BOURGOIN-JAILLEU,1
Villié-Morgon,69910,2148,14.0,TransakAuto,Agence MACON,2
Rougé,44660,2146,7.9,TransakAuto,Agence CHATEAUBRIANT,1
Èze,06360,2144,9.3,Simplicicar,nice,4
Saint-Didier-de-la-Tour,38110,2143,18.2,TransakAuto,Agence BOURGOIN-JAILLEU,1
Laissac-Sévérac l'Église,12310,2141,18.9,TransakAuto,Agence RODEZ,3
Bertry,59980,2140,17.9,TransakAuto,Agence CAMBRAI,1
Quinçay,86190,2139,8.0,TransakAuto,Agence POITIERS,1
Saint-Uze,26240,2139,15.2,TransakAuto,Agence DAVEZIEUX,1
Chablis,89800,2139,16.2,TransakAuto,Agence AUXERRE,1
Chevannes,89240,2137,8.3,TransakAuto,Agence AUXERRE,1
Ger,64530,2137,10.2,TransakAuto,Agence TARBES,1
Esquelbecq,59470,2137,12.4,TransakAuto,Agence DUNKERQUE,3
Veyrac,87520,2137,13.2,AgenceAuto,limoges,2
Pontcarré,77135,2136,6.9,AgenceAuto,gretz-armainvilliers,6
Montréal,11290,2136,13.5,TransakAuto,Agence CARCASSONNE,2
Saint-Just-Luzac,17320,2136,15.2,Simplicicar,royan,1
Boran-sur-Oise,60820,2135,11.0,Simplicicar,st-maximin,4
Annequin,62149,2133,9.8,TransakAuto,Agence BETHUNE,2
Villevaudé,77410,2132,4.8,TransakAuto,Agence CHELLES,6
Val-d'Usiers,25520,2132,5.8,Simplicicar,pontarlier,2
Chouzé-sur-Loire,37140,2132,17.7,TransakAuto,Agence SAUMUR,1
Brette-les-Pins,72250,2131,13.4,TransakAuto,Agence LE MANS,1
Sonnaz,73000,2130,2.8,TransakAuto,Agence CHAMBERY,2
Logonna-Daoulas,29460,2130,16.0,Simplicicar,brest,3
Fesches-le-Châtel,25490,2129,7.4,AgenceAuto,montbeliard,4
Le Gua,17600,2129,7.7,Simplicicar,royan,1
Berric,56230,2129,12.3,Simplicicar,vannes,3
Champigny,89340,2128,15.9,TransakAuto,Agence SENS,1
Raillencourt-Sainte-Olle,59554,2127,4.5,TransakAuto,Agence CAMBRAI,1
Réau,77550,2127,4.7,TransakAuto,Agence LIEUSAINT,3
Cambon,81990,2127,6.7,TransakAuto,Agence ALBI,1
Théza,66200,2126,2.4,Simplicicar,perpignan,2
Samois-sur-Seine,77920,2126,11.3,TransakAuto,Agence FONTAINEBLEAU,1
Cérons,33720,2126,19.7,TransakAuto,Agence CADAUJAC,1
Callas,83830,2124,10.6,TransakAuto,Agence DRAGUIGNAN,1
Argeliers,11120,2124,16.3,Simplicicar,narbonne,2
Le Pont-de-Beauvoisin,73330,2124,17.6,Simplicicar,aix-les-bains,2
Frontonas,38290,2123,8.6,TransakAuto,Agence BOURGOIN-JAILLEU,4
Peille,06440,2123,17.4,Simplicicar,nice,1
Hirsingue,68560,2122,17.1,AgenceAuto,mulhouse-sud,1
Le Pouget,34230,2122,18.5,TransakAuto,Agence SETE,1
Boissy-l'Aillerie,95650,2120,3.1,AgenceAuto,cergy-pontoise,6
Pouilly-les-Nonains,42155,2120,5.5,TransakAuto,Agence ROANNE,1
Saint-Nazaire-d'Aude,11120,2118,11.5,Simplicicar,narbonne,2
Le Thou,17290,2117,14.1,TransakAuto,Agence LA ROCHELLE / AYTRE,1
Villers-Outréaux,59142,2117,16.7,TransakAuto,Agence CAMBRAI,1
Pommeret,22120,2116,9.9,TransakAuto,Agence SAINT-BRIEUC,3
Mathay,25700,2115,1.3,TransakAuto,Agence MONTBELIARD,3
Saint-Prest,28300,2115,8.6,TransakAuto,Agence CHARTRES,1
Chemaudin et Vaux,25320,2113,2.9,Simplicicar,caen,4
Renescure,59173,2113,8.1,Simplicicar,saint-omer,1
Château-Renard,45220,2112,13.5,TransakAuto,Agence MONTARGIS,1
Perreux,42120,2111,7.9,TransakAuto,Agence ROANNE,1
Saint-Laurent-d'Agny,69440,2111,8.1,Simplicicar,lyon-ouest,5
Limetz-Villez,78270,2110,7.2,AgenceAuto,vernon,3
Bégrolles-en-Mauges,49122,2110,12.3,TransakAuto,Agence CHOLET,1
Saint-Bonnet-près-Riom,63200,2110,19.8,TransakAuto,Agence CLERMONT FERRAND SUD,1
Ittenheim,67117,2108,8.6,AgenceAuto,strasbourg-nord,3
Apremont,85220,2108,10.9,TransakAuto,Agence CHALLANS,1
Bouray-sur-Juine,91850,2108,12.9,TransakAuto,Agence ETAMPES,1
Les Mages,30960,2106,18.9,TransakAuto,Agence ALES,1
Brenouille,60870,2105,5.7,AgenceAuto,senlis,5
Ahetze,64210,2104,2.9,TransakAuto,Agence BIDART &#8211; SAINT-JEAN-DE-LUZ,3
Saint-Julien,22940,2101,8.4,AgenceAuto,saint-brieuc,2
Plaimpied-Givaudins,18340,2101,13.8,TransakAuto,Agence BOURGES,1
Ambon,56190,2101,15.2,Simplicicar,vannes,2
Saint-Aubin-sur-Mer,14750,2101,16.4,TransakAuto,Agence CAEN,1
Saint-Victor,03410,2100,3.0,TransakAuto,Agence MONTLUCON,1
Sourcieux-les-Mines,69210,2100,7.3,TransakAuto,Agence CALUIRE-ET-CUIRE,5
Préseau,59990,2100,7.4,AgenceAuto,valenciennes,2
Saint-Lumine-de-Clisson,44190,2100,13.9,AgenceAuto,nantes-sud-est,1
Grignon,73200,2099,2.1,TransakAuto,Agence ALBERTVILLE,1
Porte-des-Bonnevaux,38260,2099,18.9,TransakAuto,Agence BOURGOIN-JAILLEU,1
Brax,47310,2098,12.9,TransakAuto,Agence AGEN,1
Arenthon,74800,2097,3.8,Simplicicar,genevois,4
Lamanon,13113,2097,8.7,Simplicicar,salon,1
Domancy,74700,2097,18.1,TransakAuto,Agence SALLANCHES,1
Saint-Jean-de-Gonville,01630,2096,7.0,TransakAuto,Agence GEX,2
Saze,30650,2096,12.5,TransakAuto,Agence AVIGNON,1
Trept,38460,2095,10.8,TransakAuto,Agence BOURGOIN-JAILLEU,3
Varois-et-Chaignot,21490,2094,3.4,Simplicicar,dijon,3
Chaptelat,87270,2093,5.1,TransakAuto,Agence LIMOGES,2
Épron,14610,2093,6.6,TransakAuto,Agence CAEN,1
Moussan,11120,2093,6.8,Simplicicar,narbonne,3
Combloux,74920,2093,19.7,TransakAuto,Agence SALLANCHES,1
Serpaize,38200,2091,3.7,Simplicicar,vienne,5
Candillargues,34130,2091,6.0,TransakAuto,Agence LUNEL,5
Carspach,68130,2091,14.6,AgenceAuto,mulhouse-sud,1
Sainte-Foy-de-Peyrolières,31470,2088,9.6,AgenceAuto,toulouse-fontenilles,2
Pleugueneuc,35720,2087,18.0,AgenceAuto,saint-malo,1
Saint-Pabu,29830,2087,19.3,TransakAuto,Agence BREST,2
Saint-Bonnet-en-Champsaur,05500,2086,14.3,TransakAuto,Agence GAP,1
Wittisheim,67820,2085,10.8,AgenceAuto,selestat,1
Saint-Julien-des-Landes,85150,2085,15.0,TransakAuto,Agence LA ROCHE SUR YON,2
Flourens,31130,2084,6.3,AgenceAuto,toulouse-nord,5
Gidy,45520,2084,10.1,TransakAuto,Agence ORLEANS,2
Villiers-sur-Morin,77580,2083,8.1,AgenceAuto,chessy,4
Tavel,30126,2083,14.7,TransakAuto,Agence AVIGNON,2
Beaujeu,69430,2082,19.1,TransakAuto,Agence MACON,2
Sainte-Féréole,19270,2081,6.1,Simplicicar,brive,3
Muizon,51140,2081,7.2,Simplicicar,reims,2
Walincourt-Selvigny,59127,2081,13.3,TransakAuto,Agence CAMBRAI,1
Montreuil-le-Gast,35520,2080,7.8,TransakAuto,Agence RENNES OUEST,2
Saint-Léon-sur-l'Isle,24110,2080,15.6,TransakAuto,Agence PERIGUEUX,1
La Ménitré,49250,2079,19.2,AgenceAuto,angers,1
Targon,33760,2079,19.4,TransakAuto,Agence LIBOURNE,1
Roquefort,47310,2078,10.6,TransakAuto,Agence AGEN,1
Armbouts-Cappel,59380,2077,1.3,TransakAuto,Agence DUNKERQUE,3
Suze-la-Rousse,26790,2077,10.8,TransakAuto,Agence BOLLENE,2
Bû,28410,2077,11.4,TransakAuto,Agence DREUX,1
Trosly-Breuil,60350,2077,13.0,Simplicicar,compiegne,2
Saint-Paterne - Le Chevain,72610,2076,4.0,TransakAuto,Agence ALENCON,1
Mons-en-Pévèle,59246,2075,8.5,TransakAuto,Agence SECLIN,4
Murviel-lès-Montpellier,34570,2075,9.7,TransakAuto,Agence MONTPELLIER,4
Ginasservis,83560,2075,18.0,TransakAuto,Agence MANOSQUE,1
Ranville,14860,2074,4.0,TransakAuto,Agence CAEN,1
Étel,56410,2074,16.8,TransakAuto,Agence LORIENT,1
Ploumoguer,29810,2074,17.9,AgenceAuto,brest,3
La Frénaye,76170,2074,18.8,TransakAuto,Agence YVETOT,1
Perthes,77930,2073,15.7,TransakAuto,Agence LIEUSAINT,1
Abbaretz,44170,2073,17.7,TransakAuto,Agence CHATEAUBRIANT,1
Givenchy-en-Gohelle,62580,2072,4.5,TransakAuto,Agence LENS,5
Lucenay,69480,2070,9.1,Simplicicar,lyon-nord,5
Mettray,37390,2070,14.0,AgenceAuto,tours,2
Saussan,34570,2069,4.8,TransakAuto,Agence MONTPELLIER,5
Bergheim,68750,2069,8.9,AgenceAuto,selestat,2
Assat,64510,2068,12.4,TransakAuto,Agence PAU,2
Les Matelles,34270,2068,14.8,AgenceAuto,montpellier-est,3
Houdemont,54180,2066,0.7,Simplicicar,nancy,3
Cagny,14630,2066,4.7,TransakAuto,Agence CAEN,1
Cairon,14610,2066,12.2,TransakAuto,Agence CAEN,1
Évrecy,14210,2066,19.5,TransakAuto,Agence CAEN,1
Couilly-Pont-aux-Dames,77860,2064,7.1,TransakAuto,Agence MEAUX,4
Champdieu,42600,2064,19.6,Simplicicar,moto-veauche,1
Neuville-sur-Oise,95000,2058,2.2,TransakAuto,Agence CONFLANS-SAINTE-HONORINE,8
Marcellaz-Albanais,74150,2058,7.0,AgenceAuto,annecy,3
La Longueville,59570,2057,5.8,TransakAuto,Agence MAUBEUGE,1
Saint-Maixant,33490,2057,17.4,TransakAuto,Agence LANGON,1
Arveyres,33500,2056,4.9,TransakAuto,Agence LIBOURNE,3
Verny,57420,2056,10.1,TransakAuto,Agence METZ,2
Brain-sur-Allonnes,49650,2056,16.7,TransakAuto,Agence SAUMUR,1
Saint-Benoît-de-Carmaux,81400,2056,17.6,TransakAuto,Agence ALBI,1
Monclar-de-Quercy,82230,2055,9.5,AgenceAuto,montauban,1
Buchères,10800,2055,9.8,AgenceAuto,troyes,3
Chessy,69380,2055,10.4,TransakAuto,Agence CALUIRE-ET-CUIRE,3
Fontenay-le-Marmion,14320,2055,12.6,TransakAuto,Agence CAEN,1
Les Roches-de-Condrieu,38370,2055,13.6,Simplicicar,vienne,2
Saint-Chaptes,30190,2055,17.9,Simplicicar,nimes,1
Ottmarsheim,68490,2054,7.9,AgenceAuto,mulhouse,2
Paulx,44270,2054,14.6,TransakAuto,Agence CHALLANS,1
Vincey,88450,2053,16.2,TransakAuto,Agence EPINAL,1
Guerville,78930,2052,5.1,AgenceAuto,epone,4
Saint-Louis-de-Montferrand,33440,2051,5.7,TransakAuto,Agence BORDEAUX RIVE DROITE,5
Châteauneuf-du-Pape,84230,2050,7.4,TransakAuto,Agence ORANGE,2
Frénouville,14630,2050,7.4,TransakAuto,Agence CAEN,1
Ozouer-le-Voulgis,77390,2050,8.5,AgenceAuto,gretz-armainvilliers,3
Vailly-sur-Aisne,02370,2050,12.6,Simplicicar,soissons,1
Le Grand-Bornand,74450,2050,13.5,TransakAuto,Agence SALLANCHES,2
Pinet,34850,2049,14.8,AgenceAuto,sete,2
Abzac,33230,2048,13.7,TransakAuto,Agence LIBOURNE,1
Vennecy,45760,2047,9.4,TransakAuto,Agence ORLEANS,3
Foëcy,18500,2046,17.5,TransakAuto,Agence BOURGES,1
Artiguelouve,64230,2045,4.0,TransakAuto,Agence PAU,2
Fressenneville,80390,2045,13.0,TransakAuto,"Agence MONS, BELGIQUE",1
Sarry,51520,2044,2.4,AgenceAuto,chalons-en-champagne,1
La Bonneville-sur-Iton,27190,2044,8.8,TransakAuto,Agence EVREUX,2
Volstroff,57940,2044,13.4,TransakAuto,Agence THIONVILLE,3
Lanvéoc,29160,2044,15.5,AgenceAuto,brest,3
Lagny-le-Sec,60330,2043,1.6,TransakAuto,Agence DAMMARTIN EN GOELE,2
Châtillon-le-Duc,25870,2042,6.1,TransakAuto,Agence BESANCON,4
Cuise-la-Motte,60350,2042,15.7,Simplicicar,compiegne,2
Génissac,33420,2041,5.7,TransakAuto,Agence LIBOURNE,2
Janville-sur-Juine,91510,2041,9.2,TransakAuto,Agence ETAMPES,1
Ribaute-les-Tavernes,30720,2040,4.4,TransakAuto,Agence ALES,1
Taillades,84300,2040,11.4,TransakAuto,Agence L&rsquo;ISLE SUR LA SORGUE,1
Saint-Porchaire,17250,2040,12.6,TransakAuto,Agence SAINTES,1
Sainte-Colombe,69560,2036,2.9,Simplicicar,vienne,3
Mées,40990,2036,5.3,AgenceAuto,dax,2
Juilly,77230,2036,8.5,TransakAuto,Agence DAMMARTIN EN GOELE,4
Chevrières,60710,2036,9.5,Simplicicar,compiegne,5
Reventin-Vaugris,38121,2035,8.2,TransakAuto,Agence VIENNE,2
Ercé-près-Liffré,35340,2034,17.6,TransakAuto,Agence RENNES OUEST,2
Foissiat,01340,2034,18.6,TransakAuto,Agence BOURG-EN-BRESSE,2
Lampaul-Guimiliau,29400,2032,17.0,TransakAuto,Agence MORLAIX,1
Prémesques,59840,2031,7.9,TransakAuto,Agence LILLE,6
Locqueltas,56390,2031,9.9,TransakAuto,Agence VANNES,3
Mozé-sur-Louet,49610,2031,12.3,Simplicicar,angers,3
Lacroix-Falgarde,31120,2030,2.8,Simplicicar,toulouse-sud,6
Évette-Salbert,90350,2029,7.7,AgenceAuto,belfort,2
La Romagne,49740,2028,7.4,TransakAuto,Agence CHOLET,1
Plappeville,57050,2027,3.4,AgenceAuto,metz,2
Saint-Sauveur-d'Aunis,17540,2026,13.5,TransakAuto,Agence LA ROCHELLE / AYTRE,1
Val-d'Arc,73220,2026,13.8,TransakAuto,Agence ALBERTVILLE,1
Vignoux-sur-Barangeon,18500,2026,16.6,TransakAuto,Agence BOURGES,1
Le Sequestre,81990,2025,4.1,TransakAuto,Agence ALBI,1
Villette-de-Vienne,38200,2025,5.3,Simplicicar,vienne,7
Sauveterre,30150,2025,8.4,TransakAuto,Agence AVIGNON,2
Rountzenheim-Auenheim,67480,2025,19.2,TransakAuto,Agence HAGUENAU,1
Plogastel-Saint-Germain,29710,2024,14.6,AgenceAuto,quimper,2
Les Côtes-d'Arey,38138,2023,7.9,TransakAuto,Agence VIENNE,2
Saint-Martin-du-Mont,01160,2023,14.9,AgenceAuto,bourg-en-bresse,2
Rosult,59230,2022,11.4,TransakAuto,Agence VALENCIENNES,2
Baillet-en-France,95560,2021,0.5,AgenceAuto,la-croix-verte,7
Voglans,73420,2021,2.8,TransakAuto,Agence CHAMBERY,2
La Gouesnière,35350,2021,5.0,AgenceAuto,saint-malo,2
Soignolles-en-Brie,77111,2021,8.8,TransakAuto,Agence BRIE-COMTE-ROBERT,3
Charron,17230,2021,13.0,TransakAuto,Agence LA ROCHELLE / AYTRE,1
Sémalens,81570,2020,4.3,TransakAuto,Agence CASTRES,1
Warhem,59380,2020,9.2,Simplicicar,dunkerque,3
Sainte-Marguerite-sur-Duclair,76480,2020,12.1,TransakAuto,Agence YVETOT,2
Cabasse,83340,2020,13.4,TransakAuto,Agence BRIGNOLES,1
Bellegarde-en-Forez,42210,2019,8.8,Simplicicar,moto-veauche,2
Saint-Julien-Chapteuil,43260,2019,10.4,Simplicicar,puy-en-velay,1
Charantonnay,38790,2019,13.4,TransakAuto,Agence BOURGOIN-JAILLEU,3
Croissy-Beaubourg,77183,2018,7.4,TransakAuto,Agence CHELLES,7
La Forest-Landerneau,29800,2018,10.9,Simplicicar,brest,3
Manziat,01570,2018,15.3,TransakAuto,Agence MACON,1
Mouzeil,44850,2017,11.4,TransakAuto,Agence ANCENIS,1
Civrieux,01390,2016,2.0,TransakAuto,Agence LYON EST,6
Barraux,38530,2016,18.8,AgenceAuto,grenoble,3
Thil,54880,2016,19.8,TransakAuto,Agence THIONVILLE,1
Meyenheim,68890,2015,14.7,AgenceAuto,mulhouse,1
Saint-Geniès-de-Comolas,30150,2014,9.9,TransakAuto,Agence ORANGE,2
Saint-Marcel-sur-Aude,11120,2014,9.9,Simplicicar,narbonne,2
Beaurainville,62990,2014,17.7,TransakAuto,Agence LE TOUQUET,1
Creney-près-Troyes,10150,2013,8.9,Simplicicar,troyes,3
Dommartin-lès-Toul,54200,2013,18.9,Simplicicar,nancy,3
La Genétouze,85190,2011,8.4,TransakAuto,Agence LA ROCHE SUR YON,1
Theys,38570,2011,9.4,TransakAuto,Agence GRENOBLE EST,2
Réguisheim,68890,2011,12.1,AgenceAuto,mulhouse,2
Châtonnay,38440,2009,13.7,TransakAuto,Agence BOURGOIN-JAILLEU,1
Belcodène,13720,2009,18.0,TransakAuto,Agence AIX EN PROVENCE SUD,1
Viviers-lès-Montagnes,81290,2008,4.4,TransakAuto,Agence CASTRES,1
Misérieux,01600,2008,9.0,TransakAuto,Agence VILLEFRANCHE SUR SAONE,5
Blaringhem,59173,2008,11.8,Simplicicar,saint-omer,1
Buros,64160,2007,6.0,Simplicicar,pau,2
Saint-Pavace,72190,2007,6.2,TransakAuto,Agence LE MANS,1
Plouisy,22200,2007,12.2,TransakAuto,Agence BEGARD,1
Chars,95750,2006,13.9,AgenceAuto,cergy-pontoise,4
Coubert,77170,2005,6.6,AgenceAuto,gretz-armainvilliers,3
Romanèche-Thorins,71570,2005,7.4,TransakAuto,Agence MACON,1
Domessin,73330,2005,16.4,Simplicicar,aix-les-bains,2
Serre-les-Sapins,25770,2004,0.3,AgenceAuto,besancon-valentin,4
Vienne-en-Val,45510,2004,5.8,TransakAuto,Agence VIERZON,1
Corneilla-la-Rivière,66550,2004,10.9,TransakAuto,Agence PERPIGNAN NORD SAINT ESTEVE,1
Saint-Hilaire-du-Rosier,38840,2004,12.2,TransakAuto,Agence ROMANS SUR ISERE,1
Saint-Gildas-de-Rhuys,56730,2004,17.0,AgenceAuto,vannes,3
Séreilhac,87620,2003,17.4,AgenceAuto,limoges,1
Saint-Romain-en-Gal,69560,2001,3.7,Simplicicar,vienne,3
Combaillaux,34980,2001,12.2,Simplicicar,montpellier,3
Saint-Urbain,85230,2000,13.3,TransakAuto,Agence CHALLANS,1
Saint-Jeoire-Prieuré,73190,1999,10.7,Simplicicar,aix-les-bains,2
Burlats,81100,1998,18.5,TransakAuto,Agence CASTRES,1
Corme-Royal,17600,1997,10.9,TransakAuto,Agence SAINTES,2
Artenay,45410,1997,16.9,TransakAuto,Agence ORLEANS,1
Saint-Joseph,42800,1996,18.0,Simplicicar,lyon-ouest,3
Garennes-sur-Eure,27780,1996,18.1,TransakAuto,Agence DREUX,1
Savigny,69210,1995,12.0,TransakAuto,Agence CALUIRE-ET-CUIRE,2
Ablain-Saint-Nazaire,62153,1994,9.2,TransakAuto,Agence LENS,4
Échalas,69700,1994,11.4,Simplicicar,vienne,4
Tulette,26790,1994,17.7,TransakAuto,Agence BOLLENE,2
Sundhoffen,68280,1993,9.4,Simplicicar,colmar,1
Marennes,69970,1992,9.0,Simplicicar,vienne,7
La Chapelle-de-la-Tour,38110,1992,16.5,TransakAuto,Agence BOURGOIN-JAILLEU,1
Corzé,49140,1991,12.8,AgenceAuto,angers,2
Moisdon-la-Rivière,44520,1990,8.6,TransakAuto,Agence CHATEAUBRIANT,1
Beaufort,73270,1989,18.6,TransakAuto,Agence ALBERTVILLE,1
Jouy,28300,1988,11.7,TransakAuto,Agence CHARTRES,1
Mamirolle,25620,1988,11.9,TransakAuto,Agence BESANCON,3
Sauve,30610,1988,17.8,TransakAuto,Agence ALES,1
Bénouville,14970,1987,5.5,TransakAuto,Agence CAEN,1
Bitschwiller-lès-Thann,68620,1986,19.3,AgenceAuto,mulhouse-sud,1
Bart,25420,1985,3.9,AgenceAuto,montbeliard,4
Baule,45130,1985,16.8,Simplicicar,orleans,1
Montaigut-sur-Save,31530,1984,9.4,TransakAuto,Agence TOULOUSE OUEST,4
Saint-Gervasy,30320,1984,10.6,AgenceAuto,nimes,3
Saint-Symphorien,79270,1983,7.8,TransakAuto,Agence NIORT,2
Boëge,74420,1983,9.0,TransakAuto,Agence ANNEMASSE,4
Saint-Gervais,33240,1983,11.5,TransakAuto,Agence BORDEAUX RIVE DROITE,2
Saint-Benoît-sur-Loire,45730,1982,16.3,TransakAuto,Agence VIERZON,1
Messein,54850,1981,2.7,TransakAuto,Agence NANCY,3
Saint-Macaire,33490,1981,15.8,TransakAuto,Agence LANGON,1
Allan,26780,1980,4.1,TransakAuto,Agence MONTELIMAR,2
Ortaffa,66560,1980,7.3,Simplicicar,perpignan,2
Estevelles,62880,1979,8.8,TransakAuto,Agence LENS,4
Saint-Symphorien-de-Lay,42470,1979,18.7,TransakAuto,Agence ROANNE,1
Verquigneul,62113,1978,5.9,TransakAuto,Agence BETHUNE,2
Moidieu-Détourbe,38440,1978,6.8,TransakAuto,Agence VIENNE,2
Saint-Montan,07220,1978,12.2,TransakAuto,Agence MONTELIMAR,2
Plaudren,56420,1978,12.4,TransakAuto,Agence VANNES,3
Bazouges Cré sur Loir,72200,1977,6.0,Simplicicar,la-fleche,1
Saint-Germain-du-Bois,71330,1977,12.0,AgenceAuto,louhans,1
Sablons sur Huisne,61110,1976,8.0,AgenceAuto,nogent-le-rotrou,1
Rexpoëde,59122,1976,14.0,Simplicicar,dunkerque,3
Villelongue-dels-Monts,66740,1976,14.0,Simplicicar,perpignan,1
Léry,27690,1975,11.3,TransakAuto,Agence ELBEUF,1
Les Molières,91470,1975,14.5,AgenceAuto,palaiseau,5
Le Temple-de-Bretagne,44360,1975,15.7,TransakAuto,Agence NANTES NORD,1
Frasne,25560,1975,16.8,Simplicicar,pontarlier,2
Meillac,35270,1974,16.8,AgenceAuto,saint-malo,1
Noidans-lès-Vesoul,70000,1973,4.0,AgenceAuto,vesoul,1
Santa-Maria-di-Lota,20200,1973,10.3,TransakAuto,Agence BASTIA,1
Mametz,62120,1973,12.7,Simplicicar,saint-omer,1
Astaffort,47220,1972,5.2,TransakAuto,Agence AGEN,1
Saint-Aubin-Routot,76430,1972,8.3,TransakAuto,Agence LE HAVRE,1
Porte du Ried,68320,1971,3.3,Simplicicar,colmar,2
Blodelsheim,68740,1971,15.3,AgenceAuto,mulhouse,1
Roquetoire,62120,1970,9.3,Simplicicar,saint-omer,1
Touvois,44650,1970,14.4,TransakAuto,Agence CHALLANS,1
Burnhaupt-le-Bas,68520,1969,10.6,AgenceAuto,mulhouse-sud,2
Malemort-du-Comtat,84570,1969,15.3,TransakAuto,Agence L&rsquo;ISLE SUR LA SORGUE,1
Sebourg,59990,1967,11.0,AgenceAuto,valenciennes,2
Envermeu,76630,1967,12.6,TransakAuto,Agence DIEPPE,1
Saint-André-d'Apchon,42370,1966,9.5,TransakAuto,Agence ROANNE,1
La Baconnière,53240,1965,14.0,TransakAuto,Agence LAVAL,1
Marmagne,18500,1963,7.8,TransakAuto,Agence BOURGES,1
Auffargis,78610,1963,9.1,TransakAuto,Agence RAMBOUILLET,2
Saint-Trivier-sur-Moignans,01990,1963,16.2,TransakAuto,Agence VILLEFRANCHE SUR SAONE,3
Marquillies,59274,1961,12.4,AgenceAuto,lille-seclin,5
Sornay,71500,1960,4.1,AgenceAuto,louhans,1
Vairé,85150,1960,12.5,TransakAuto,Agence LES SABLES D&rsquo;OLONNE,2
Soudan,44110,1959,8.8,TransakAuto,Agence CHATEAUBRIANT,1
Hurigny,71870,1959,10.3,TransakAuto,Agence MACON,1
Sours,28630,1959,10.4,TransakAuto,Agence CHARTRES,1
Le Crotoy,80550,1958,18.2,TransakAuto,Agence LE TOUQUET,2
Perche en Nocé,61340,1956,9.4,AgenceAuto,nogent-le-rotrou,1
Saint-Thonan,29800,1956,11.6,Simplicicar,brest,3
Réguiny,56500,1955,14.4,TransakAuto,Agence PLOERMEL,1
Parcé-sur-Sarthe,72300,1950,16.3,Simplicicar,la-fleche,1
Sainte-Jamme-sur-Sarthe,72380,1950,17.5,TransakAuto,Agence LE MANS,1
Saint-Antonin-Noble-Val,82140,1949,18.2,AgenceAuto,montauban,1
Saint-Nauphary,82370,1948,10.1,TransakAuto,Agence MONTAUBAN,3
Bucy-le-Long,02880,1947,3.5,Simplicicar,soissons,1
Pouxeux,88550,1947,12.1,AgenceAuto,epinal,2
Deux-Grosnes,69430,1946,17.3,TransakAuto,Agence MACON,1
Vauhallan,91430,1945,4.6,AgenceAuto,palaiseau,8
Saint-André-de-Seignanx,40390,1945,6.5,TransakAuto,Agence CAPBRETON,3
Taradeau,83460,1945,8.9,TransakAuto,Agence DRAGUIGNAN,1
Les Montils,41120,1945,11.6,TransakAuto,Agence BLOIS,1
Marquette-en-Ostrevant,59252,1943,13.3,TransakAuto,Agence CAMBRAI,4
Campagne-lès-Hesdin,62870,1943,14.7,TransakAuto,Agence LE TOUQUET,1
Damgan,56750,1943,15.9,Simplicicar,vannes,1
Cravanche,90300,1942,5.3,AgenceAuto,belfort,3
Albon,26140,1942,13.6,TransakAuto,Agence DAVEZIEUX,1
Camps-la-Source,83170,1941,3.0,TransakAuto,Agence BRIGNOLES,1
La Saussaye,27370,1941,7.0,TransakAuto,Agence ELBEUF,1
Ully-Saint-Georges,60730,1941,14.5,Simplicicar,st-maximin,3
Marin,74200,1940,11.3,TransakAuto,Agence THONON-LES-BAINS,1
Croisilles,62128,1939,11.8,TransakAuto,Agence ARRAS,2
Les Moutiers-en-Retz,44760,1939,12.1,AgenceAuto,pornic,2
Flesselles,80260,1937,6.0,TransakAuto,Agence AMIENS,2
Jougne,25370,1937,19.1,AgenceAuto,pontarlier,1
Ernolsheim-Bruche,67120,1936,13.4,AgenceAuto,strasbourg-nord,3
Morancez,28630,1935,4.6,TransakAuto,Agence CHARTRES,1
Charbonnières-les-Varennes,63410,1935,18.6,TransakAuto,Agence CLERMONT FERRAND SUD,1
Félines,07340,1934,6.9,TransakAuto,Agence DAVEZIEUX,1
Beauvois-en-Cambrésis,59157,1933,11.2,TransakAuto,Agence CAMBRAI,1
Remouillé,44140,1932,14.4,AgenceAuto,nantes-sud-est,1
Ribemont,02240,1931,14.2,TransakAuto,Agence SAINT-QUENTIN,2
Darvoy,45150,1930,3.0,TransakAuto,Agence VIERZON,3
Maubec,38300,1930,3.4,TransakAuto,Agence BOURGOIN-JAILLEU,1
Beauval,80630,1929,18.5,TransakAuto,Agence AMIENS,1
Remy,60190,1928,6.9,TransakAuto,Agence COMPIEGNE,2
Le Gua,38450,1928,19.9,TransakAuto,Agence GRENOBLE OUEST,1
Peyrestortes,66600,1927,3.5,TransakAuto,Agence PERPIGNAN NORD SAINT ESTEVE,2
Azay-le-Brûlé,79400,1927,9.8,TransakAuto,"Agence NAMUR, BELGIQUE",2
Montoison,26800,1926,8.6,TransakAuto,Agence VALENCE,2
Villemoirieu,38460,1925,6.2,Simplicicar,nord-isere,3
Labastide-Saint-Sernin,31620,1925,7.8,Simplicicar,toulouse-nord,4
Sailly-lez-Lannoy,59390,1923,7.7,AgenceAuto,wasquehal,6
Pays-de-Montbenoît,25650,1923,11.7,AgenceAuto,pontarlier,2
Montcenis,71710,1923,11.9,AgenceAuto,montceau-les-mines,1
Verrières,10390,1923,12.4,AgenceAuto,troyes,3
Milly-sur-Thérain,60112,1922,9.9,TransakAuto,Agence BEAUVAIS,2
Varennes-sur-Loire,49730,1922,11.7,TransakAuto,Agence SAUMUR,1
Lantriac,43260,1921,7.9,Simplicicar,puy-en-velay,1
Le Vernet,03200,1919,5.3,Simplicicar,vichy,1
Mirebeau-sur-Bèze,21310,1919,18.7,Simplicicar,dijon,1
Simandres,69360,1918,7.1,Simplicicar,vienne,7
Jasseron,01250,1917,8.4,TransakAuto,Agence BOURG-EN-BRESSE,2
Saint-Paul-lès-Romans,26750,1916,2.1,TransakAuto,Agence ROMANS SUR ISERE,1
Bullion,78830,1916,11.8,TransakAuto,Agence RAMBOUILLET,1
Langrune-sur-Mer,14830,1916,15.2,TransakAuto,Agence CAEN,1
Maubec,84660,1915,12.7,TransakAuto,Agence L&rsquo;ISLE SUR LA SORGUE,1
Entre-deux-Guiers,38380,1915,18.2,AgenceAuto,grenoble,2
Cubnezais,33620,1915,18.6,TransakAuto,Agence BORDEAUX RIVE DROITE,2
Durtol,63830,1914,6.8,TransakAuto,Agence CLERMONT FERRAND SUD,1
Bacqueville-en-Caux,76730,1914,15.1,TransakAuto,Agence DIEPPE,2
Benquet,40280,1913,8.1,TransakAuto,Agence MONT DE MARSAN,1
Frontenex,73460,1912,5.2,TransakAuto,Agence ALBERTVILLE,1
Montreuil-sur-Mer,62170,1912,10.7,TransakAuto,Agence LE TOUQUET,1
Chanteloup,35150,1912,13.4,Simplicicar,rennes,1
Herrlisheim-près-Colmar,68420,1911,12.6,Simplicicar,colmar,1
Fleurines,60700,1910,0.6,AgenceAuto,senlis,3
Biard,86580,1910,1.4,TransakAuto,Agence POITIERS,1
Grièges,01290,1910,4.9,TransakAuto,Agence MACON,1
Orleix,65800,1910,8.6,TransakAuto,Agence TARBES,1
Clérieux,26260,1910,11.7,TransakAuto,Agence ROMANS SUR ISERE,2
Bretteville-sur-Laize,14680,1910,16.4,TransakAuto,Agence CAEN,1
Gueux,51390,1907,5.0,Simplicicar,reims,2
Hélesmes,59171,1907,8.2,TransakAuto,Agence VALENCIENNES,2
Ambérieux-en-Dombes,01330,1906,10.9,TransakAuto,Agence LYON EST,4
Duppigheim,67120,1906,11.2,Simplicicar,strasbourg,3
Perrignier,74550,1905,1.4,TransakAuto,Agence THONON-LES-BAINS,3
Sannerville,14940,1905,4.1,TransakAuto,Agence CAEN,1
Cormery,37320,1905,10.4,Simplicicar,tours,3
Saint-Martin-en-Bresse,71620,1905,10.6,AgenceAuto,chalon-sur-saone,2
Nomexy,88440,1905,12.6,TransakAuto,Agence EPINAL,2
Attainville,95570,1904,3.9,AgenceAuto,la-croix-verte,5
Bessines,79000,1903,8.5,TransakAuto,Agence NIORT,2
Talloires-Montmin,74210,1903,13.9,AgenceAuto,annecy,3
Arçonnay,72610,1902,4.0,TransakAuto,Agence ALENCON,1
Martigné-sur-Mayenne,53470,1902,19.1,TransakAuto,Agence LAVAL,1
Buellas,01310,1899,3.6,AgenceAuto,bourg-en-bresse,2
Lalbenque,46230,1899,19.0,TransakAuto,Agence CAHORS,1
Prissé,71960,1898,8.7,TransakAuto,Agence MACON,1
Marles-en-Brie,77610,1898,11.4,AgenceAuto,gretz-armainvilliers,3
Bachy,59830,1898,15.7,TransakAuto,Agence SECLIN,4
Cambes,33880,1897,5.6,TransakAuto,Agence CADAUJAC,4
Pont-Hébert,50620,1897,11.1,TransakAuto,Agence SAINT-LO,1
Thairé,17290,1897,11.8,TransakAuto,Agence LA ROCHELLE / AYTRE,1
Plouzévédé,29440,1897,17.9,TransakAuto,Agence MORLAIX,1
Saint-Romans,38160,1897,17.9,TransakAuto,Agence ROMANS SUR ISERE,1
Janneyrias,38280,1896,5.6,Simplicicar,nord-isere,7
Le Drennec,29860,1896,13.0,TransakAuto,Agence BREST,3
Longueil-Sainte-Marie,60126,1895,8.2,Simplicicar,compiegne,3
Neuf-Brisach,68600,1895,16.1,Simplicicar,colmar,1
Saint-Barthélemy-de-Vals,26240,1895,17.5,TransakAuto,Agence DAVEZIEUX,1
Reiningue,68950,1894,5.7,AgenceAuto,mulhouse-sud,2
Hinx,40180,1894,7.8,TransakAuto,Agence DAX,2
Thaon,14610,1894,13.7,TransakAuto,Agence CAEN,1
Pédernec,22540,1893,7.0,TransakAuto,Agence BEGARD,1
Garidech,31380,1893,7.7,AgenceAuto,toulouse-nord,4
Saint-Viance,19240,1892,9.1,TransakAuto,Agence BRIVE-LA-GAILLARDE,2
Fussy,18110,1891,4.9,TransakAuto,Agence BOURGES,1
Menthon-Saint-Bernard,74290,1891,8.5,AgenceAuto,annecy,3
Moncourt-Fromonville,77140,1891,12.3,TransakAuto,Agence FONTAINEBLEAU,1
Saint-Cyr-sur-Menthon,01380,1890,14.0,TransakAuto,Agence MACON,3
Assérac,44410,1890,18.1,TransakAuto,Agence SAINT-NAZAIRE,1
Villevieille,30250,1889,14.3,TransakAuto,Agence LUNEL,4
Marigny-les-Usages,45760,1887,7.0,TransakAuto,Agence ORLEANS,3
Saint-Paulet-de-Caisson,30130,1887,16.6,TransakAuto,Agence BOLLENE,1
Cherveux,79410,1885,5.4,TransakAuto,"Agence NAMUR, BELGIQUE",2
Lux,71100,1885,6.4,TransakAuto,Agence CHALON-SUR-SAONE,2
Bavent,14860,1885,8.4,TransakAuto,Agence CAEN,1
Saint-Christo-en-Jarez,42320,1885,9.6,TransakAuto,Agence SAINT ETIENNE,3
Cucuron,84160,1885,12.3,TransakAuto,Agence PERTUIS,1
Sauveterre-de-Guyenne,33540,1885,18.7,TransakAuto,Agence LANGON,1
Couternon,21560,1883,4.0,Simplicicar,dijon,3
Sainte-Terre,33350,1883,11.7,TransakAuto,Agence LIBOURNE,1
Landrévarzec,29510,1882,10.8,TransakAuto,Agence QUIMPER,2
Sauzet,26740,1882,12.8,TransakAuto,Agence MONTELIMAR,1
Fontaine-le-Bourg,76690,1881,11.2,TransakAuto,Agence ROUEN,1
Lapoutroie,68650,1881,16.8,Simplicicar,colmar,2
Châtel-Saint-Germain,57160,1880,7.7,AgenceAuto,metz,2
Feigères,74160,1879,14.1,TransakAuto,Agence GEX,5
Saint-Privat-la-Montagne,57855,1878,3.5,TransakAuto,Agence SAINT-DIZIER,2
Champigny en Rochereau,86170,1878,18.7,TransakAuto,Agence POITIERS,1
Pierrefonds,60350,1877,14.4,Simplicicar,compiegne,2
Les Aix-d'Angillon,18220,1877,16.5,TransakAuto,Agence BOURGES,1
Poey-de-Lescar,64230,1876,5.5,TransakAuto,Agence PAU,2
Trie-Château,60590,1875,2.5,TransakAuto,Agence GISORS,1
Pont-Salomon,43330,1875,18.7,TransakAuto,Agence SAINT ETIENNE,1
Aiton,73220,1874,12.8,TransakAuto,Agence ALBERTVILLE,1
Venzolasca,20215,1874,18.5,TransakAuto,Agence BASTIA,1
Peillac,56220,1873,12.7,TransakAuto,Agence REDON,1
Canet,11200,1873,13.7,Simplicicar,narbonne,2
Villeneuve-le-Comte,77174,1872,9.2,AgenceAuto,chessy,4
Agny,62217,1871,5.3,TransakAuto,Agence ARRAS,3
Saint-Aubin,39410,1871,13.6,AgenceAuto,dole,1
Hautot-sur-Mer,76550,1870,3.9,TransakAuto,Agence DIEPPE,1
Saint-Georges-de-Pointindoux,85150,1870,8.3,TransakAuto,Agence LA ROCHE SUR YON,2
Réalville,82440,1869,7.5,AgenceAuto,montauban,2
Coëtmieux,22400,1869,7.7,TransakAuto,Agence LAMBALLE,3
Écaillon,59176,1869,13.0,TransakAuto,Agence DOUAI,4
Cuiseaux,71480,1869,18.0,AgenceAuto,louhans,1
Maclas,42520,1868,11.9,TransakAuto,Agence DAVEZIEUX,1
Charbuy,89113,1868,14.2,TransakAuto,Agence AUXERRE,1
Pompignan,82170,1866,3.4,TransakAuto,Agence FRONTON,3
Saint-Jean-de-Niost,01800,1866,7.3,Simplicicar,meximieux,3
Saint-Amant-Tallende,63450,1866,9.3,TransakAuto,Agence CLERMONT FERRAND SUD,1
Rémalard en Perche,61110,1866,13.4,AgenceAuto,nogent-le-rotrou,1
Vézénobres,30360,1865,6.5,TransakAuto,Agence ALES,1
Ambierle,42820,1865,12.7,TransakAuto,Agence ROANNE,1
Saint-Julien,21490,1864,7.7,AgenceAuto,dijon,3
Daoulas,29460,1864,15.7,Simplicicar,brest,3
Arandon-Passins,38510,1864,17.9,TransakAuto,Agence BOURGOIN-JAILLEU,1
Saint-Senoux,35580,1863,13.3,Simplicicar,rennes,1
La Garde-Freinet,83680,1862,18.0,TransakAuto,Agence DRAGUIGNAN,1
Mons,31280,1861,6.1,AgenceAuto,toulouse-nord,5
Bazet,65460,1858,8.6,TransakAuto,Agence TARBES,1
Visan,84820,1857,16.4,TransakAuto,Agence BOLLENE,1
Attichy,60350,1857,18.9,Simplicicar,compiegne,2
Maffliers,95560,1856,2.8,AgenceAuto,la-croix-verte,5
Issé,44520,1856,9.7,TransakAuto,Agence CHATEAUBRIANT,1
Compreignac,87140,1856,13.8,TransakAuto,Agence LIMOGES,2
Coray,29370,1856,17.8,TransakAuto,Agence QUIMPER,1
Amilly,28300,1855,4.1,TransakAuto,Agence CHARTRES,1
Locmaria-Grand-Champ,56390,1855,10.0,TransakAuto,Agence VANNES,3
Yzernay,49360,1855,17.6,TransakAuto,Agence CHOLET,1
Malicorne-sur-Sarthe,72270,1854,12.7,Simplicicar,la-fleche,1
Schnersheim,67370,1853,11.0,TransakAuto,Agence STRASBOURG NORD,2
Ahuillé,53940,1852,6.7,TransakAuto,Agence LAVAL,1
Tramoyes,01390,1852,7.2,TransakAuto,Agence LYON EST,8
Saint-Martin-d'Abbat,45110,1851,16.4,TransakAuto,Agence VIERZON,1
Le Castelet,14540,1850,11.8,TransakAuto,Agence CAEN,1
Abeilhan,34290,1850,19.9,TransakAuto,Agence BEZIERS,1
Saint-Germain-des-Prés,45220,1849,6.7,TransakAuto,Agence MONTARGIS,1
Préaux,76160,1849,7.8,TransakAuto,Agence ROUEN,1
Véron,89510,1849,9.2,TransakAuto,Agence SENS,1
Saint-Germain-de-la-Grange,78640,1847,6.5,TransakAuto,Agence LES CLAYES SOUS BOIS,4
Crottet,01290,1847,7.7,TransakAuto,Agence MACON,1
Ligny-en-Cambrésis,59191,1847,13.0,TransakAuto,Agence CAMBRAI,1
Laloubère,65310,1846,2.1,TransakAuto,Agence TARBES,1
Guengat,29180,1846,10.5,TransakAuto,Agence QUIMPER,2
Plancher-Bas,70290,1846,15.7,AgenceAuto,belfort,2
Mazères-Lezons,64110,1845,7.3,TransakAuto,Agence PAU,2
Novéant-sur-Moselle,57680,1844,12.2,TransakAuto,Agence METZ,3
Cherisy,28500,1842,6.1,TransakAuto,Agence DREUX,1
Nesles-la-Vallée,95690,1842,8.3,TransakAuto,Agence CERGY,4
Priay,01160,1842,14.3,Simplicicar,meximieux,1
Cusy,74540,1842,14.9,AgenceAuto,annecy,3
Gilley,25650,1842,17.4,AgenceAuto,pontarlier,2
Fontaines,71150,1841,6.4,TransakAuto,Agence CHALON-SUR-SAONE,2
Marcoing,59159,1841,8.4,TransakAuto,Agence CAMBRAI,1
Lassy,35580,1841,10.4,Simplicicar,rennes,1
Mézeray,72270,1841,15.7,Simplicicar,la-fleche,1
Montbizot,72380,1841,18.4,TransakAuto,Agence LE MANS,1
Saint-Jean-de-Marsacq,40230,1840,12.1,TransakAuto,Agence CAPBRETON,2
Avesnes-le-Comte,62810,1840,19.4,TransakAuto,Agence ARRAS,2
Saint-Jean-le-Vieux,01640,1839,19.6,Simplicicar,meximieux,1
Saint-Morillon,33650,1834,10.9,TransakAuto,Agence CADAUJAC,1
Houlgate,14510,1834,19.4,TransakAuto,Agence CAEN,2
Maché,85190,1831,13.1,TransakAuto,Agence CHALLANS,2
Cambronne-lès-Ribécourt,60170,1831,14.4,TransakAuto,Agence COMPIEGNE,2
Cambes-en-Plaine,14610,1830,8.5,TransakAuto,Agence CAEN,1
Saint-Sulpice-de-Pommeray,41000,1829,6.5,TransakAuto,Agence BLOIS,1
Grandfresnoy,60680,1829,9.0,TransakAuto,Agence COMPIEGNE,3
Tresques,30330,1829,18.2,TransakAuto,Agence ORANGE,1
Champtocé-sur-Loire,49123,1829,18.7,Simplicicar,angers,1
Distroff,57925,1828,10.5,TransakAuto,Agence THIONVILLE,2
Maincy,77950,1828,12.6,TransakAuto,Agence LIEUSAINT,2
Grandfontaine,25320,1827,0.5,Simplicicar,caen,4
Messei,61440,1827,7.1,TransakAuto,Agence FLERS,1
Port-Brillet,53410,1827,13.0,TransakAuto,Agence LAVAL,1
Saint-Maurice-en-Gourgois,42240,1827,16.1,Simplicicar,veauche,3
Étival-lès-le-Mans,72700,1826,8.2,TransakAuto,Agence LE MANS,1
Saubion,40230,1826,9.0,TransakAuto,Agence CAPBRETON,1
Glières-Val-de-Borne,74130,1824,10.1,Simplicicar,genevois,2
Teillé,44440,1824,10.4,TransakAuto,Agence ANCENIS,1
Sillery,51500,1824,13.6,Simplicicar,reims,2
Saint-Antoine-du-Rocher,37360,1824,18.8,AgenceAuto,tours,2
Saint-Valérien,89150,1823,14.4,TransakAuto,Agence SENS,1
Chamagnieu,38460,1822,7.8,Simplicicar,nord-isere,4
Hangenbieten,67980,1822,11.4,AgenceAuto,strasbourg-nord,3
Jonchery-sur-Vesle,51140,1822,12.0,Simplicicar,reims,2
Kunheim,68320,1822,13.2,Simplicicar,colmar,1
Saint-Bonnet-les-Oules,42330,1821,3.8,Simplicicar,veauche,3
Zutkerque,62370,1820,19.1,Simplicicar,saint-omer,1
Lucinges,74380,1819,3.9,TransakAuto,Agence ANNEMASSE,4
Saclas,91690,1819,11.0,TransakAuto,Agence ETAMPES,1
Sernhac,30210,1819,19.1,AgenceAuto,nimes,2
Cabrières,30210,1817,14.0,AgenceAuto,nimes,3
Saint-Paul-sur-Save,31530,1816,11.2,TransakAuto,Agence TOULOUSE OUEST,4
Saint-Jouin-Bruneval,76280,1816,13.8,TransakAuto,Agence LE HAVRE,1
Thilouze,37260,1815,9.4,Simplicicar,tours,3
Lantic,22410,1814,16.2,AgenceAuto,saint-brieuc,2
Mons,30340,1813,10.3,TransakAuto,Agence ALES,1
Lannoy,59390,1812,6.6,AgenceAuto,wasquehal,6
Verdun-Ciel,71350,1811,13.1,AgenceAuto,chalon-sur-saone,2
Pont-l'Abbé-d'Arnoult,17250,1811,18.3,TransakAuto,Agence SAINTES,1
Saint-Laurent-sur-Saône,01750,1810,7.1,TransakAuto,Agence MACON,1
Roaillan,33210,1810,19.4,TransakAuto,Agence LANGON,1
Saint-Léger-lès-Domart,80780,1809,13.8,TransakAuto,Agence AMIENS,1
Pommerit-le-Vicomte,22200,1809,16.9,TransakAuto,Agence BEGARD,1
Courmelles,02200,1808,4.9,Simplicicar,soissons,1
Saint-Martin-de-Hinx,40390,1808,11.6,TransakAuto,Agence CAPBRETON,1
Sundhouse,67920,1808,13.0,AgenceAuto,selestat,1
Saint-Hilaire,31410,1807,8.4,TransakAuto,Agence EAUNES,3
Distré,49400,1806,0.4,TransakAuto,Agence SAUMUR,1
Ogy-Montoy-Flanville,57530,1806,9.4,AgenceAuto,metz,1
Villiers-en-Plaine,79160,1806,11.9,TransakAuto,"Agence NAMUR, BELGIQUE",2
Chauriat,63117,1805,12.6,TransakAuto,Agence CLERMONT FERRAND SUD,1
Seilhac,19700,1805,13.2,AgenceAuto,tulle,1
Amblainville,60110,1805,15.5,TransakAuto,Agence CERGY,2
Longueville,77650,1804,6.6,TransakAuto,Agence PROVINS,1
Larajasse,69590,1804,18.3,TransakAuto,Agence SAINT ETIENNE,3
Quiévy,59214,1803,13.3,TransakAuto,Agence CAMBRAI,1
Sainte-Maure,10150,1801,4.2,Simplicicar,troyes,3
Saint-Romain-de-Benet,17600,1801,12.7,Simplicicar,royan,2
Beauchastel,07800,1800,12.7,TransakAuto,Agence VALENCE,2
Artas,38440,1799,10.1,TransakAuto,Agence BOURGOIN-JAILLEU,2
Villé,67220,1799,14.1,AgenceAuto,selestat,1
Rouxmesnil-Bouteilles,76370,1798,2.3,TransakAuto,Agence DIEPPE,1
Sainte-Fortunade,19490,1798,5.2,AgenceAuto,tulle,3
Velars-sur-Ouche,21370,1798,12.6,AgenceAuto,dijon,3
Solre-le-Château,59740,1796,16.3,TransakAuto,Agence MAUBEUGE,1
Saint-Pierre-d'Eyraud,24130,1795,18.1,TransakAuto,Agence BERGERAC,1
Villeblevin,89340,1795,18.3,TransakAuto,Agence FONTAINEBLEAU,1
Rospez,22300,1794,4.3,AgenceAuto,lannion,2
Lentigny,42155,1794,9.3,TransakAuto,Agence ROANNE,1
Neuville-sur-Ain,01160,1794,18.4,AgenceAuto,bourg-en-bresse,2
Sainte-Radegonde,12850,1793,4.2,TransakAuto,Agence RODEZ,3
Parthenay-de-Bretagne,35850,1793,8.3,TransakAuto,Agence RENNES OUEST,3
Burnhaupt-le-Haut,68520,1793,12.2,AgenceAuto,mulhouse-sud,1
Boult-sur-Suippe,51110,1793,13.6,TransakAuto,Agence REIMS,2
Saint-Ouen-du-Tilleul,27670,1792,6.8,TransakAuto,Agence ELBEUF,1
Montlaur,31450,1791,9.4,AgenceAuto,toulouse-sud-est-labege,6
Peltre,57245,1790,7.9,AgenceAuto,metz,2
Saint-Jean-d'Assé,72380,1790,19.4,TransakAuto,Agence LE MANS,1
Montbartier,82700,1789,8.6,TransakAuto,Agence FRONTON,2
Mouen,14790,1788,15.8,TransakAuto,Agence CAEN,1
Porcieu-Amblagnieu,38390,1787,17.0,Simplicicar,meximieux,3
Plailly,60128,1786,12.6,TransakAuto,Agence DAMMARTIN EN GOELE,4
Saint-Michel-sur-Meurthe,88470,1785,9.5,AgenceAuto,saint-die-des-vosges,1
Saint-Ouën-des-Toits,53410,1785,10.6,TransakAuto,Agence LAVAL,1
Wettolsheim,68920,1784,10.0,Simplicicar,colmar,1
Champdeniers,79220,1784,10.7,TransakAuto,"Agence NAMUR, BELGIQUE",2
Cuinchy,62149,1784,12.1,TransakAuto,Agence BETHUNE,2
Lagarrigue,81090,1784,12.5,TransakAuto,Agence CASTRES,1
Le Monastier-sur-Gazeille,43150,1784,13.8,Simplicicar,puy-en-velay,1
Héry,89550,1784,17.8,TransakAuto,Agence AUXERRE,1
Vulbens,74520,1783,15.9,TransakAuto,Agence GEX,2
Saint-Étienne-de-Mer-Morte,44270,1782,15.5,TransakAuto,Agence CHALLANS,1
Sainte-Colombe,77650,1781,3.8,TransakAuto,Agence PROVINS,1
Krautergersheim,67880,1781,11.6,Simplicicar,strasbourg,1
Plonévez-Porzay,29550,1781,19.5,TransakAuto,Agence QUIMPER,1
Oletta,20232,1780,8.1,TransakAuto,Agence BASTIA,1
Lyaud,74200,1780,8.3,TransakAuto,Agence THONON-LES-BAINS,1
Fors,79230,1780,8.7,TransakAuto,Agence NIORT,2
Villemeux-sur-Eure,28210,1780,12.4,TransakAuto,Agence DREUX,1
La Bégude-de-Mazenc,26160,1779,15.2,TransakAuto,Agence MONTELIMAR,1
Deûlémont,59890,1778,7.5,TransakAuto,Agence LILLE,5
Huisseau-sur-Mauves,45130,1778,12.3,Simplicicar,orleans,2
Les Forges,88390,1776,3.0,TransakAuto,Agence EPINAL,2
Mareil-sur-Mauldre,78124,1776,7.6,TransakAuto,Agence CHAMBOURCY,4
Quarante,34310,1776,15.3,TransakAuto,Agence BEZIERS,1
Thèreval,50180,1775,8.3,TransakAuto,Agence SAINT-LO,1
Pont-Saint-Vincent,54550,1775,8.5,TransakAuto,Agence NANCY,3
Bois-Grenier,59280,1775,13.4,TransakAuto,Agence LILLE,5
Saint-Rémy-en-Rollat,03110,1774,6.9,Simplicicar,vichy,1
Castine-en-Plaine,14540,1774,9.5,TransakAuto,Agence CAEN,1
Marolles-sur-Seine,77130,1774,13.9,TransakAuto,Agence FONTAINEBLEAU,1
Obermodern-Zutzendorf,67330,1774,15.0,TransakAuto,Agence HAGUENAU,1
Saint-Victurnien,87420,1774,16.8,AgenceAuto,limoges,2
Vergt,24380,1773,17.3,TransakAuto,Agence PERIGUEUX,1
Eygalières,13810,1773,18.4,TransakAuto,Agence L&rsquo;ISLE SUR LA SORGUE,2
Congis-sur-Thérouanne,77440,1772,11.2,TransakAuto,Agence MEAUX,2
Saint-Ouen,80610,1772,12.0,TransakAuto,Agence AMIENS,1
Angervilliers,91470,1772,16.6,TransakAuto,Agence ETAMPES,3
Nangy,74380,1771,4.8,TransakAuto,Agence ANNEMASSE,4
Matignon,22550,1771,19.3,TransakAuto,Agence LAMBALLE,1
Ladoix-Serrigny,21550,1770,5.9,Simplicicar,beaune,1
Quintenas,07290,1770,7.2,TransakAuto,Agence DAVEZIEUX,1
Massongy,74140,1770,7.9,TransakAuto,Agence THONON-LES-BAINS,3
Illange,57970,1770,8.5,TransakAuto,Agence THIONVILLE,3
Assevent,59600,1769,4.9,TransakAuto,Agence MAUBEUGE,1
Le Bourgneuf-la-Forêt,53410,1769,16.3,TransakAuto,Agence LAVAL,1
Villetelle,34400,1768,8.9,TransakAuto,Agence LUNEL,4
Loisin,74140,1768,9.5,TransakAuto,Agence THONON-LES-BAINS,3
Schwindratzheim,67270,1768,12.6,TransakAuto,Agence HAGUENAU,3
Puyloubier,13114,1768,17.6,AgenceAuto,aix-en-provence,2
Allonne,60000,1767,2.6,Simplicicar,beauvais,2
Chambœuf,42330,1767,3.0,Simplicicar,moto-veauche,3
Fontenay,76290,1766,6.3,TransakAuto,Agence LE HAVRE,1
Villeron,95380,1766,15.8,TransakAuto,Agence DAMMARTIN EN GOELE,4
Sierck-les-Bains,57480,1765,0.7,TransakAuto,"Agence BRUXELLES, BELGIQUE",2
Denguin,64230,1765,9.2,TransakAuto,Agence PAU,2
Agonac,24460,1765,11.1,TransakAuto,Agence PERIGUEUX,1
Saint-Pierre-Église,50330,1765,15.3,TransakAuto,Agence CHERBOURG-EN-COTENTIN,1
Beauvoir-sur-Niort,79360,1765,15.8,TransakAuto,Agence NIORT,1
Saint-Claude-de-Diray,41350,1764,5.3,TransakAuto,Agence BLOIS,1
Arâches-la-Frasse,74300,1764,7.6,TransakAuto,Agence SALLANCHES,1
Estissac,10190,1763,15.4,AgenceAuto,troyes,3
Camblain-Châtelain,62470,1762,9.3,TransakAuto,Agence BETHUNE,1
Violès,84150,1762,11.6,TransakAuto,Agence ORANGE,1
Conches-sur-Gondoire,77600,1761,4.0,AgenceAuto,chessy,7
La Bastide-des-Jourdans,84240,1760,11.3,TransakAuto,Agence MANOSQUE,2
Reugny,37380,1759,19.1,AgenceAuto,tours,1
Sorel-Moussel,28260,1758,8.5,TransakAuto,Agence DREUX,1
Vezins,49340,1758,18.4,TransakAuto,Agence CHOLET,1
Sainte-Euphémie,01600,1757,8.1,TransakAuto,Agence VILLEFRANCHE SUR SAONE,5
Fressines,79370,1757,8.6,TransakAuto,Agence NIORT,2
Andlau,67140,1757,14.9,AgenceAuto,selestat,1
Monthyon,77122,1756,7.3,TransakAuto,Agence MEAUX,3
Demigny,71150,1756,12.2,Simplicicar,beaune,3
Saint-Désir,14100,1756,15.2,TransakAuto,Agence DEAUVILLE,1
Baguer-Pican,35120,1756,17.4,AgenceAuto,saint-malo,1
Plougoulm,29250,1755,16.9,TransakAuto,Agence MORLAIX,1
Fontaine-Notre-Dame,59400,1754,4.7,TransakAuto,Agence CAMBRAI,1
Nordhouse,67150,1753,4.4,Simplicicar,strasbourg,2
Essars,62400,1753,8.5,TransakAuto,Agence BETHUNE,2
Vue,44640,1753,18.6,AgenceAuto,pornic,3
Romagnieu,38480,1753,19.4,Simplicicar,aix-les-bains,2
Marnes-la-Coquette,92430,1752,2.8,AgenceAuto,viroflay,10
Saint-Sauveur,60320,1751,7.7,Simplicicar,compiegne,3
Pujaudran,32600,1750,4.0,AgenceAuto,toulouse-fontenilles,2
Tanneron,83440,1750,9.6,TransakAuto,Agence GRASSE,3
Luzech,46140,1750,12.4,TransakAuto,Agence CAHORS,1
Loyat,56800,1750,15.6,TransakAuto,Agence PLOERMEL,1
Simandre,71290,1750,18.1,AgenceAuto,louhans,1
Aubers,59249,1749,16.3,AgenceAuto,lille-seclin,5
Thénac,17460,1748,6.9,TransakAuto,Agence SAINTES,1
Saint-Pierre-des-Nids,53370,1748,14.7,TransakAuto,Agence ALENCON,1
Romenay,71470,1748,16.3,AgenceAuto,louhans,1
Bennecourt,78270,1747,7.5,AgenceAuto,vernon,3
Aspach-Michelbach,68700,1747,13.3,AgenceAuto,mulhouse-sud,2
Plouguiel,22220,1747,16.6,AgenceAuto,lannion,2
Bellefontaine,97222,1746,9.0,AgenceAuto,martinique,1
Tuffalun,49700,1746,16.2,TransakAuto,Agence SAUMUR,1
Saint-Jacut-les-Pins,56220,1745,11.3,TransakAuto,Agence REDON,1
Saint-Aubin-des-Châteaux,44110,1744,5.3,TransakAuto,Agence CHATEAUBRIANT,1
Chasné-sur-Illet,35250,1744,13.1,TransakAuto,Agence RENNES OUEST,2
Marcilly-sur-Tille,21120,1744,18.4,AgenceAuto,dijon,2
Creysse,24100,1743,1.6,TransakAuto,Agence BERGERAC,1
Bouleurs,77580,1743,8.0,TransakAuto,Agence MEAUX,2
Oytier-Saint-Oblas,38780,1743,9.1,TransakAuto,Agence VIENNE,4
Saint-Priest-sous-Aixe,87700,1743,12.9,AgenceAuto,limoges,2
Barjouville,28630,1742,2.6,TransakAuto,Agence CHARTRES,1
Seine-Port,77240,1742,7.3,TransakAuto,Agence LIEUSAINT,2
Lagnes,84800,1742,7.5,TransakAuto,Agence L&rsquo;ISLE SUR LA SORGUE,1
Tocane-Saint-Apre,24350,1742,13.4,TransakAuto,Agence PERIGUEUX,1
Sainte-Croix-aux-Mines,68160,1742,16.4,AgenceAuto,saint-die-des-vosges,2
Bourogne,90140,1741,6.5,AgenceAuto,belfort,4
Venoy,89290,1741,8.6,TransakAuto,Agence AUXERRE,1
Cantin,59169,1741,9.3,TransakAuto,Agence DOUAI,2
Saint-Vincent-sur-Jard,85520,1741,17.2,TransakAuto,Agence LES SABLES D&rsquo;OLONNE,1
Les Gonds,17100,1740,5.9,TransakAuto,Agence SAINTES,1
Lézigneux,42600,1739,17.2,Simplicicar,moto-veauche,2
Sainte-Anastasie,30190,1738,13.1,Simplicicar,nimes,3
Guipel,35440,1738,13.6,TransakAuto,Agence RENNES OUEST,2
Camphin-en-Carembault,59133,1737,6.2,TransakAuto,Agence SECLIN,7
Dachstein,67120,1737,15.8,Simplicicar,strasbourg,3
Saint Martin de l'If,76190,1736,6.6,TransakAuto,Agence YVETOT,2
Lasseube,64290,1735,12.4,TransakAuto,Agence PAU,2
Saint-Paul-en-Forêt,83440,1735,15.4,TransakAuto,Agence DRAGUIGNAN,1
Les Trois Lacs,27700,1735,16.3,Simplicicar,vernon,1
Fons,30730,1735,16.6,Simplicicar,nimes,1
Rogerville,76700,1734,5.8,TransakAuto,Agence LE HAVRE,1
Ceton,61260,1734,12.2,AgenceAuto,nogent-le-rotrou,1
Saint-Sernin-du-Bois,71200,1734,18.3,AgenceAuto,montceau-les-mines,1
Cuffies,02880,1733,5.0,Simplicicar,soissons,1
Surbourg,67250,1733,11.4,TransakAuto,Agence HAGUENAU,1
Acquigny,27400,1733,14.9,Simplicicar,evreux,3
Saint-Perdon,40090,1732,9.9,TransakAuto,Agence MONT DE MARSAN,1
Saint-Jean-sur-Mayenne,53240,1732,10.1,TransakAuto,Agence LAVAL,1
Choisy,74330,1731,7.3,TransakAuto,Agence ANNECY,3
La Houssaye-en-Brie,77610,1731,10.4,AgenceAuto,gretz-armainvilliers,3
Cellieu,42320,1731,11.9,TransakAuto,Agence SAINT ETIENNE,2
Méré,78490,1731,12.8,TransakAuto,Agence LES CLAYES SOUS BOIS,4
La Lande-Patry,61100,1730,3.0,TransakAuto,Agence FLERS,1
Bizanet,11200,1730,8.9,TransakAuto,Agence NARBONNE,2
Reillanne,04110,1730,13.2,TransakAuto,Agence MANOSQUE,1
Chanonat,63450,1729,6.6,TransakAuto,Agence CLERMONT FERRAND SUD,1
Chonas-l'Amballan,38121,1729,10.8,Simplicicar,vienne,2
Eguisheim,68420,1729,11.6,Simplicicar,colmar,1
La Chapelle-d'Aligné,72300,1729,11.9,Simplicicar,la-fleche,1
Bazemont,78580,1727,5.4,TransakAuto,Agence CHAMBOURCY,6
Urzy,58130,1727,8.8,AgenceAuto,nevers,1
Ressons-sur-Matz,60490,1727,14.5,TransakAuto,Agence COMPIEGNE,2
Assieu,38150,1726,12.6,TransakAuto,Agence VIENNE,2
Villeneuve-de-Rivière,31800,1725,4.3,Simplicicar,https://www.simplicicar.com/content/170-oncession-st-gaudens,1
Corbarieu,82370,1725,7.3,TransakAuto,Agence MONTAUBAN,3
Falleron,85670,1725,11.0,TransakAuto,Agence CHALLANS,1
Terre-de-Bancalié,81120,1725,13.7,TransakAuto,Agence ALBI,1
Saint-Romain-de-Popey,69490,1725,14.7,TransakAuto,Agence CALUIRE-ET-CUIRE,1
Les Grandes-Ventes,76950,1725,19.2,TransakAuto,Agence DIEPPE,1
Blavozy,43700,1724,1.8,Simplicicar,puy-en-velay,1
Helfaut,62570,1724,5.1,Simplicicar,saint-omer,1
Châteauneuf,42800,1724,19.0,TransakAuto,Agence SAINT ETIENNE,2
Chavenay,78450,1723,2.8,TransakAuto,Agence LES CLAYES SOUS BOIS,6
Châtel-sur-Moselle,88330,1723,13.2,TransakAuto,Agence EPINAL,2
Gurgy,89250,1723,15.7,TransakAuto,Agence AUXERRE,1
Fouilloy,80800,1723,19.6,AgenceAuto,amiens,1
Rumegies,59226,1722,14.8,TransakAuto,Agence VALENCIENNES,2
Saint-Geniès-de-Fontedit,34480,1722,17.6,TransakAuto,Agence BEZIERS,1
Niederhausbergen,67207,1721,1.8,AgenceAuto,strasbourg-nord,3
Saint-Jean-d'Arvey,73230,1721,7.7,TransakAuto,Agence CHAMBERY,2
Lorry-lès-Metz,57050,1720,4.9,AgenceAuto,metz,2
Messigny-et-Vantoux,21380,1720,9.2,AgenceAuto,dijon,3
Saint-Clar-de-Rivière,31600,1720,9.5,AgenceAuto,toulouse-fontenilles,4
Orgueil,82370,1720,10.5,TransakAuto,Agence FRONTON,2
Losne,21170,1720,16.3,AgenceAuto,dole,1
Crespières,78121,1719,6.6,TransakAuto,Agence CHAMBOURCY,4
Montferrat,83131,1719,18.1,TransakAuto,Agence DRAGUIGNAN,1
Spycker,59380,1718,3.9,TransakAuto,Agence DUNKERQUE,3
Ahuy,21121,1718,4.2,AgenceAuto,dijon,3
Villegailhenc,11600,1718,7.6,TransakAuto,Agence CARCASSONNE,2
Le Morne-Vert,97226,1718,10.8,AgenceAuto,martinique,1
Plaissan,34230,1718,15.7,TransakAuto,Agence SETE,1
Montrozier,12630,1717,9.3,TransakAuto,Agence RODEZ,3
Yvré-le-Pôlin,72330,1717,16.5,TransakAuto,Agence LE MANS,1
Bierne,59380,1716,3.8,TransakAuto,Agence DUNKERQUE,3
Blacé,69460,1715,6.7,TransakAuto,Agence VILLEFRANCHE SUR SAONE,1
Saint-Pierre-des-Fleurs,27370,1714,8.7,TransakAuto,Agence ELBEUF,1
Saint-Jean-de-Soudain,38110,1714,13.2,TransakAuto,Agence BOURGOIN-JAILLEU,1
Arthaz-Pont-Notre-Dame,74380,1713,3.2,TransakAuto,Agence ANNEMASSE,4
Saint-Béron,73520,1713,16.6,Simplicicar,aix-les-bains,2
Mouazé,35250,1712,9.8,TransakAuto,Agence RENNES OUEST,2
Plaine-Haute,22800,1712,11.0,AgenceAuto,saint-brieuc,2
Saint-Pierre-de-Bœuf,42520,1712,14.2,TransakAuto,Agence DAVEZIEUX,1
Beaupuy,47200,1712,14.5,TransakAuto,Agence LANGON,1
Illies,59480,1712,14.9,AgenceAuto,lille-seclin,5
Marcillac-Vallon,12330,1711,15.8,AgenceAuto,rodez,3
Briennon,42720,1710,10.3,TransakAuto,Agence ROANNE,1
Sermaises,45300,1709,18.1,TransakAuto,Agence ETAMPES,1
Fénay,21600,1708,8.3,TransakAuto,Agence DIJON,3
Ménilles,27120,1708,9.9,Simplicicar,vernon,4
Sainte-Marie-Kerque,62370,1708,17.7,TransakAuto,Agence DUNKERQUE,3
Saint-Ours,63230,1708,18.1,TransakAuto,Agence CLERMONT FERRAND SUD,1
Canisy,50750,1707,6.0,TransakAuto,Agence SAINT-LO,1
Authie,14280,1707,10.9,TransakAuto,Agence CAEN,1
Écourt-Saint-Quentin,62860,1706,12.5,TransakAuto,Agence DOUAI,4
Aubry-du-Hainaut,59494,1705,1.6,TransakAuto,Agence VALENCIENNES,2
Saint-Martin-du-Fouilloux,49170,1705,7.0,Simplicicar,angers,3
Chilly,74270,1705,10.7,TransakAuto,Agence ANNECY,3
Béville-le-Comte,28700,1705,18.2,TransakAuto,Agence CHARTRES,1
Connaux,30330,1705,18.6,TransakAuto,Agence ORANGE,1
Dingé,35440,1705,18.9,TransakAuto,Agence RENNES OUEST,1
Saméon,59310,1704,14.6,TransakAuto,Agence VALENCIENNES,2
Boutigny-Prouais,28410,1704,15.9,TransakAuto,Agence DREUX,1
Eppeville,80400,1704,19.7,AgenceAuto,saint-quentin,1
Eyraud-Crempse-Maurens,24130,1703,10.6,TransakAuto,Agence BERGERAC,1
Baguer-Morvan,35120,1702,13.3,AgenceAuto,saint-malo,1
Aveizieux,42330,1701,7.8,Simplicicar,moto-veauche,3
Flavy-le-Martel,02520,1701,15.5,AgenceAuto,saint-quentin,2
Art-sur-Meurthe,54510,1700,5.6,AgenceAuto,nancy,3
Uchaux,84100,1699,9.5,TransakAuto,Agence ORANGE,2
Châtillon-la-Palud,01320,1698,8.7,Simplicicar,meximieux,1
Bruille-Saint-Amand,59199,1698,9.4,TransakAuto,Agence VALENCIENNES,2
Souvigny,03210,1698,11.5,TransakAuto,Agence MOULINS,1
Villers-Écalles,76360,1698,14.0,TransakAuto,Agence YVETOT,3
Rougiers,83170,1697,19.9,TransakAuto,Agence BRIGNOLES,1
Aigné,72650,1695,10.8,TransakAuto,Agence LE MANS,1
Saint-Florent,20217,1694,13.5,TransakAuto,Agence BASTIA,1
Mours,95260,1693,8.2,AgenceAuto,la-croix-verte,7
Sévérac,44530,1690,14.8,TransakAuto,Agence REDON,1
Grillon,84600,1690,15.6,TransakAuto,Agence BOLLENE,2
Igoville,27460,1689,8.2,TransakAuto,Agence ELBEUF,2
Saint-Rémy-l'Honoré,78690,1689,11.3,TransakAuto,Agence LES CLAYES SOUS BOIS,2
Tauxigny-Saint-Bauld,37310,1688,11.1,Simplicicar,tours,3
Chaudon,28210,1688,15.2,TransakAuto,Agence DREUX,1
Comps,30300,1688,17.0,AgenceAuto,nimes,3
Toulaud,07130,1687,10.5,Simplicicar,valence,2
Villeneuve-lès-Bouloc,31620,1687,11.0,Simplicicar,toulouse-nord,4
Chavigny,54230,1686,3.7,TransakAuto,Agence NANCY,3
Cabrières-d'Avignon,84220,1686,10.0,TransakAuto,Agence L&rsquo;ISLE SUR LA SORGUE,1
Saint-Nizier-sous-Charlieu,42190,1686,12.9,TransakAuto,Agence ROANNE,1
Tracy-le-Mont,60170,1686,17.3,Simplicicar,compiegne,2
La Roche-des-Arnauds,05400,1685,12.3,TransakAuto,Agence GAP,1
Flines-lès-Mortagne,59158,1685,14.1,TransakAuto,Agence VALENCIENNES,2
Lédenon,30210,1685,16.5,AgenceAuto,nimes,3
Vieux-Boucau-les-Bains,40480,1685,19.7,TransakAuto,Agence CAPBRETON,1
Valros,34290,1685,20.0,TransakAuto,Agence BEZIERS,1
Kintzheim,67600,1684,6.1,AgenceAuto,selestat,2
Bailleau-le-Pin,28120,1684,12.3,TransakAuto,Agence CHARTRES,1
Fontaine-la-Guyon,28190,1684,12.9,TransakAuto,Agence CHARTRES,1
Bréhand,22510,1684,16.3,TransakAuto,Agence SAINT-BRIEUC,3
Nanteuil,79400,1684,18.2,TransakAuto,"Agence NAMUR, BELGIQUE",1
Beaufou,85170,1683,19.4,TransakAuto,Agence LA ROCHE SUR YON,1
Lamasquère,31600,1682,10.0,AgenceAuto,toulouse-fontenilles,4
Valambray,14190,1682,13.6,TransakAuto,Agence CAEN,1
Bourghelles,59830,1682,13.7,AgenceAuto,wasquehal,5
Digosville,50110,1681,5.8,TransakAuto,Agence CHERBOURG-EN-COTENTIN,1
Saint-Vincent-sur-Oust,56350,1679,7.4,TransakAuto,Agence REDON,1
Valframbert,61250,1678,4.8,TransakAuto,Agence ALENCON,1
Maisnil-lès-Ruitz,62620,1678,5.0,TransakAuto,Agence BETHUNE,2
Sonchamp,78120,1678,6.1,TransakAuto,Agence RAMBOUILLET,1
La Trinité-Surzur,56190,1678,9.0,Simplicicar,vannes,3
Cauville-sur-Mer,76930,1678,9.7,TransakAuto,Agence LE HAVRE,1
Rochegude,26790,1678,13.9,TransakAuto,Agence BOLLENE,2
Plumieux,22210,1678,15.3,TransakAuto,Agence PLOERMEL,1
Nostang,56690,1676,14.8,TransakAuto,Agence LORIENT,2
Civrieux-d'Azergues,69380,1675,3.3,TransakAuto,Agence CALUIRE-ET-CUIRE,8
Saint-Martin-du-Vivier,76160,1674,3.4,TransakAuto,Agence ROUEN,2
Montéléger,26760,1673,1.7,TransakAuto,Agence VALENCE,2
Four,38080,1673,6.2,TransakAuto,Agence BOURGOIN-JAILLEU,1
Lautrec,81440,1673,15.4,TransakAuto,Agence CASTRES,1
Saulzoir,59227,1672,12.7,AgenceAuto,valenciennes,3
Ousse,64320,1672,13.0,TransakAuto,Agence PAU,2
Créhen,22130,1671,18.2,TransakAuto,Agence SAINT-MALO,2
Saint-Urbain,29800,1670,17.8,Simplicicar,brest,3
Mareau-aux-Prés,45370,1669,8.5,Simplicicar,orleans,2
Cauvigny,60730,1669,15.8,Simplicicar,beauvais,4
Blausasc,06440,1668,13.7,Simplicicar,nice,4
Épervans,71380,1667,5.2,AgenceAuto,chalon-sur-saone,2
Cornillon-Confoux,13250,1667,6.1,Simplicicar,salon,1
Castagniers,06670,1666,10.3,Simplicicar,nice,4
Cuvat,74350,1665,5.4,TransakAuto,Agence ANNECY,3
Marbache,54820,1665,16.6,TransakAuto,Agence METZ,4
Châteauneuf-d'Ille-et-Vilaine,35430,1664,0.8,AgenceAuto,saint-malo,2
Cazilhac,11570,1664,5.1,Simplicicar,carcassonne,2
Chaillevette,17890,1664,8.8,Simplicicar,royan,1
Saint-André-sur-Orne,14320,1664,11.0,TransakAuto,Agence CAEN,1
Écouves,61250,1663,9.0,TransakAuto,Agence ALENCON,1
Moncheaux,59283,1663,10.2,TransakAuto,Agence DOUAI,4
Forest-sur-Marque,59510,1662,5.4,AgenceAuto,wasquehal,6
Niévroz,01120,1662,11.9,TransakAuto,Agence ANTHON,9
Plédéliac,22270,1662,15.7,TransakAuto,Agence LAMBALLE,1
Saint-Germer-de-Fly,60850,1662,17.0,TransakAuto,Agence GISORS,1
Flavigny-sur-Moselle,54630,1661,5.7,TransakAuto,Agence NANCY,3
Gordes,84220,1661,14.2,TransakAuto,Agence L&rsquo;ISLE SUR LA SORGUE,1
Conty,80160,1660,14.6,AgenceAuto,amiens,1
Domarin,38300,1659,2.2,TransakAuto,Agence BOURGOIN-JAILLEU,1
Beauvallon,26800,1659,3.7,TransakAuto,Agence VALENCE,2
Saubrigues,40230,1659,6.5,TransakAuto,Agence CAPBRETON,2
Vougy,74130,1659,6.8,TransakAuto,Agence SALLANCHES,2
La Celle,83170,1659,7.9,TransakAuto,Agence BRIGNOLES,1
Fontenay-sur-Loing,45210,1659,9.3,TransakAuto,Agence MONTARGIS,1
Sion-les-Mines,44590,1658,13.6,TransakAuto,Agence CHATEAUBRIANT,1
Wœrth,67360,1656,12.9,TransakAuto,Agence HAGUENAU,1
Dieupentale,82170,1655,3.5,TransakAuto,Agence FRONTON,2
Vendeville,59175,1654,2.8,AgenceAuto,lille-seclin,6
Tollevast,50470,1654,6.4,TransakAuto,Agence CHERBOURG-EN-COTENTIN,1
Cussac-sur-Loire,43370,1653,9.4,Simplicicar,puy-en-velay,1
Villaudric,31620,1653,11.3,TransakAuto,Agence FRONTON,3
Écuisses,71210,1652,14.7,AgenceAuto,montceau-les-mines,1
Ostheim,68150,1651,3.1,Simplicicar,colmar,2
Lorgies,62840,1651,16.2,TransakAuto,Agence LENS,4
Sorges et Ligueux en Périgord,24420,1650,18.3,TransakAuto,Agence PERIGUEUX,1
Labeuvrière,62122,1648,3.5,TransakAuto,Agence BETHUNE,1
Champigny,51370,1647,2.4,Simplicicar,reims,2
Beaumont-sur-Lèze,31870,1647,4.4,TransakAuto,Agence EAUNES,2
Jons,69330,1647,9.3,TransakAuto,Agence ANTHON,8
Mus,30121,1646,6.2,Simplicicar,vauvert,6
Plouezoc'h,29252,1646,8.7,TransakAuto,Agence MORLAIX,1
Les Loges-en-Josas,78350,1645,5.1,AgenceAuto,viroflay,8
Larche,19600,1645,14.1,TransakAuto,Agence BRIVE-LA-GAILLARDE,2
Arnières-sur-Iton,27180,1643,4.0,TransakAuto,Agence EVREUX,2
Trévol,03460,1643,10.1,TransakAuto,Agence MOULINS,1
Jouy-le-Potier,45370,1643,15.9,Simplicicar,orleans,1
Étalans,25580,1643,19.6,TransakAuto,Agence BESANCON,1
Pomarez,40360,1642,17.7,TransakAuto,Agence DAX,1
Bueil,27730,1642,18.3,TransakAuto,Agence MANTES-LA-JOLIE,2
Plauzat,63730,1641,14.8,TransakAuto,Agence CLERMONT FERRAND SUD,1
Caden,56220,1641,19.0,TransakAuto,Agence REDON,1
Ménétrol,63200,1640,12.5,TransakAuto,Agence CLERMONT FERRAND SUD,1
Corbreuse,91410,1640,14.4,TransakAuto,Agence ETAMPES,2
Westhouse,67230,1639,13.5,Simplicicar,strasbourg,2
Les Monts du Roumois,27370,1639,15.8,TransakAuto,Agence ELBEUF,1
Villeneuve,01480,1638,12.3,TransakAuto,Agence VILLEFRANCHE SUR SAONE,3
Sermérieu,38510,1638,13.8,TransakAuto,Agence BOURGOIN-JAILLEU,1
Herzeele,59470,1638,17.6,TransakAuto,Agence DUNKERQUE,2
Trangé,72650,1637,7.4,TransakAuto,Agence LE MANS,1
Saint-Étienne-sur-Chalaronne,01140,1637,13.5,TransakAuto,Agence MACON,2
Pinon,02320,1637,15.2,Simplicicar,soissons,1
Saint-Crépin-Ibouvillers,60149,1637,17.1,Simplicicar,beauvais,2
Wattwiller,68700,1636,14.5,AgenceAuto,mulhouse-sud,2
L'Épine,85740,1636,19.3,AgenceAuto,pornic,2
Auzielle,31650,1635,5.2,AgenceAuto,toulouse-sud-est-labege,5
Féchain,59247,1635,10.5,TransakAuto,Agence CAMBRAI,2
Plestan,22640,1635,17.0,TransakAuto,Agence LAMBALLE,1
Saint-Paul-de-Varax,01240,1634,12.6,AgenceAuto,bourg-en-bresse,2
Saint-Paul,60650,1633,8.8,TransakAuto,Agence BEAUVAIS,2
Landser,68440,1633,8.9,AgenceAuto,mulhouse-sud,4
Saint-Loup-Géanges,71350,1633,9.8,Simplicicar,beaune,3
Fouquereuil,62232,1632,3.6,TransakAuto,Agence BETHUNE,2
Chazey-sur-Ain,01150,1632,4.8,Simplicicar,meximieux,3
Challex,01630,1632,7.8,TransakAuto,Agence GEX,2
Lièpvre,68660,1632,12.5,AgenceAuto,selestat,2
Anstaing,59152,1631,7.6,AgenceAuto,wasquehal,6
Bonnac-la-Côte,87270,1631,8.0,TransakAuto,Agence LIMOGES,2
Savasse,26740,1631,12.8,TransakAuto,Agence MONTELIMAR,1
Guîtres,33230,1631,15.4,TransakAuto,Agence LIBOURNE,1
Zuydcoote,59123,1630,5.8,Simplicicar,dunkerque,3
Malay-le-Grand,89100,1630,6.3,TransakAuto,Agence SENS,1
Cinqueux,60940,1630,8.0,AgenceAuto,senlis,5
Bantzenheim,68490,1630,9.6,AgenceAuto,mulhouse,2
Jouy-le-Châtel,77970,1630,16.4,TransakAuto,Agence PROVINS,1
Neuville-Saint-Vaast,62580,1628,7.8,Simplicicar,arras,4
Grenay,38540,1628,11.3,Simplicicar,st-priest,8
Balagny-sur-Thérain,60250,1628,12.3,Simplicicar,st-maximin,3
Gilette,06830,1627,17.5,AgenceAuto,nice,4
Taulignan,26770,1627,18.3,TransakAuto,Agence MONTELIMAR,1
Saint-Nicolas-de-la-Taille,76170,1627,19.8,TransakAuto,Agence LE HAVRE,1
Cunac,81990,1626,7.1,TransakAuto,Agence ALBI,1
Bézu-Saint-Éloi,27660,1626,7.3,TransakAuto,Agence GISORS,1
Thoissey,01140,1626,9.2,TransakAuto,Agence MACON,2
Voulx,77940,1626,13.1,TransakAuto,Agence FONTAINEBLEAU,1
Menetou-Salon,18510,1626,16.0,TransakAuto,Agence BOURGES,1
Roisel,80240,1626,17.0,AgenceAuto,saint-quentin,2
Saint-Jouvent,87510,1625,10.1,TransakAuto,Agence LIMOGES,2
Saint-Samson-sur-Rance,22100,1625,10.7,AgenceAuto,saint-malo,2
Cernay-lès-Reims,51420,1624,7.6,TransakAuto,Agence REIMS,2
Montierchaume,36130,1624,8.2,TransakAuto,Agence CHATEAUROUX,2
Pont-de-Salars,12290,1623,13.1,TransakAuto,Agence RODEZ,3
Esches,60110,1623,18.8,TransakAuto,Agence CERGY,1
La Clusaz,74220,1623,20.0,TransakAuto,Agence SALLANCHES,1
Montfaucon,25660,1622,5.5,TransakAuto,Agence BESANCON,4
Mont-Saxonnex,74130,1622,8.0,TransakAuto,Agence SALLANCHES,2
Corneilhan,34490,1622,10.4,TransakAuto,Agence BEZIERS,1
Saint-Jean-Lasseille,66300,1622,10.7,Simplicicar,perpignan,2
Blonville-sur-Mer,14910,1621,13.2,TransakAuto,Agence DEAUVILLE,1
Périgneux,42380,1621,14.1,Simplicicar,veauche,3
Eslettes,76710,1620,9.0,TransakAuto,Agence ROUEN,2
Lusigny,03230,1620,10.9,TransakAuto,Agence MOULINS,1
Furdenheim,67117,1620,12.4,AgenceAuto,strasbourg-nord,3
Arc-et-Senans,25610,1620,18.1,Simplicicar,besancon,1
Tallende,63450,1619,10.3,TransakAuto,Agence CLERMONT FERRAND SUD,1
Turretot,76280,1619,10.9,TransakAuto,Agence LE HAVRE,1
Randan,63310,1619,15.3,Simplicicar,vichy,1
Bretagne-de-Marsan,40280,1618,6.3,TransakAuto,Agence MONT DE MARSAN,1
Saint-Laurent-du-Pape,07800,1618,16.5,TransakAuto,Agence VALENCE,2
Pelousey,25170,1617,4.7,AgenceAuto,besancon-valentin,4
Arches,88380,1617,7.9,AgenceAuto,epinal,2
Sermaise,91530,1617,9.5,TransakAuto,Agence ETAMPES,1
Congénies,30111,1617,11.6,Simplicicar,vauvert,6
Tilloy-lès-Mofflaines,62217,1616,2.1,TransakAuto,Agence ARRAS,4
Dampierre-les-Bois,25490,1615,8.0,AgenceAuto,montbeliard,4
Rohrwiller,67410,1615,14.5,TransakAuto,Agence HAGUENAU,3
Saint-Vincent-sur-Graon,85540,1615,19.2,TransakAuto,Agence LA ROCHE SUR YON,1
Uffholtz,68700,1614,13.9,AgenceAuto,mulhouse-sud,2
Ruminghem,62370,1614,14.8,Simplicicar,saint-omer,1
Saint-Ciers-d'Abzac,33910,1614,14.9,TransakAuto,Agence LIBOURNE,1
Lavalette,11290,1612,3.7,TransakAuto,Agence CARCASSONNE,2
Sassenay,71530,1612,4.5,AgenceAuto,chalon-sur-saone,2
Saint-Malô-du-Bois,85590,1612,10.8,TransakAuto,Agence CHOLET,1
Flancourt-Crescy-en-Roumois,27310,1612,19.2,TransakAuto,Agence ELBEUF,1
Pezens,11170,1611,7.3,TransakAuto,Agence CARCASSONNE,2
Lancieux,22770,1611,12.7,TransakAuto,Agence SAINT-MALO,2
Ginestas,11120,1611,14.3,Simplicicar,narbonne,2
Fréhel,22240,1611,15.7,TransakAuto,Agence LAMBALLE,1
Bosc-le-Hard,76850,1611,17.2,TransakAuto,Agence ROUEN,1
L'Honor-de-Cos,82130,1610,13.8,TransakAuto,Agence MONTAUBAN,2
Valady,12330,1610,14.5,AgenceAuto,rodez,3
Courpalay,77540,1610,19.3,AgenceAuto,gretz-armainvilliers,1
Rully,71150,1609,9.1,TransakAuto,Agence CHALON-SUR-SAONE,3
Gorbio,06500,1609,18.7,Simplicicar,nice,1
Pernay,37230,1609,19.4,TransakAuto,Agence TOURS SUD,2
Lauwin-Planque,59553,1608,2.4,TransakAuto,Agence DOUAI,6
Saint-Émilion,33330,1608,4.4,TransakAuto,Agence LIBOURNE,1
Gardonne,24680,1608,17.4,TransakAuto,Agence BERGERAC,1
Vic-sur-Aisne,02290,1608,18.3,Simplicicar,soissons,1
Marcilly-sur-Eure,27810,1607,7.5,TransakAuto,Agence DREUX,1
Stutzheim-Offenheim,67370,1607,7.5,TransakAuto,Agence STRASBOURG NORD,3
Chenoise-Cucharmoy,77160,1607,10.1,TransakAuto,Agence PROVINS,1
Chappes,63720,1607,15.3,TransakAuto,Agence CLERMONT FERRAND SUD,1
Jonquerettes,84450,1606,7.3,TransakAuto,Agence AVIGNON,2
Montescourt-Lizerolles,02440,1606,11.4,AgenceAuto,saint-quentin,2
Chaussin,39120,1606,14.1,AgenceAuto,dole,1
La Meilleraye-de-Bretagne,44520,1606,15.1,TransakAuto,Agence CHATEAUBRIANT,1
Saint-Divy,29800,1605,9.8,Simplicicar,brest,3
Coulans-sur-Gée,72550,1605,13.1,TransakAuto,Agence LE MANS,1
Luant,36350,1604,11.3,AgenceAuto,chateauroux,2
Saint-Mamert-du-Gard,30730,1604,15.3,Simplicicar,nimes,3
Castelnau-de-Lévis,81150,1603,8.1,TransakAuto,Agence ALBI,1
Ercuis,60530,1603,10.9,Simplicicar,st-maximin,4
Trévou-Tréguignec,22660,1603,11.2,AgenceAuto,lannion,2
Lévis-Saint-Nom,78320,1603,11.5,TransakAuto,Agence LES CLAYES SOUS BOIS,3
Moutiers,54660,1602,4.9,TransakAuto,Agence SAINT-DIZIER,2
Steenbecque,59189,1602,17.5,Simplicicar,saint-omer,1
Bouzigues,34140,1601,5.4,AgenceAuto,sete,2
Longnes,78980,1601,11.5,TransakAuto,Agence MANTES-LA-JOLIE,2
Ay-sur-Moselle,57300,1601,12.6,AgenceAuto,metz,3
Wavrechain-sous-Denain,59220,1599,5.3,AgenceAuto,valenciennes,2
Cendras,30480,1599,8.6,TransakAuto,Agence ALES,1
Auchy-lez-Orchies,59310,1599,13.1,TransakAuto,Agence SECLIN,3
Mortagne-du-Nord,59158,1599,13.2,TransakAuto,Agence VALENCIENNES,2
Gauriaguet,33240,1599,16.4,TransakAuto,Agence BORDEAUX RIVE DROITE,2
Ploulec'h,22300,1598,4.5,AgenceAuto,lannion,2
Bellengreville,14370,1598,8.9,TransakAuto,Agence CAEN,1
Fleurieu-sur-Saône,69250,1597,4.5,AgenceAuto,lyon-nord,8
Belberaud,31450,1597,7.2,AgenceAuto,toulouse-sud-est-labege,6
Francheleins,01090,1597,10.8,TransakAuto,Agence VILLEFRANCHE SUR SAONE,3
Épaignes,27260,1597,18.0,TransakAuto,Agence DEAUVILLE,1
Nommay,25600,1596,6.0,AgenceAuto,montbeliard,4
Grignan,26230,1596,13.4,TransakAuto,Agence MONTELIMAR,2
Fontenay-le-Vicomte,91540,1596,14.4,TransakAuto,Agence LIEUSAINT,2
Enval,63530,1596,16.9,TransakAuto,Agence CLERMONT FERRAND SUD,1
Calonne-sur-la-Lys,62350,1595,13.9,TransakAuto,Agence BETHUNE,1
Esquerdes,62380,1594,7.3,Simplicicar,saint-omer,1
Pont-de-Veyle,01290,1594,7.4,TransakAuto,Agence MACON,1
Biol,38690,1594,13.7,TransakAuto,Agence BOURGOIN-JAILLEU,1
Arnèke,59285,1594,15.9,Simplicicar,saint-omer,2
Enquin-lez-Guinegatte,62145,1594,15.9,Simplicicar,saint-omer,1
Roussy-le-Village,57330,1592,6.5,TransakAuto,Agence THIONVILLE,2
Larringes,74500,1592,14.9,TransakAuto,Agence THONON-LES-BAINS,1
Saulny,57140,1590,5.9,AgenceAuto,metz,2
Chanteau,45400,1590,6.1,TransakAuto,Agence ORLEANS,3
Saint-Bernard,01600,1590,6.8,TransakAuto,Agence VILLEFRANCHE SUR SAONE,5
Montpezat-de-Quercy,82270,1590,19.4,AgenceAuto,montauban,1
Martin-Église,76370,1589,2.8,TransakAuto,Agence DIEPPE,1
La Sauve,33670,1589,17.6,TransakAuto,Agence CADAUJAC,2
Saint-Martin-de-Nigelles,28130,1587,14.6,TransakAuto,Agence RAMBOUILLET,1
Les Premiers Sapins,25580,1587,15.9,Simplicicar,pontarlier,2
Origny-Sainte-Benoite,02390,1587,17.3,TransakAuto,Agence SAINT-QUENTIN,2
Carsac-Aillac,24200,1586,3.7,TransakAuto,Agence SARLAT,1
Montescot,66200,1586,5.2,Simplicicar,perpignan,2
Erre,59171,1586,11.1,TransakAuto,Agence VALENCIENNES,3
Alzonne,11170,1586,13.1,TransakAuto,Agence CARCASSONNE,2
Beauregard-l'Évêque,63116,1586,15.8,TransakAuto,Agence CLERMONT FERRAND SUD,1
La Marne,44270,1586,19.1,TransakAuto,Agence CHALLANS,2
Cours-de-Pile,24520,1585,1.9,TransakAuto,Agence BERGERAC,1
Charny,77410,1585,8.1,TransakAuto,Agence MEAUX,4
Yves,17340,1585,15.8,TransakAuto,Agence LA ROCHELLE / AYTRE,1
Chalifert,77144,1584,2.0,AgenceAuto,chessy,5
Brando,20222,1584,12.8,TransakAuto,Agence BASTIA,1
Gamarde-les-Bains,40380,1583,13.1,TransakAuto,Agence DAX,2
Ciré-d'Aunis,17290,1583,18.0,TransakAuto,Agence LA ROCHELLE / AYTRE,1
Soumoulou,64420,1583,19.1,Simplicicar,pau,2
Lauzerville,31650,1582,5.0,AgenceAuto,toulouse-sud-est-labege,6
Champier,38260,1582,15.7,TransakAuto,Agence BOURGOIN-JAILLEU,1
Saint-Éloy-de-Gy,18110,1581,5.7,TransakAuto,Agence BOURGES,1
Ammerschwihr,68410,1580,8.6,Simplicicar,colmar,1
Saint-Sulpice-la-Forêt,35250,1580,11.6,TransakAuto,Agence RENNES OUEST,2
Saint-Laurent-d'Arce,33240,1580,14.5,TransakAuto,Agence BORDEAUX RIVE DROITE,2
Bouvignies,59870,1580,15.5,TransakAuto,Agence DOUAI,3
Nantiat,87140,1580,16.5,TransakAuto,Agence LIMOGES,2
Saint-Cyprien,24220,1580,16.6,TransakAuto,Agence SARLAT,1
Navenne,70000,1579,2.0,AgenceAuto,vesoul,1
Vasselay,18110,1579,4.0,TransakAuto,Agence BOURGES,1
Monségur,33580,1579,15.9,TransakAuto,Agence LANGON,1
Saint-Étienne-de-Chigny,37230,1579,17.2,TransakAuto,Agence TOURS SUD,2
Exireuil,79400,1578,18.0,TransakAuto,"Agence NAMUR, BELGIQUE",1
Plémy,22150,1578,19.2,AgenceAuto,saint-brieuc,2
Laguenne-sur-Avalouze,19150,1577,3.3,AgenceAuto,tulle,2
Nieul,87510,1577,8.7,TransakAuto,Agence LIMOGES,2
Terres de Bord,27340,1577,9.3,TransakAuto,Agence ELBEUF,1
Saint-Just-d'Ardèche,07700,1577,12.1,TransakAuto,Agence BOLLENE,1
Locmariaquer,56740,1577,16.9,AgenceAuto,vannes,1
Dreuil-lès-Amiens,80470,1576,3.7,TransakAuto,Agence AMIENS,2
Saint-Carreuc,22150,1576,11.3,TransakAuto,Agence SAINT-BRIEUC,2
Le Val-Saint-Germain,91530,1576,13.9,TransakAuto,Agence ETAMPES,1
Cuisery,71290,1576,19.1,AgenceAuto,louhans,1
Saint-Philibert,56470,1575,19.5,AgenceAuto,vannes,1
Lagorce,33230,1575,19.8,TransakAuto,Agence LIBOURNE,1
Lasserre-Pradère,31530,1574,8.2,TransakAuto,Agence TOULOUSE OUEST,3
Pernes,62550,1574,12.4,TransakAuto,Agence BETHUNE,1
Équemauville,14600,1574,12.4,TransakAuto,Agence LE HAVRE,2
La Loubière,12740,1573,5.9,TransakAuto,Agence RODEZ,3
Avignonet-Lauragais,31290,1573,7.3,TransakAuto,Agence VILLEFRANCHE-DE-LAURAGAIS,1
Sacy-le-Grand,60700,1573,11.1,AgenceAuto,senlis,5
Ferrières,17170,1573,16.7,TransakAuto,Agence LA ROCHELLE / AYTRE,1
Brouilla,66620,1572,9.5,Simplicicar,perpignan,2
Nousty,64420,1572,17.3,TransakAuto,Agence PAU,2
Denicé,69640,1571,4.3,TransakAuto,Agence VILLEFRANCHE SUR SAONE,2
Cavan,22140,1571,5.2,TransakAuto,Agence BEGARD,2
Kersaint-Plabennec,29860,1571,9.5,TransakAuto,Agence BREST,3
Belleneuve,21310,1571,13.4,Simplicicar,dijon,3
Neuilly-sous-Clermont,60290,1571,13.4,TransakAuto,Agence SAINT MAXIMIN,3
La Roche-Vineuse,71960,1570,11.3,TransakAuto,Agence MACON,1
Meistratzheim,67210,1570,12.4,Simplicicar,strasbourg,1
Saint-Aubert,59188,1570,13.6,TransakAuto,Agence CAMBRAI,3
Cast,29150,1570,18.3,TransakAuto,Agence QUIMPER,1
Bagneaux-sur-Loing,77167,1570,19.3,TransakAuto,Agence FONTAINEBLEAU,1
Richebourg,78550,1570,19.7,TransakAuto,Agence MANTES-LA-JOLIE,1
Harly,02100,1569,3.0,TransakAuto,Agence SAINT-QUENTIN,2
Plainfaing,88230,1569,14.4,AgenceAuto,saint-die-des-vosges,1
Champenoux,54280,1568,15.9,AgenceAuto,nancy,3
Alizay,27460,1567,10.0,TransakAuto,Agence ELBEUF,2
Luray,28500,1566,5.6,TransakAuto,Agence DREUX,1
Ercé-en-Lamée,35620,1566,17.8,TransakAuto,Agence CHATEAUBRIANT,1
Hindisheim,67150,1565,7.2,Simplicicar,strasbourg,2
Neuville-les-Dames,01400,1565,14.6,AgenceAuto,bourg-en-bresse,3
Châteaufort,78117,1564,9.1,AgenceAuto,viroflay,6
Armoy,74200,1564,9.1,TransakAuto,Agence THONON-LES-BAINS,1
Brugheas,03700,1564,9.2,Simplicicar,vichy,1
Berthecourt,60370,1564,11.5,Simplicicar,beauvais,2
Suèvres,41500,1564,11.8,TransakAuto,Agence BLOIS,1
Tôtes,76890,1564,12.0,AgenceAuto,yerville,2
Moussac,30190,1564,17.5,TransakAuto,Agence ALES,1
Meursac,17120,1563,15.1,Simplicicar,royan,2
Sainte-Marie-des-Champs,76190,1562,0.8,TransakAuto,Agence YVETOT,2
Bourg-Saint-Christophe,01800,1562,5.2,Simplicicar,meximieux,3
Aucamville,82600,1562,7.5,TransakAuto,Agence FRONTON,2
Fillé,72210,1562,10.8,TransakAuto,Agence LE MANS,1
Zegerscappel,59470,1562,12.4,TransakAuto,Agence DUNKERQUE,4
Leudeville,91630,1562,14.9,AgenceAuto,athis-mons,6
Lézan,30350,1561,7.4,TransakAuto,Agence ALES,1
Saint-Jean-de-Sixt,74450,1561,17.0,Simplicicar,genevois,2
Bayon,54290,1561,18.9,TransakAuto,Agence NANCY,1
Saugnac-et-Cambran,40180,1560,4.5,TransakAuto,Agence DAX,2
Battenheim,68390,1560,4.8,AgenceAuto,mulhouse,2
Roumare,76480,1560,11.2,TransakAuto,Agence ROUEN,3
Saint-Hélen,22100,1560,11.3,AgenceAuto,saint-malo,2
Rieux,60870,1559,6.8,AgenceAuto,senlis,3
Crusnes,54680,1559,17.5,TransakAuto,Agence THIONVILLE,1
Saint-Hilaire-lez-Cambrai,59292,1558,13.0,TransakAuto,Agence CAMBRAI,2
Cormeray,41120,1558,13.8,TransakAuto,Agence BLOIS,1
Waldighoffen,68640,1558,16.2,AgenceAuto,saint-louis,2
Champagnier,38800,1557,8.0,TransakAuto,Agence GRENOBLE OUEST,1
D'Huison-Longueville,91590,1557,13.1,TransakAuto,Agence ETAMPES,1
Upie,26120,1556,9.0,TransakAuto,Agence VALENCE,2
Saint-Martin-du-Manoir,76290,1555,3.6,TransakAuto,Agence LE HAVRE,1
Mansigné,72510,1555,17.3,Simplicicar,la-fleche,1
Locquirec,29241,1555,17.6,AgenceAuto,lannion,2
Labry,54800,1554,9.5,TransakAuto,Agence SAINT-DIZIER,1
Mansac,19520,1554,14.8,TransakAuto,Agence BRIVE-LA-GAILLARDE,2
Orgelet,39270,1554,19.2,TransakAuto,Agence LONS LE SAUNIER,2
Goincourt,60000,1552,5.3,TransakAuto,Agence BEAUVAIS,2
Solignac,87110,1552,10.4,AgenceAuto,limoges,2
Perrigny,39570,1551,1.8,TransakAuto,Agence LONS LE SAUNIER,2
Rochetaillée-sur-Saône,69270,1551,4.1,AgenceAuto,lyon-nord,9
Castets et Castillon,33210,1551,8.1,TransakAuto,Agence LANGON,1
Lanrivoaré,29290,1551,13.6,TransakAuto,Agence BREST,3
Féternes,74500,1550,11.7,TransakAuto,Agence THONON-LES-BAINS,1
Chevannes,91750,1550,13.2,TransakAuto,Agence LIEUSAINT,2
Criquebeuf-sur-Seine,27340,1549,5.1,TransakAuto,Agence ELBEUF,1
Saint-Révérend,85220,1549,14.4,TransakAuto,Agence CHALLANS,1
Rosières,43800,1548,9.9,Simplicicar,puy-en-velay,1
Corbeilles,45490,1548,18.0,TransakAuto,Agence MONTARGIS,1
Charpey,26300,1547,12.2,Simplicicar,valence,3
Cadalen,81600,1547,14.3,TransakAuto,Agence ALBI,1
Vougy,42720,1546,7.4,TransakAuto,Agence ROANNE,1
Sainte-Colombe-en-Bruilhois,47310,1546,14.3,TransakAuto,Agence AGEN,1
Navailles-Angos,64450,1545,6.3,Simplicicar,pau,2
Villers-Bocage,80260,1545,8.9,TransakAuto,Agence AMIENS,2
Tiffauges,85130,1544,13.9,TransakAuto,Agence CHOLET,1
Saint-Maurice-Montcouronne,91530,1543,13.6,TransakAuto,Agence ETAMPES,2
Boulbon,13150,1543,15.3,TransakAuto,Agence AVIGNON,1
Barberey-Saint-Sulpice,10600,1542,1.3,Simplicicar,troyes,3
Perrecy-les-Forges,71420,1542,12.4,AgenceAuto,montceau-les-mines,1
Sourdun,77171,1541,5.9,TransakAuto,Agence PROVINS,1
Colleret,59680,1541,9.8,TransakAuto,Agence MAUBEUGE,1
Voulangis,77580,1541,10.3,AgenceAuto,chessy,3
Savigny-en-Véron,37420,1541,17.9,TransakAuto,Agence SAUMUR,1
Montfaucon,30150,1540,9.0,TransakAuto,Agence ORANGE,2
Chèvremont,90340,1539,5.6,AgenceAuto,belfort,3
Charvonnex,74370,1537,8.5,TransakAuto,Agence ANNECY,4
La Chapelle-Bouëxic,35330,1537,16.3,Simplicicar,rennes,1
Saint-Martin-du-Tertre,89100,1536,4.0,TransakAuto,Agence SENS,1
Soucy,89100,1536,6.0,TransakAuto,Agence SENS,1
Gometz-la-Ville,91400,1536,11.4,AgenceAuto,palaiseau,5
Bonnemain,35270,1536,15.5,AgenceAuto,saint-malo,1
Vinneuf,89140,1536,19.7,TransakAuto,Agence SENS,1
Luché-Pringé,72800,1535,14.3,Simplicicar,la-fleche,1
Clonas-sur-Varèze,38550,1535,15.7,TransakAuto,Agence VIENNE,3
Fleurey-sur-Ouche,21410,1535,16.8,AgenceAuto,dijon,3
Satillieu,07290,1534,15.0,TransakAuto,Agence DAVEZIEUX,1
Saint-Léger-sur-Dheune,71510,1533,13.6,TransakAuto,Agence CHALON-SUR-SAONE,1
Aureille,13930,1533,14.4,Simplicicar,salon,1
Alba-la-Romaine,07400,1533,14.5,TransakAuto,Agence MONTELIMAR,1
Saint-Vincent-de-Mercuze,38660,1532,12.1,AgenceAuto,grenoble,2
Saint-Jean-Cap-Ferrat,06230,1531,7.0,Simplicicar,nice,4
Certines,01240,1531,9.3,AgenceAuto,bourg-en-bresse,2
Saint-Julien-de-Peyrolas,30760,1531,16.3,TransakAuto,Agence BOLLENE,1
Le Pin,77181,1530,3.8,TransakAuto,Agence CHELLES,6
Saint-André-le-Puy,42210,1530,9.0,Simplicicar,moto-veauche,2
Éterville,14930,1529,11.8,TransakAuto,Agence CAEN,1
Ars-sur-Formans,01480,1528,8.9,TransakAuto,Agence VILLEFRANCHE SUR SAONE,5
Béruges,86190,1528,8.9,TransakAuto,Agence POITIERS,1
Bletterans,39140,1528,10.0,AgenceAuto,lons-le-saunier,3
Quinssaines,03380,1528,10.3,TransakAuto,Agence MONTLUCON,1
Marnay,70150,1528,12.5,Simplicicar,besancon,4
Sentheim,68780,1528,18.1,AgenceAuto,mulhouse-sud,1
Maxilly-sur-Léman,74500,1528,19.4,TransakAuto,Agence THONON-LES-BAINS,1
Eschentzwiller,68440,1527,8.1,AgenceAuto,mulhouse,3
Rohan,56580,1526,19.2,TransakAuto,Agence PLOERMEL,1
Saint-Vincent-des-Landes,44590,1525,9.0,TransakAuto,Agence CHATEAUBRIANT,1
Scey-sur-Saône-et-Saint-Albin,70360,1525,16.8,AgenceAuto,vesoul,1
Le Minihic-sur-Rance,35870,1524,6.3,AgenceAuto,saint-malo,2
Bouvesse-Quirieu,38390,1524,17.7,TransakAuto,Agence ANTHON,2
Gahard,35490,1523,19.2,TransakAuto,Agence RENNES OUEST,2
Vigy,57640,1522,13.2,AgenceAuto,metz,1
Plougourvest,29400,1522,16.3,TransakAuto,Agence MORLAIX,1
Dogneville,88000,1521,4.6,TransakAuto,Agence EPINAL,2
Saint-Augustin,17570,1521,7.4,Simplicicar,royan,1
Mensignac,24350,1521,8.6,TransakAuto,Agence PERIGUEUX,1
Vernioz,38150,1521,9.7,TransakAuto,Agence VIENNE,2
Plurien,22240,1521,12.8,TransakAuto,Agence LAMBALLE,1
Feuguerolles-Bully,14320,1520,12.9,TransakAuto,Agence CAEN,1
Landevieille,85220,1519,17.2,TransakAuto,Agence LES SABLES D&rsquo;OLONNE,1
Uxem,59229,1518,5.3,Simplicicar,dunkerque,3
Munchhouse,68740,1518,9.0,AgenceAuto,mulhouse,2
Tart,21110,1517,16.5,TransakAuto,Agence DIJON,2
Lédignan,30350,1516,10.7,TransakAuto,Agence ALES,1
Cernay-la-Ville,78720,1516,12.0,TransakAuto,Agence RAMBOUILLET,2
Daix,21121,1515,7.2,AgenceAuto,dijon,3
Stuckange,57970,1515,10.4,TransakAuto,Agence THIONVILLE,2
Saint-Martin-de-Boscherville,76840,1515,11.0,TransakAuto,Agence ROUEN,2
Eclose-Badinières,38300,1515,11.2,TransakAuto,Agence BOURGOIN-JAILLEU,1
Champs-sur-Yonne,89290,1513,1.1,TransakAuto,Agence AUXERRE,1
Gonneville-Le Theil,50330,1513,10.1,TransakAuto,Agence CHERBOURG-EN-COTENTIN,1
Lent,01240,1512,9.3,AgenceAuto,bourg-en-bresse,2
Guéreins,01090,1512,12.6,TransakAuto,Agence VILLEFRANCHE SUR SAONE,2
Lachapelle-aux-Pots,60650,1512,13.3,TransakAuto,Agence BEAUVAIS,2
Belleville,54940,1512,13.7,TransakAuto,Agence METZ,1
La Villedieu-du-Clain,86340,1512,14.8,TransakAuto,Agence POITIERS,1
Briouze,61220,1512,15.3,TransakAuto,Agence FLERS,1
Annesse-et-Beaulieu,24430,1511,5.7,TransakAuto,Agence PERIGUEUX,1
Limésy,76570,1511,7.2,AgenceAuto,yerville,3
Montagne,33570,1510,7.8,TransakAuto,Agence LIBOURNE,1
Saint-Corneille,72460,1510,15.8,TransakAuto,Agence LE MANS,1
Corcieux,88430,1509,13.8,AgenceAuto,saint-die-des-vosges,1
Saint-Jean-du-Pin,30140,1508,4.4,TransakAuto,Agence ALES,1
Salagnon,38890,1508,10.6,TransakAuto,Agence BOURGOIN-JAILLEU,3
Cornier,74800,1507,6.8,Simplicicar,genevois,3
Pérignat-sur-Allier,63800,1506,9.5,TransakAuto,Agence CLERMONT FERRAND SUD,1
Chevillon-sur-Huillard,45700,1506,11.7,TransakAuto,Agence MONTARGIS,1
La Ferrière-aux-Étangs,61450,1506,14.1,TransakAuto,Agence FLERS,1
Saint-Marcel-Bel-Accueil,38080,1505,6.1,TransakAuto,Agence BOURGOIN-JAILLEU,3
Chaleins,01480,1505,8.0,TransakAuto,Agence VILLEFRANCHE SUR SAONE,3
Dammarie,28360,1505,10.1,TransakAuto,Agence CHARTRES,1
Louplande,72210,1505,10.9,TransakAuto,Agence LE MANS,1
Gruffy,74540,1504,12.5,AgenceAuto,annecy,3
Meauzac,82290,1504,13.5,TransakAuto,Agence MONTAUBAN,1
Les Chères,69380,1503,6.0,Simplicicar,lyon-nord,6
Tréméoc,29120,1503,11.6,AgenceAuto,quimper,2
Bucquoy,62116,1503,17.3,TransakAuto,Agence ARRAS,2
Varennes-Changy,45290,1503,17.3,TransakAuto,Agence MONTARGIS,1
Sainte-Suzanne,25630,1501,4.3,AgenceAuto,montbeliard,4
Auberives-sur-Varèze,38550,1501,13.6,TransakAuto,Agence VIENNE,2
Saint-Hilaire-de-Lusignan,47450,1501,18.3,TransakAuto,Agence AGEN,1
Condé-Sainte-Libiaire,77450,1500,5.5,TransakAuto,Agence MEAUX,4
Le Perréon,69460,1500,11.6,TransakAuto,Agence VILLEFRANCHE SUR SAONE,1
Montmain,76520,1500,12.2,TransakAuto,Agence ROUEN,2
Cormicy,51220,1500,13.5,TransakAuto,Agence REIMS,2
Chaulgnes,58400,1500,14.4,AgenceAuto,nevers,1
Longpré-les-Corps-Saints,80510,1500,16.3,TransakAuto,Agence ABBEVILLE,2
Aiserey,21110,1500,16.9,TransakAuto,Agence DIJON,2
Aiguilhe,43000,1498,5.5,Simplicicar,puy-en-velay,1
Tarcenay-Foucherans,25620,1498,12.9,TransakAuto,Agence BESANCON,3
Saint-Laurent-de-Brèvedent,76700,1496,5.5,TransakAuto,Agence LE HAVRE,1
La Tour-en-Jarez,42580,1495,3.2,TransakAuto,Agence SAINT ETIENNE,3
La Vraie-Croix,56250,1495,14.1,Simplicicar,vannes,3
Valliquerville,76190,1494,5.9,TransakAuto,Agence YVETOT,2
Matzenheim,67150,1494,12.3,Simplicicar,strasbourg,2
Prignac-et-Marcamps,33710,1494,12.6,TransakAuto,Agence BORDEAUX RIVE DROITE,2
Brandérion,56700,1494,14.3,TransakAuto,Agence LORIENT,2
Latillé,86190,1494,19.1,TransakAuto,Agence POITIERS,1
Oeyreluy,40180,1493,4.9,TransakAuto,Agence DAX,2
Béganne,56350,1493,17.0,TransakAuto,Agence REDON,1
Gazeran,78125,1492,3.2,TransakAuto,Agence RAMBOUILLET,1
Maidières,54700,1492,7.7,TransakAuto,Agence METZ,1
Vacquiers,31340,1492,13.6,Simplicicar,toulouse-nord,4
Saint-Jean-d'Aulps,74430,1492,19.9,TransakAuto,Agence SALLANCHES,1
Mouchin,59310,1491,17.5,TransakAuto,Agence SECLIN,4
Grand'Combe-Châteleu,25570,1491,18.3,AgenceAuto,pontarlier,2
Guémar,68970,1490,8.3,Simplicicar,colmar,2
Ancy-Dornot,57130,1490,11.8,AgenceAuto,metz,3
Arcey,25750,1489,11.2,AgenceAuto,hericourt,4
Moyon Villages,50420,1489,12.1,TransakAuto,Agence SAINT-LO,1
Aubigny-en-Artois,62690,1489,15.8,TransakAuto,Agence BETHUNE,4
Habas,40290,1489,17.0,TransakAuto,Agence DAX,1
Habère-Poche,74420,1488,6.8,TransakAuto,Agence THONON-LES-BAINS,3
Saint-André-de-Roquelongue,11200,1488,12.9,TransakAuto,Agence NARBONNE,2
Vorey,43800,1488,16.5,Simplicicar,puy-en-velay,1
Villenouvelle,31290,1487,4.6,TransakAuto,Agence VILLEFRANCHE-DE-LAURAGAIS,2
Mogneville,60140,1487,8.4,TransakAuto,Agence SAINT MAXIMIN,3
Rougemont-le-Château,90110,1487,16.8,AgenceAuto,belfort,1
Faverges-de-la-Tour,38110,1487,19.1,TransakAuto,Agence BOURGOIN-JAILLEU,1
Dannemarie-sur-Crète,25410,1486,2.7,Simplicicar,caen,4
Sermoise-sur-Loire,58000,1486,7.1,AgenceAuto,nevers,1
Saint-Lattier,38840,1486,7.6,TransakAuto,Agence ROMANS SUR ISERE,1
Lieuran-lès-Béziers,34290,1486,12.3,TransakAuto,Agence BEZIERS,1
Montredon-des-Corbières,11100,1485,4.9,Simplicicar,narbonne,2
Mervans,71310,1485,17.5,AgenceAuto,louhans,1
Aunay-sous-Auneau,28700,1484,19.9,TransakAuto,Agence RAMBOUILLET,1
Roye,70200,1484,19.9,AgenceAuto,hericourt,1
Banyuls-dels-Aspres,66300,1483,12.0,Simplicicar,perpignan,2
Bailleval,60140,1483,12.2,TransakAuto,Agence SAINT MAXIMIN,3
Crédin,56580,1483,15.9,TransakAuto,Agence PLOERMEL,1
Chameyrat,19330,1481,4.8,AgenceAuto,tulle,3
Beaufort-Orbagna,39190,1481,12.5,AgenceAuto,lons-le-saunier,3
Authon-du-Perche,28330,1480,16.6,AgenceAuto,nogent-le-rotrou,1
Hénanbihen,22550,1479,11.4,TransakAuto,Agence LAMBALLE,1
Plounévez-Moëdec,22810,1479,13.8,TransakAuto,Agence BEGARD,1
Ergersheim,67120,1479,15.5,AgenceAuto,strasbourg-nord,3
Ruitz,62620,1478,2.8,TransakAuto,Agence BETHUNE,2
Trédrez-Locquémeau,22300,1478,9.1,AgenceAuto,lannion,2
Saint-Prim,38370,1478,12.7,TransakAuto,Agence VIENNE,2
Bourgogne-Fresne,51110,1477,8.0,TransakAuto,Agence REIMS,2
Théoule-sur-Mer,06590,1477,10.5,Simplicicar,cannes,4
Saint-Donan,22800,1477,11.6,AgenceAuto,saint-brieuc,2
Saint-Cyr,07430,1476,3.5,TransakAuto,Agence DAVEZIEUX,1
Rivière-Saas-et-Gourby,40180,1476,9.4,AgenceAuto,dax,2
Seignelay,89250,1476,17.7,TransakAuto,Agence AUXERRE,1
Neuvy,03000,1475,5.6,TransakAuto,Agence MOULINS,1
Beausemblant,26240,1475,12.7,TransakAuto,Agence DAVEZIEUX,1
Saint-Sylvain,14190,1474,16.4,TransakAuto,Agence CAEN,1
Campsas,82370,1473,6.1,TransakAuto,Agence FRONTON,2
Dracy-le-Fort,71640,1472,2.7,TransakAuto,Agence CHALON-SUR-SAONE,2
Ballaison,74140,1472,5.4,TransakAuto,Agence THONON-LES-BAINS,3
Souraïde,64250,1472,12.0,TransakAuto,Agence BIDART &#8211; SAINT-JEAN-DE-LUZ,3
Finhan,82700,1471,10.1,TransakAuto,Agence FRONTON,2
Saint-Épain,37800,1471,16.4,Simplicicar,tours,1
Groffliers,62600,1470,4.5,TransakAuto,Agence LE TOUQUET,1
Bessens,82170,1470,5.6,TransakAuto,Agence FRONTON,2
Rions,33410,1470,17.9,TransakAuto,Agence CADAUJAC,1
Cuzieu,42330,1469,4.6,Simplicicar,moto-veauche,3
Moussy-le-Vieux,77230,1469,10.3,TransakAuto,Agence DAMMARTIN EN GOELE,3
Savigneux,01480,1469,10.3,TransakAuto,Agence LYON EST,4
Bazainville,78550,1469,19.9,AgenceAuto,epone,1
Deyme,31450,1468,7.4,AgenceAuto,toulouse-sud-est-labege,6
Saint-Léger-en-Yvelines,78610,1468,12.9,TransakAuto,Agence RAMBOUILLET,2
Lumigny-Nesles-Ormeaux,77540,1468,16.7,AgenceAuto,gretz-armainvilliers,1
Gasville-Oisème,28300,1467,8.9,TransakAuto,Agence CHARTRES,1
Soulaire-et-Bourg,49460,1467,10.9,TransakAuto,Agence ANGERS,3
Bougé-Chambalud,38150,1467,17.4,TransakAuto,Agence DAVEZIEUX,1
Dingy-Saint-Clair,74230,1466,13.3,Simplicicar,annecy,4
Saint-Quentin-sur-Isère,38210,1466,15.2,TransakAuto,Agence GRENOBLE OUEST,1
Brandivy,56390,1466,17.8,AgenceAuto,vannes,2
Vicq,59970,1464,10.0,TransakAuto,Agence VALENCIENNES,2
La Boissière-des-Landes,85430,1464,11.8,TransakAuto,Agence LA ROCHE SUR YON,1
Bourgneuf,17220,1463,3.3,TransakAuto,Agence LA ROCHELLE / AYTRE,1
Candé-sur-Beuvron,41120,1463,12.7,TransakAuto,Agence BLOIS,1
Lieu-Saint-Amand,59111,1462,13.3,TransakAuto,Agence CAMBRAI,3
Blaesheim,67113,1461,8.8,Simplicicar,strasbourg,3
Armissan,11110,1461,8.9,Simplicicar,narbonne,3
Champvans,39100,1460,6.4,AgenceAuto,dole,1
Sottevast,50260,1459,12.9,TransakAuto,Agence CHERBOURG-EN-COTENTIN,1
Nuaillé,49340,1459,13.0,TransakAuto,Agence CHOLET,1
Landudec,29710,1459,19.6,TransakAuto,Agence QUIMPER,2
Sablonceaux,17600,1458,10.8,Simplicicar,royan,2
Avesnes-le-Sec,59296,1458,12.4,TransakAuto,Agence CAMBRAI,3
Vaugrigneuse,91640,1458,16.7,TransakAuto,Agence ETAMPES,2
Bellême,61130,1457,19.1,AgenceAuto,nogent-le-rotrou,1
Grossœuvre,27220,1455,7.0,TransakAuto,Agence EVREUX,2
Bretoncelles,61110,1455,14.5,AgenceAuto,nogent-le-rotrou,1
Val-de-Saâne,76890,1454,7.7,AgenceAuto,yerville,2
Challuy,58000,1453,5.6,AgenceAuto,nevers,1
Fontevraud-l'Abbaye,49590,1453,12.0,TransakAuto,Agence SAUMUR,1
Montfort-sur-Argens,83570,1453,14.3,TransakAuto,Agence BRIGNOLES,1
Saint-Georges-Haute-Ville,42610,1453,14.5,Simplicicar,moto-veauche,2
Saizerais,54380,1453,17.6,TransakAuto,Agence METZ,3
Capendu,11700,1453,19.9,Simplicicar,carcassonne,1
Brouckerque,59630,1452,6.6,TransakAuto,Agence DUNKERQUE,3
Nogent-le-Phaye,28630,1452,9.5,TransakAuto,Agence CHARTRES,1
Haussy,59294,1451,14.0,AgenceAuto,valenciennes,3
Joncherey,90100,1451,14.2,AgenceAuto,belfort,4
Cabris,06530,1450,3.1,TransakAuto,Agence GRASSE,3
Mirabeau,84120,1450,12.3,TransakAuto,Agence PERTUIS,4
Bellevaux,74470,1450,13.5,TransakAuto,Agence THONON-LES-BAINS,2
Saint-Martin-Longueau,60700,1449,9.6,AgenceAuto,senlis,5
Denée,49190,1449,10.0,Simplicicar,angers,3
Cercottes,45520,1448,7.1,TransakAuto,Agence ORLEANS,2
Baulne,91590,1448,18.0,TransakAuto,Agence ETAMPES,2
Angliers,17540,1447,9.2,TransakAuto,Agence LA ROCHELLE / AYTRE,1
Marchaux-Chaudefontaine,25640,1447,13.2,TransakAuto,Agence BESANCON,2
Altorf,67120,1447,14.4,Simplicicar,strasbourg,3
Grez-Neuville,49220,1447,14.5,Simplicicar,angers,3
Régny,42630,1447,14.8,TransakAuto,Agence ROANNE,1
Hordain,59111,1446,11.5,TransakAuto,Agence CAMBRAI,3
Saint-Arnoult,76490,1446,12.7,TransakAuto,Agence YVETOT,1
Le Broc,06510,1446,14.3,AgenceAuto,nice,4
Bollezeele,59470,1445,14.5,TransakAuto,Agence DUNKERQUE,4
Niherne,36250,1444,8.3,AgenceAuto,chateauroux,2
Landéhen,22400,1444,14.3,TransakAuto,Agence LAMBALLE,3
Esquay-Notre-Dame,14210,1444,16.6,TransakAuto,Agence CAEN,1
Pierrevillers,57120,1443,7.7,TransakAuto,Agence SAINT-DIZIER,2
Les Fourgs,25300,1443,10.9,AgenceAuto,pontarlier,2
Lamothe-Montravel,24230,1443,19.6,TransakAuto,Agence LIBOURNE,1
Loivre,51220,1442,7.1,TransakAuto,Agence REIMS,2
Dessenheim,68600,1442,18.7,Simplicicar,colmar,1
Dury,80480,1441,3.5,AgenceAuto,amiens,2
Leyment,01150,1441,7.6,Simplicicar,meximieux,2
Bainville-sur-Madon,54550,1441,8.1,TransakAuto,Agence NANCY,3
Villebernier,49400,1441,8.2,TransakAuto,Agence SAUMUR,1
Rebréchien,45470,1441,9.8,TransakAuto,Agence ORLEANS,3
Dammartin-en-Serve,78111,1441,10.5,TransakAuto,Agence MANTES-LA-JOLIE,2
Arzano,29300,1441,13.0,Simplicicar,lorient,2
Meroux-Moval,90400,1440,4.5,AgenceAuto,belfort,4
Taintrux,88100,1439,8.0,AgenceAuto,saint-die-des-vosges,1
Pannecé,44440,1439,9.6,TransakAuto,Agence ANCENIS,1
Pont-Remy,80580,1438,9.5,TransakAuto,Agence ABBEVILLE,1
La Motte-d'Aigues,84240,1438,11.7,TransakAuto,Agence PERTUIS,1
Epiniac,35120,1438,18.0,AgenceAuto,saint-malo,1
Montgailhard,09330,1437,13.5,Simplicicar,pamiers,1
Dornes,58390,1437,19.2,TransakAuto,Agence MOULINS,1
Saint-Romain-la-Motte,42640,1436,4.9,TransakAuto,Agence ROANNE,1
Saint-Vivien,17220,1436,11.1,TransakAuto,Agence LA ROCHELLE / AYTRE,1
Creissan,34370,1436,15.3,TransakAuto,Agence BEZIERS,1
Sablet,84110,1436,15.6,TransakAuto,Agence ORANGE,1
Neuilly-le-Réal,03340,1435,11.9,TransakAuto,Agence MOULINS,1
Thoiry,78770,1434,10.6,AgenceAuto,epone,4
Angerville-la-Campagne,27930,1433,1.2,TransakAuto,Agence EVREUX,2
Toulon-sur-Arroux,71320,1433,16.1,AgenceAuto,montceau-les-mines,1
Felleries,59740,1433,17.2,TransakAuto,Agence MAUBEUGE,1
Bargemon,83830,1433,17.5,TransakAuto,Agence DRAGUIGNAN,1
Saint-Restitut,26130,1432,4.9,TransakAuto,Agence BOLLENE,2
Pusey,70000,1432,5.0,AgenceAuto,vesoul,1
Férin,59169,1432,5.6,TransakAuto,Agence DOUAI,1
Magny-Cours,58470,1432,11.8,AgenceAuto,nevers,1
Grez-sur-Loing,77880,1432,13.5,TransakAuto,Agence FONTAINEBLEAU,1
Rumilly-en-Cambrésis,59281,1431,5.1,TransakAuto,Agence CAMBRAI,1
Eurre,26400,1431,13.1,TransakAuto,Agence VALENCE,2
Méry-sur-Seine,10170,1431,18.4,TransakAuto,Agence TROYES,1
Jouy-aux-Arches,57130,1430,9.8,AgenceAuto,metz,3
Labatut,40300,1430,16.5,TransakAuto,Agence DAX,2
Haute-Rivoire,69610,1430,19.7,Simplicicar,moto-veauche,1
Bailleul-Sir-Berthoult,62580,1429,5.4,Simplicicar,arras,4
Saint-Jean-la-Poterie,56350,1429,6.7,TransakAuto,Agence REDON,1
Virey-le-Grand,71530,1429,7.9,TransakAuto,Agence CHALON-SUR-SAONE,3
Veurey-Voroize,38113,1427,12.2,TransakAuto,Agence GRENOBLE OUEST,1
Meillonnas,01370,1426,10.4,TransakAuto,Agence BOURG-EN-BRESSE,2
Marsat,63200,1426,13.8,TransakAuto,Agence CLERMONT FERRAND SUD,1
Clairvaux-les-Lacs,39130,1426,18.7,TransakAuto,Agence LONS LE SAUNIER,1
Coësmes,35134,1426,18.9,TransakAuto,Agence CHATEAUBRIANT,1
Ayguemorte-les-Graves,33640,1425,5.5,TransakAuto,Agence CADAUJAC,1
Rieux-en-Cambrésis,59277,1425,8.8,TransakAuto,Agence CAMBRAI,2
Tossiat,01250,1425,11.5,AgenceAuto,bourg-en-bresse,2
Herbeys,38320,1424,9.0,TransakAuto,Agence GRENOBLE OUEST,3
Langon,35660,1423,14.7,TransakAuto,Agence REDON,1
Chandon,42190,1423,15.3,TransakAuto,Agence ROANNE,1
Saint-Christophe,17220,1422,9.2,TransakAuto,Agence LA ROCHELLE / AYTRE,1
Nargis,45210,1422,12.3,TransakAuto,Agence MONTARGIS,1
Champeix,63320,1422,18.4,TransakAuto,Agence CLERMONT FERRAND SUD,1
Saint-Amand-sur-Sèvre,79700,1422,19.4,TransakAuto,Agence CHOLET,1
Villers-sur-Coudun,60150,1421,9.1,TransakAuto,Agence COMPIEGNE,2
Villereversure,01250,1420,14.5,TransakAuto,Agence BOURG-EN-BRESSE,2
Eckwersheim,67550,1419,4.3,TransakAuto,Agence STRASBOURG NORD,3
Hermonville,51220,1419,8.7,TransakAuto,Agence REIMS,2
Ohlungen,67170,1418,4.3,TransakAuto,Agence HAGUENAU,2
Dauendorf,67350,1418,5.2,TransakAuto,Agence HAGUENAU,1
Hagenthal-le-Bas,68220,1418,6.0,TransakAuto,Agence SAINT-LOUIS,2
Spechbach,68720,1418,8.3,AgenceAuto,mulhouse-sud,2
Tréon,28500,1418,9.6,TransakAuto,Agence DREUX,1
Croix-Chapeau,17220,1418,9.6,TransakAuto,Agence LA ROCHELLE / AYTRE,1
Hirtzbach,68118,1418,17.4,AgenceAuto,mulhouse-sud,1
Sand,67230,1417,13.6,Simplicicar,strasbourg,2
Croth,27530,1416,10.7,TransakAuto,Agence DREUX,1
Bouxières-aux-Chênes,54770,1415,15.7,AgenceAuto,nancy,3
Gouzeaucourt,59231,1413,16.1,TransakAuto,Agence CAMBRAI,1
Illats,33720,1413,18.8,TransakAuto,Agence CADAUJAC,1
Poleymieux-au-Mont-d'Or,69250,1412,4.6,Simplicicar,lyon-nord,10
Homblières,02720,1412,5.8,TransakAuto,Agence SAINT-QUENTIN,2
Fragnes-La Loyère,71530,1411,5.4,TransakAuto,Agence CHALON-SUR-SAONE,2
Liverdy-en-Brie,77220,1410,5.7,AgenceAuto,gretz-armainvilliers,3
Radinghem-en-Weppes,59320,1410,12.2,Simplicicar,lille,5
Mane,04300,1410,14.8,TransakAuto,Agence MANOSQUE,1
Saint-Fuscien,80680,1409,5.8,AgenceAuto,amiens,2
La Haye-Malherbe,27400,1409,8.3,TransakAuto,Agence ELBEUF,1
Sauvigny-les-Bois,58160,1409,10.6,AgenceAuto,nevers,1
Bouchet,26790,1409,12.9,TransakAuto,Agence BOLLENE,2
Neuve-Chapelle,62840,1409,17.5,TransakAuto,Agence BETHUNE,4
Marseille-en-Beauvaisis,60690,1409,18.7,TransakAuto,Agence BEAUVAIS,1
Jury,57245,1408,9.3,AgenceAuto,metz,2
Peillon,06440,1408,12.5,Simplicicar,nice,4
Quincié-en-Beaujolais,69430,1408,13.7,TransakAuto,Agence VILLEFRANCHE SUR SAONE,1
Le Verdon-sur-Mer,33123,1408,13.8,Simplicicar,royan,1
Dry,45370,1408,14.5,Simplicicar,orleans,1
Kernilis,29260,1407,16.7,TransakAuto,Agence BREST,3
Clavette,17220,1406,4.1,TransakAuto,Agence LA ROCHELLE / AYTRE,1
Nivelle,59230,1406,9.6,TransakAuto,Agence VALENCIENNES,2
Hénouville,76840,1406,11.4,TransakAuto,Agence ROUEN,2
Steene,59380,1405,4.6,TransakAuto,Agence DUNKERQUE,3
Assas,34820,1405,7.5,AgenceAuto,montpellier-est,4
Palinges,71430,1405,19.3,AgenceAuto,montceau-les-mines,1
Angevillers,57440,1404,8.1,TransakAuto,Agence THIONVILLE,1
Oberbronn,67110,1404,16.5,TransakAuto,Agence HAGUENAU,1
Saché,37190,1403,13.5,Simplicicar,tours,3
Obenheim,67230,1403,14.0,Simplicicar,strasbourg,2
Avrillé,85440,1403,19.4,TransakAuto,Agence LA ROCHE SUR YON,2
Ouges,21600,1402,6.3,TransakAuto,Agence DIJON,3
Sars-Poteries,59216,1402,14.8,TransakAuto,Agence MAUBEUGE,1
Montpezat,30730,1402,15.1,Simplicicar,nimes,4
Maretz,59238,1402,19.6,TransakAuto,Agence CAMBRAI,1
Blyes,01150,1401,7.7,Simplicicar,meximieux,3
Saint-Just-de-Claix,38680,1401,14.1,TransakAuto,Agence ROMANS SUR ISERE,1
Mortcerf,77163,1400,13.1,AgenceAuto,gretz-armainvilliers,3
Trédion,56250,1400,15.9,TransakAuto,Agence VANNES,4
La Chapelle-Gauthier,77720,1400,18.0,TransakAuto,Agence FONTAINEBLEAU,1
Montrottier,69770,1400,19.5,TransakAuto,Agence CALUIRE-ET-CUIRE,1
Duisans,62161,1399,7.6,Simplicicar,arras,3
Heugas,40180,1398,7.9,TransakAuto,Agence DAX,2
Vaulnaveys-le-Bas,38410,1398,12.9,TransakAuto,Agence GRENOBLE OUEST,1
Saint-Blaise,06670,1397,12.9,Simplicicar,nice,4
Guillac,56800,1396,8.1,TransakAuto,Agence PLOERMEL,1
Thorigny-sur-Oreuse,89260,1396,12.5,TransakAuto,Agence SENS,1
Merxheim,68500,1396,15.2,AgenceAuto,mulhouse,2
Alairac,11290,1395,6.5,TransakAuto,Agence CARCASSONNE,2
Angerville-l'Orcher,76280,1395,10.4,TransakAuto,Agence LE HAVRE,1
Lugon-et-l'Île-du-Carnay,33240,1395,11.3,AgenceAuto,bordeaux-rive-droite,3
Saint-Georges-sur-Allier,63800,1395,11.7,TransakAuto,Agence CLERMONT FERRAND SUD,1
Payns,10600,1394,3.3,TransakAuto,Agence TROYES,3
Amfreville,14860,1394,7.1,TransakAuto,Agence CAEN,1
Saint-Aubin-des-Ormeaux,85130,1394,9.3,TransakAuto,Agence CHOLET,1
Beaumont-Monteux,26600,1394,12.3,Simplicicar,valence,3
Saint-Paul-et-Valmalle,34570,1394,13.9,TransakAuto,Agence MONTPELLIER,3
Génelard,71420,1394,14.6,AgenceAuto,montceau-les-mines,1
Étueffont,90170,1393,13.3,AgenceAuto,belfort,2
Ladon,45270,1392,17.8,TransakAuto,Agence MONTARGIS,1
Gouy-sous-Bellonne,62112,1391,6.4,TransakAuto,Agence DOUAI,4
Les Alluets-le-Roi,78580,1390,3.7,TransakAuto,Agence CHAMBOURCY,6
La Selle-la-Forge,61100,1390,5.0,TransakAuto,Agence FLERS,1
Heuringhem,62575,1389,5.4,Simplicicar,saint-omer,1
Saint-Léonard,88650,1389,7.6,AgenceAuto,saint-die-des-vosges,1
Le Verger,35160,1389,12.4,Simplicicar,rennes,3
Nohic,82370,1388,12.7,TransakAuto,Agence FRONTON,2
Saint-Germain-des-Prés,49170,1388,14.8,Simplicicar,angers,1
Pérouges,01800,1387,3.2,Simplicicar,meximieux,3
Don,59272,1387,9.3,AgenceAuto,lille-seclin,6
Tressin,59152,1386,6.3,AgenceAuto,wasquehal,6
Saint-Clément,19700,1386,11.0,AgenceAuto,tulle,2
Ruffey-lès-Echirey,21490,1385,2.1,AgenceAuto,dijon,3
Dietwiller,68440,1385,10.0,AgenceAuto,mulhouse,4
Saint-Martin-Belle-Roche,71118,1385,15.2,TransakAuto,Agence MACON,1
Saint-Alban-d'Ay,07790,1384,9.2,TransakAuto,Agence DAVEZIEUX,1
Val de Chaise,74210,1384,11.2,TransakAuto,Agence ALBERTVILLE,1
Saint-Pierre-des-Échaubrognes,79700,1384,14.4,TransakAuto,Agence CHOLET,1
Moyaux,14590,1383,14.3,TransakAuto,Agence DEAUVILLE,1
Néfiach,66170,1383,16.6,TransakAuto,Agence PERPIGNAN NORD SAINT ESTEVE,1
Le Mayet-de-Montagne,03250,1383,19.2,Simplicicar,vichy,1
Hirel,35120,1382,8.8,AgenceAuto,saint-malo,2
Fleurie,69820,1382,9.6,TransakAuto,Agence MACON,1
Bessay-sur-Allier,03340,1382,11.0,TransakAuto,Agence MOULINS,1
Brussieu,69690,1382,17.7,TransakAuto,Agence CALUIRE-ET-CUIRE,2
Peillonnex,74250,1381,6.4,Simplicicar,genevois,5
Rœux,62118,1381,7.0,Simplicicar,arras,4
Argancy,57640,1381,8.0,AgenceAuto,metz,2
Clères,76690,1381,12.8,TransakAuto,Agence ROUEN,2
Égriselles-le-Bocage,89500,1381,13.2,TransakAuto,Agence SENS,1
Guarbecque,62330,1381,14.5,TransakAuto,Agence BETHUNE,1
Norrent-Fontes,62120,1381,16.3,TransakAuto,Agence BETHUNE,2
Saint-Pardoux-le-Lac,87140,1381,20.0,TransakAuto,Agence LIMOGES,1
Vineuil-Saint-Firmin,60500,1380,4.5,TransakAuto,Agence SAINT MAXIMIN,3
Giraumont,54780,1380,6.6,TransakAuto,Agence SAINT-DIZIER,2
Deyvillers,88000,1379,6.7,AgenceAuto,epinal,2
Monteils,82300,1379,11.7,AgenceAuto,montauban,1
Steinbach,68700,1379,15.0,AgenceAuto,mulhouse-sud,2
Boofzheim,67860,1379,16.8,Simplicicar,strasbourg,2
Roz-Landrieux,35120,1378,8.0,AgenceAuto,saint-malo,2
Frahier-et-Chatebier,70400,1378,8.3,AgenceAuto,hericourt,3
Parné-sur-Roc,53260,1378,13.1,TransakAuto,Agence LAVAL,1
Bains,43370,1378,16.4,Simplicicar,puy-en-velay,1
Manthelan,37240,1378,17.0,Simplicicar,tours,1
Saint-Médard-sur-Ille,35250,1377,12.0,TransakAuto,Agence RENNES OUEST,2
La Guérinière,85680,1377,19.3,AgenceAuto,pornic,2
Saint-Laurent-en-Royans,26190,1377,19.7,TransakAuto,Agence ROMANS SUR ISERE,1
Chavelot,88150,1376,3.6,TransakAuto,Agence EPINAL,2
Crécy-en-Ponthieu,80150,1376,12.3,TransakAuto,Agence ABBEVILLE,1
Tournehem-sur-la-Hem,62890,1376,16.5,Simplicicar,saint-omer,1
Haverskerque,59660,1376,16.7,TransakAuto,Agence BETHUNE,1
Vielmur-sur-Agout,81570,1375,7.4,TransakAuto,Agence CASTRES,1
Le Fœil,22800,1375,15.7,AgenceAuto,saint-brieuc,2
Métabief,25370,1375,18.4,AgenceAuto,pontarlier,2
Bords,17430,1375,19.5,TransakAuto,Agence SAINTES,1
Vallabrègues,30300,1375,19.9,TransakAuto,Agence ARLES,2
Troissereux,60112,1374,6.0,TransakAuto,Agence BEAUVAIS,2
Us,95450,1374,8.3,AgenceAuto,cergy-pontoise,5
Penchard,77124,1373,5.0,TransakAuto,Agence MEAUX,3
Pfaffenheim,68250,1373,17.3,Simplicicar,colmar,1
Courcelles-lès-Montbéliard,25420,1370,2.6,AgenceAuto,montbeliard,4
Gardouch,31290,1370,2.9,TransakAuto,Agence VILLEFRANCHE-DE-LAURAGAIS,1
Flaxlanden,68720,1370,5.6,AgenceAuto,mulhouse-sud,3
Fublaines,77470,1370,6.2,TransakAuto,Agence MEAUX,2
Bésayes,26300,1370,9.6,TransakAuto,Agence ROMANS SUR ISERE,3
Ménestreau-en-Villette,45240,1370,14.6,TransakAuto,Agence VIERZON,1
Faulx,54760,1370,16.9,Simplicicar,nancy,4
Aigrefeuille,31280,1369,6.8,AgenceAuto,toulouse-sud-est-labege,5
Villeneuve-Saint-Denis,77174,1369,7.6,AgenceAuto,chessy,5
La Saulce,05110,1369,16.7,TransakAuto,Agence GAP,1
Baye,29300,1369,16.8,Simplicicar,lorient,1
Guewenheim,68116,1368,14.6,AgenceAuto,mulhouse-sud,1
Guilliers,56490,1368,15.8,TransakAuto,Agence PLOERMEL,1
Ons-en-Bray,60650,1367,13.5,TransakAuto,Agence BEAUVAIS,3
Saint-Martin-d'Oney,40090,1367,14.0,TransakAuto,Agence MONT DE MARSAN,1
Montigné-le-Brillant,53970,1366,5.7,TransakAuto,Agence LAVAL,1
Meysse,07400,1366,14.6,TransakAuto,Agence MONTELIMAR,1
Monterfil,35160,1366,17.4,Simplicicar,rennes,1
Vion,72300,1366,18.4,Simplicicar,la-fleche,1
Écoyeux,17770,1365,13.9,TransakAuto,Agence SAINTES,1
Peyrilhac,87510,1365,15.5,TransakAuto,Agence LIMOGES,2
Sainte-Gemme,17250,1365,15.7,Simplicicar,royan,2
Charentilly,37390,1365,17.3,AgenceAuto,tours,2
Darnieulles,88390,1364,5.8,TransakAuto,Agence EPINAL,2
Viesly,59271,1364,15.8,TransakAuto,Agence CAMBRAI,1
Jans,44170,1364,17.4,TransakAuto,Agence CHATEAUBRIANT,1
Dasle,25230,1363,6.1,AgenceAuto,montbeliard,4
Fort-Mahon-Plage,80120,1363,8.6,TransakAuto,Agence LE TOUQUET,1
Meursault,21190,1363,9.4,Simplicicar,beaune,2
Coulombs,28210,1363,18.3,TransakAuto,Agence DREUX,2
Le Pertre,35370,1363,18.3,TransakAuto,Agence LAVAL,1
Montenois,25260,1362,10.9,TransakAuto,Agence MONTBELIARD,3
Moisenay,77950,1362,14.3,TransakAuto,Agence LIEUSAINT,3
Tournay,65190,1362,16.0,TransakAuto,Agence TARBES,1
Villeneuve-la-Rivière,66610,1360,5.2,TransakAuto,Agence PERPIGNAN NORD SAINT ESTEVE,2
Jebsheim,68320,1360,7.4,Simplicicar,colmar,2
Granges-Narboz,25300,1359,5.9,AgenceAuto,pontarlier,2
Tercis-les-Bains,40180,1359,7.2,AgenceAuto,dax,2
Kuntzig,57970,1359,8.5,TransakAuto,Agence THIONVILLE,2
Montségur-sur-Lauzon,26130,1359,9.2,TransakAuto,Agence BOLLENE,2
Sainte-Néomaye,79260,1359,10.1,TransakAuto,"Agence NAMUR, BELGIQUE",2
Scharrachbergheim-Irmstett,67310,1359,18.0,AgenceAuto,strasbourg-nord,2
Lovagny,74330,1358,4.2,Simplicicar,annecy,3
Hombourg,68490,1358,8.3,AgenceAuto,mulhouse,3
Montigny-Lencoup,77520,1358,18.4,TransakAuto,Agence FONTAINEBLEAU,1
Saint-Marcel-lès-Annonay,07100,1357,6.1,TransakAuto,Agence DAVEZIEUX,1
Arbanats,33640,1357,13.0,TransakAuto,Agence CADAUJAC,1
Valff,67210,1357,15.7,Simplicicar,strasbourg,2
Saint-Jean-du-Cardonnay,76150,1356,7.7,TransakAuto,Agence ROUEN,1
Confrançon,01310,1356,13.0,AgenceAuto,bourg-en-bresse,2
Farnay,42320,1355,15.5,TransakAuto,Agence SAINT ETIENNE,1
Frotey-lès-Vesoul,70000,1354,2.2,AgenceAuto,vesoul,1
Hérouvillette,14850,1354,2.9,TransakAuto,Agence CAEN,1
Vestric-et-Candiac,30600,1354,3.6,Simplicicar,vauvert,5
Incarville,27400,1353,10.7,TransakAuto,Agence ELBEUF,1
Colomby-Anguerny,14610,1353,12.2,TransakAuto,Agence CAEN,1
Montesquieu-des-Albères,66740,1353,15.6,Simplicicar,perpignan,1
Puissalicon,34480,1353,17.0,TransakAuto,Agence BEZIERS,1
Saint-Usage,21170,1353,18.5,AgenceAuto,dole,1
Germigny-l'Évêque,77910,1352,8.6,TransakAuto,Agence MEAUX,3
Saint-Paul-en-Cornillon,42240,1352,14.8,TransakAuto,Agence SAINT ETIENNE,3
Beauquesne,80600,1352,17.8,TransakAuto,Agence AMIENS,1
Saint-Paul-de-Jarrat,09000,1352,18.5,Simplicicar,pamiers,1
Fréjairolles,81990,1351,6.7,TransakAuto,Agence ALBI,1
Mauzac,31410,1351,7.1,TransakAuto,Agence EAUNES,2
Viuz-la-Chiésaz,74540,1351,8.9,AgenceAuto,annecy,3
Hallencourt,80490,1351,15.3,TransakAuto,Agence ABBEVILLE,1
Villiers-le-Morhier,28130,1351,17.5,TransakAuto,Agence RAMBOUILLET,1
Saint-Hilaire-de-Villefranche,17770,1350,15.5,TransakAuto,Agence SAINTES,1
Treffendel,35380,1350,18.2,Simplicicar,rennes,1
Savennières,49170,1349,7.2,Simplicicar,angers,3
Saint-Clair,07430,1348,2.3,TransakAuto,Agence DAVEZIEUX,1
Mellecey,71640,1348,4.1,TransakAuto,Agence CHALON-SUR-SAONE,2
Martinvast,50690,1348,5.0,TransakAuto,Agence CHERBOURG-EN-COTENTIN,1
Neuvy-en-Sullias,45510,1348,12.0,TransakAuto,Agence VIERZON,1
Villebrumier,82370,1348,12.7,TransakAuto,Agence MONTAUBAN,3
Fourques,66300,1347,16.3,TransakAuto,Agence PERPIGNAN NORD SAINT ESTEVE,2
Ault,80460,1346,5.7,TransakAuto,"Agence MONS, BELGIQUE",1
Marthod,73400,1346,8.3,TransakAuto,Agence ALBERTVILLE,1
Lécluse,59259,1346,10.7,TransakAuto,Agence DOUAI,4
Vézelise,54330,1346,16.7,TransakAuto,Agence NANCY,3
Angicourt,60940,1345,8.4,AgenceAuto,senlis,3
Voivres-lès-le-Mans,72210,1345,10.2,TransakAuto,Agence LE MANS,1
Eyjeaux,87220,1345,13.5,AgenceAuto,limoges,2
Beaulieu-sur-Layon,49750,1345,17.0,Simplicicar,angers,3
Vallères,37190,1345,18.1,Simplicicar,tours,3
Saint-Sauveur,80470,1344,1.5,TransakAuto,Agence AMIENS,2
Saint-Sulpice-de-Faleyrens,33330,1344,5.9,TransakAuto,Agence LIBOURNE,1
Breuschwickersheim,67112,1344,10.9,AgenceAuto,strasbourg-nord,3
Neulise,42590,1344,19.9,TransakAuto,Agence ROANNE,1
Holnon,02760,1343,5.7,AgenceAuto,saint-quentin,2
Junas,30250,1343,11.0,TransakAuto,Agence LUNEL,4
Le Tour-du-Parc,56370,1343,12.7,Simplicicar,vannes,3
Bracieux,41250,1343,15.6,TransakAuto,Agence BLOIS,1
Andé,27430,1343,17.6,TransakAuto,Agence ELBEUF,1
Chantemerle-les-Blés,26600,1343,18.2,TransakAuto,Agence ROMANS SUR ISERE,1
Belpech,11420,1343,18.6,Simplicicar,pamiers,1
Craintilleux,42210,1342,3.7,Simplicicar,moto-veauche,3
Tauriac,33710,1342,15.4,TransakAuto,Agence BORDEAUX RIVE DROITE,2
Saint-Roch,37390,1342,16.2,TransakAuto,Agence TOURS SUD,2
Gaillac-Toulza,31550,1342,18.9,TransakAuto,Agence EAUNES,1
Boeil-Bezing,64510,1341,17.2,TransakAuto,Agence PAU,2
Saint-Marcel,01390,1340,9.6,TransakAuto,Agence LYON EST,4
Andrest,65390,1340,11.3,TransakAuto,Agence TARBES,1
Copponex,74350,1340,12.3,TransakAuto,Agence ANNECY,3
Bruille-lez-Marchiennes,59490,1340,14.5,TransakAuto,Agence DOUAI,4
Quincey,70000,1338,4.1,AgenceAuto,vesoul,1
Messimy-sur-Saône,01480,1338,6.3,TransakAuto,Agence VILLEFRANCHE SUR SAONE,3
Neufmoutiers-en-Brie,77610,1338,8.3,AgenceAuto,gretz-armainvilliers,5
Ancône,26200,1338,10.1,TransakAuto,Agence MONTELIMAR,1
Gonneville-la-Mallet,76280,1338,12.8,TransakAuto,Agence LE HAVRE,1
Wannehain,59830,1338,14.2,AgenceAuto,wasquehal,5
Aix-en-Pévèle,59310,1338,17.5,TransakAuto,Agence VALENCIENNES,2
Burie,17770,1338,18.6,TransakAuto,Agence SAINTES,1
Blaison-Saint-Sulpice,49320,1337,13.0,AgenceAuto,angers,2
Solers,77111,1336,8.5,AgenceAuto,gretz-armainvilliers,3
Cadillac-en-Fronsadais,33240,1336,10.6,AgenceAuto,bordeaux-rive-droite,3
Chalezeule,25220,1335,3.9,TransakAuto,Agence BESANCON,4
Poulainville,80260,1335,5.4,TransakAuto,Agence AMIENS,2
Villebret,03310,1335,10.2,TransakAuto,Agence MONTLUCON,1
Changis-sur-Marne,77660,1335,12.7,TransakAuto,Agence MEAUX,1
Launac,31330,1335,14.2,TransakAuto,Agence FRONTON,2
Goussainville,28410,1335,15.2,TransakAuto,Agence DREUX,1
Rozérieulles,57160,1334,8.4,AgenceAuto,metz,2
Novillars,25220,1334,9.6,TransakAuto,Agence BESANCON,3
Écotay-l'Olme,42600,1334,18.1,Simplicicar,moto-veauche,2
Gironde-sur-Dropt,33190,1333,7.5,TransakAuto,Agence LANGON,1
Marcorignan,11120,1333,8.0,Simplicicar,narbonne,2
Curgies,59990,1333,8.8,AgenceAuto,valenciennes,2
Lachassagne,69480,1332,9.1,TransakAuto,Agence VILLEFRANCHE SUR SAONE,5
Chapet,78130,1331,3.6,TransakAuto,Agence CHAMBOURCY,8
Les Hauts-de-Caux,76190,1331,4.5,TransakAuto,Agence YVETOT,2
Boissy-le-Cutté,91590,1331,10.4,TransakAuto,Agence ETAMPES,1
Saint-Mexant,19330,1330,8.2,AgenceAuto,tulle,3
Andancette,26140,1330,9.4,TransakAuto,Agence DAVEZIEUX,1
Laplume,47310,1330,9.8,TransakAuto,Agence AGEN,1
Pruillé-le-Chétif,72700,1329,5.9,TransakAuto,Agence LE MANS,1
La Tour,74250,1329,7.6,Simplicicar,genevois,5
Soulaines-sur-Aubance,49610,1329,11.9,AgenceAuto,angers,3
Saint-Michel-l'Observatoire,04870,1329,12.0,TransakAuto,Agence MANOSQUE,1
Bréauté,76110,1329,19.0,TransakAuto,Agence LE HAVRE,1
Wardrecques,62120,1328,7.1,Simplicicar,saint-omer,1
Robecq,62350,1328,11.2,TransakAuto,Agence BETHUNE,1
Excenevex,74140,1327,8.0,TransakAuto,Agence THONON-LES-BAINS,3
Retonfey,57645,1327,10.7,AgenceAuto,metz,1
Bennwihr,68126,1326,3.7,Simplicicar,colmar,2
Uzein,64230,1326,5.5,Simplicicar,pau,2
Meilhan-sur-Garonne,47180,1326,6.2,TransakAuto,Agence LANGON,1
Saint-Porquier,82700,1326,12.2,TransakAuto,Agence MONTAUBAN,1
Lindry,89240,1326,14.6,TransakAuto,Agence AUXERRE,1
Laboissière-en-Thelle,60570,1326,14.8,Simplicicar,beauvais,2
Montchevreuil,60240,1326,15.3,TransakAuto,Agence GISORS,3
Niederschaeffolsheim,67500,1325,6.1,TransakAuto,Agence HAGUENAU,3
Villegouge,33141,1325,10.2,TransakAuto,Agence LIBOURNE,3
Venizel,02200,1324,2.9,Simplicicar,soissons,1
Uriménil,88220,1323,8.2,AgenceAuto,epinal,2
Les Damps,27340,1322,10.0,TransakAuto,Agence ELBEUF,1
Chambois,27240,1322,10.5,TransakAuto,Agence EVREUX,2
Oizé,72330,1322,19.1,Simplicicar,la-fleche,1
Damery,51480,1322,19.7,Simplicicar,reims,1
Bussac-sur-Charente,17100,1321,6.2,TransakAuto,Agence SAINTES,1
Saint-Pierre-du-Regard,61790,1321,7.0,TransakAuto,Agence FLERS,1
Préfailles,44770,1321,7.1,TransakAuto,Agence PORNIC,3
La Chaussée-d'Ivry,28260,1321,18.0,TransakAuto,Agence MANTES-LA-JOLIE,2
La Méaugon,22440,1320,7.9,AgenceAuto,saint-brieuc,2
Marbois,27160,1320,19.3,TransakAuto,Agence EVREUX,1
Saint-Maxire,79410,1319,7.3,TransakAuto,"Agence NAMUR, BELGIQUE",2
Roinville,91410,1319,9.9,TransakAuto,Agence ETAMPES,1
Val-Sonnette,39190,1318,9.6,AgenceAuto,lons-le-saunier,3
Myans,73800,1318,11.3,Simplicicar,aix-les-bains,2
Beynat,19190,1318,12.4,Simplicicar,brive,3
Corbières-en-Provence,04220,1317,6.6,TransakAuto,Agence MANOSQUE,1
Mont-Bernanchon,62350,1317,10.8,TransakAuto,Agence BETHUNE,1
Favières,77220,1316,5.9,AgenceAuto,gretz-armainvilliers,5
Berre-les-Alpes,06390,1316,16.4,Simplicicar,nice,2
Parcieux,01600,1315,3.2,Simplicicar,lyon-nord,5
Oberhergheim,68127,1315,17.5,Simplicicar,colmar,1
Heimsbrunn,68990,1314,5.5,AgenceAuto,mulhouse-sud,2
Dampierre,39350,1314,6.9,Simplicicar,besancon,3
Sablons,33910,1314,13.1,TransakAuto,Agence LIBOURNE,1
Batilly,54980,1313,3.2,TransakAuto,Agence SAINT-DIZIER,2
Dourgne,81110,1313,9.7,TransakAuto,Agence CASTRES,1
Saint-Ouen-en-Belin,72220,1313,17.0,TransakAuto,Agence LE MANS,1
Varrains,49400,1312,3.8,TransakAuto,Agence SAUMUR,1
Revel,38420,1312,11.9,TransakAuto,Agence GRENOBLE EST,3
Saint-Martin-sur-Oust,56200,1312,18.0,TransakAuto,Agence REDON,1
Saint-Nazaire,30200,1312,18.2,TransakAuto,Agence ORANGE,1
Marlhes,42660,1312,18.9,TransakAuto,Agence SAINT ETIENNE,1
Labastide-Marnhac,46090,1311,10.3,TransakAuto,Agence CAHORS,1
Asnières-lès-Dijon,21380,1310,4.2,AgenceAuto,dijon,3
Trévenans,90400,1310,5.1,AgenceAuto,belfort,4
Thélus,62580,1310,6.2,Simplicicar,arras,4
La Cluse-et-Mijoux,25300,1310,8.6,AgenceAuto,pontarlier,2
Meyssac,19500,1310,16.5,Simplicicar,brive,2
Le Bosc du Theil,27370,1310,17.2,TransakAuto,Agence ELBEUF,1
Bessoncourt,90160,1309,7.2,AgenceAuto,belfort,2
Mont-sous-Vaudrey,39380,1309,14.7,AgenceAuto,dole,1
Saint-Quay-Perros,22700,1308,4.9,AgenceAuto,lannion,2
Compertrix,51510,1308,6.1,AgenceAuto,chalons-en-champagne,1
Ardoix,07290,1308,8.5,TransakAuto,Agence DAVEZIEUX,1
Nancray,25360,1308,12.1,TransakAuto,Agence BESANCON,2
Saint-Paër,76480,1308,13.1,TransakAuto,Agence YVETOT,3
Forges,17290,1308,15.0,TransakAuto,Agence LA ROCHELLE / AYTRE,1
Béguey,33410,1308,19.2,TransakAuto,Agence CADAUJAC,1
Saint-Philbert-du-Peuple,49160,1307,18.7,TransakAuto,Agence SAUMUR,1
Guéthary,64210,1306,3.0,TransakAuto,Agence BIDART &#8211; SAINT-JEAN-DE-LUZ,3
Saivres,79400,1306,13.2,TransakAuto,"Agence NAMUR, BELGIQUE",2
Beure,25720,1305,5.0,TransakAuto,Agence BESANCON,4
Châtillon-Saint-Jean,26750,1305,5.6,TransakAuto,Agence ROMANS SUR ISERE,1
Seraincourt,95450,1305,9.8,AgenceAuto,epone,6
Toutlemonde,49360,1305,13.0,TransakAuto,Agence CHOLET,1
Virsac,33240,1304,13.1,TransakAuto,Agence BORDEAUX RIVE DROITE,2
Morre,25660,1303,5.1,TransakAuto,Agence BESANCON,4
Rouvres-en-Plaine,21110,1303,9.1,TransakAuto,Agence DIJON,3
Jouet-sur-l'Aubois,18320,1303,11.0,AgenceAuto,nevers,1
Sainte-Hélène,56700,1303,14.3,TransakAuto,Agence LORIENT,2
Vermenton,89270,1303,16.3,TransakAuto,Agence AUXERRE,1
La Remaudière,44430,1303,18.9,TransakAuto,Agence ANCENIS,1
Les Bréviaires,78610,1302,10.5,TransakAuto,Agence RAMBOUILLET,2
Woincourt,80520,1302,11.4,TransakAuto,"Agence MONS, BELGIQUE",1
Le Garric,81450,1302,11.8,TransakAuto,Agence ALBI,1
Vred,59870,1302,13.8,TransakAuto,Agence DOUAI,3
Bellaing,59135,1301,3.9,TransakAuto,Agence VALENCIENNES,2
Campagne-lès-Wardrecques,62120,1301,5.7,Simplicicar,saint-omer,1
Wandignies-Hamage,59870,1301,10.9,TransakAuto,Agence VALENCIENNES,2
Le Crest,63450,1300,7.2,TransakAuto,Agence CLERMONT FERRAND SUD,1
La Guierche,72380,1300,14.9,TransakAuto,Agence LE MANS,1
La Cerlangue,76430,1300,16.3,TransakAuto,Agence LE HAVRE,1
Le Vieux-Marché,22420,1299,9.1,TransakAuto,Agence BEGARD,2
Quingey,25440,1299,9.5,Simplicicar,besancon,4
Gouaix,77114,1299,9.5,TransakAuto,Agence PROVINS,1
Schlierbach,68440,1299,11.6,AgenceAuto,mulhouse,4
Onnion,74490,1299,14.6,TransakAuto,Agence THONON-LES-BAINS,5
Bailleau-Armenonville,28320,1299,16.4,TransakAuto,Agence RAMBOUILLET,2
Labarthe-Rivière,31800,1298,0.2,Simplicicar,https://www.simplicicar.com/content/170-oncession-st-gaudens,1
Le Plessis-Brion,60150,1298,11.2,TransakAuto,Agence COMPIEGNE,2
Saint-Jean-les-Deux-Jumeaux,77660,1298,12.4,TransakAuto,Agence MEAUX,1
Boisset-Saint-Priest,42560,1298,13.2,Simplicicar,veauche,2
Galluis,78490,1298,14.8,TransakAuto,Agence LES CLAYES SOUS BOIS,4
La Chapelle-Chaussée,35630,1298,15.2,TransakAuto,Agence RENNES OUEST,2
Huillé-Lézigné,49430,1298,16.2,Simplicicar,la-fleche,1
Cormeilles-en-Vexin,95830,1297,6.9,AgenceAuto,cergy-pontoise,3
Plounéour-Ménez,29410,1297,14.0,TransakAuto,Agence MORLAIX,1
Biriatou,64700,1297,17.4,TransakAuto,Agence BIDART &#8211; SAINT-JEAN-DE-LUZ,1
Devecey,25870,1296,8.3,TransakAuto,Agence BESANCON,3
Branne,33420,1296,9.4,TransakAuto,Agence LIBOURNE,1
Saint-Gatien-des-Bois,14130,1295,7.6,TransakAuto,Agence DEAUVILLE,2
Corme-Écluse,17600,1295,12.5,Simplicicar,royan,2
Saint-Augustin-des-Bois,49170,1295,13.2,Simplicicar,angers,1
Hénansal,22400,1294,6.6,TransakAuto,Agence LAMBALLE,1
Berrwiller,68500,1294,13.2,AgenceAuto,mulhouse-sud,2
Cambremer,14340,1294,18.5,TransakAuto,Agence DEAUVILLE,1
Clermont-Créans,72200,1293,6.2,Simplicicar,la-fleche,1
Montlivault,41350,1293,7.7,TransakAuto,Agence BLOIS,1
Laiz,01290,1293,8.7,TransakAuto,Agence MACON,1
Fourques-sur-Garonne,47200,1293,17.5,TransakAuto,Agence LANGON,1
Montvendre,26120,1292,6.0,TransakAuto,Agence VALENCE,2
Manéglise,76133,1292,7.0,TransakAuto,Agence LE HAVRE,1
Saint-Féliu-d'Amont,66170,1292,12.5,TransakAuto,Agence PERPIGNAN NORD SAINT ESTEVE,1
Saint-Jean-de-Verges,09000,1290,5.4,Simplicicar,pamiers,1
Ogeu-les-Bains,64680,1290,19.0,TransakAuto,Agence PAU,1
Médan,78670,1289,3.4,TransakAuto,Agence CHAMBOURCY,7
Le Champ-près-Froges,38190,1289,3.9,TransakAuto,Agence GRENOBLE EST,2
Neaufles-Saint-Martin,27830,1289,4.2,TransakAuto,Agence GISORS,1
Solignac-sur-Loire,43370,1289,12.1,Simplicicar,puy-en-velay,1
Méréville,54850,1288,5.1,TransakAuto,Agence NANCY,3
Bligny-lès-Beaune,21200,1288,5.3,Simplicicar,beaune,1
Gron,89100,1288,6.1,TransakAuto,Agence SENS,1
Saint-Pierre-Eynac,43260,1288,6.3,Simplicicar,puy-en-velay,1
Muntzenheim,68320,1288,6.9,Simplicicar,colmar,2
Innenheim,67880,1288,11.4,Simplicicar,strasbourg,2
Fréland,68240,1288,16.1,Simplicicar,colmar,2
Reignac-sur-Indre,37310,1288,16.9,Simplicicar,tours,2
Horgues,65310,1287,3.7,TransakAuto,Agence TARBES,1
Cousance,39190,1287,16.2,AgenceAuto,louhans,2
Neuf-Mesnil,59330,1286,3.4,TransakAuto,Agence MAUBEUGE,1
Saint-Cyr-sur-le-Rhône,69560,1286,5.4,Simplicicar,vienne,3
Servas,01960,1286,7.1,AgenceAuto,bourg-en-bresse,2
Névian,11200,1286,8.8,Simplicicar,narbonne,2
Clécy,14570,1286,15.7,TransakAuto,Agence FLERS,1
Les Échelles,73360,1286,19.7,Simplicicar,aix-les-bains,1
Saint-Guinoux,35430,1285,3.2,AgenceAuto,saint-malo,2
Breux-Jouy,91650,1285,10.9,TransakAuto,Agence ETAMPES,2
Oppède,84580,1285,15.1,TransakAuto,Agence L&rsquo;ISLE SUR LA SORGUE,1
Beaupuy,31850,1283,3.3,AgenceAuto,toulouse-nord,4
Nailly,89100,1283,6.1,TransakAuto,Agence SENS,1
Provenchères-et-Colroy,88490,1283,10.3,AgenceAuto,saint-die-des-vosges,1
Fermanville,50840,1283,12.0,TransakAuto,Agence CHERBOURG-EN-COTENTIN,1
Beuvillers,14100,1283,17.6,TransakAuto,Agence DEAUVILLE,1
Marmagne,71710,1283,18.2,AgenceAuto,montceau-les-mines,1
Pfulgriesheim,67370,1282,4.1,TransakAuto,Agence STRASBOURG NORD,3
Champfleur,72610,1282,6.1,TransakAuto,Agence ALENCON,1
Léojac,82230,1282,9.7,TransakAuto,Agence MONTAUBAN,2
Mas-Grenier,82600,1282,11.2,TransakAuto,Agence FRONTON,2
Gertwiller,67140,1282,16.1,AgenceAuto,selestat,2
Pleugriffet,56120,1281,9.1,TransakAuto,Agence PLOERMEL,1
Saint-Julien-de-Coppel,63160,1281,16.7,TransakAuto,Agence CLERMONT FERRAND SUD,1
Beaurevoir,02110,1281,17.4,TransakAuto,Agence SAINT-QUENTIN,2
Grugies,02680,1280,3.1,AgenceAuto,saint-quentin,2
Geneuille,25870,1280,8.9,TransakAuto,Agence BESANCON,4
Houlbec-Cocherel,27120,1280,9.0,Simplicicar,vernon,4
Ennetières-en-Weppes,59320,1280,9.6,Simplicicar,lille,6
Quend,80120,1280,10.0,TransakAuto,Agence LE TOUQUET,1
Dammartin-sur-Tigeaux,77163,1280,12.6,AgenceAuto,chessy,3
Durdat-Larequille,03310,1280,14.3,TransakAuto,Agence MONTLUCON,1
Sigoulès-et-Flaugeac,24240,1280,15.2,TransakAuto,Agence BERGERAC,1
Saint-Riquier,80135,1279,7.7,TransakAuto,Agence ABBEVILLE,1
Nuaillé-d'Aunis,17540,1279,12.5,TransakAuto,Agence LA ROCHELLE / AYTRE,1
Portel-des-Corbières,11490,1279,13.6,TransakAuto,Agence NARBONNE,2
Condé-sur-Vesgre,78113,1279,16.1,TransakAuto,Agence RAMBOUILLET,1
Montigny,76380,1278,8.3,TransakAuto,Agence ROUEN,2
Theizé,69620,1278,9.4,TransakAuto,Agence VILLEFRANCHE SUR SAONE,3
Villemolaque,66300,1278,11.3,Simplicicar,perpignan,2
Yébleron,76640,1278,17.9,TransakAuto,Agence YVETOT,1
Branoux-les-Taillades,30110,1278,18.0,TransakAuto,Agence ALES,1
Rodemack,57570,1277,8.6,TransakAuto,"Agence BRUXELLES, BELGIQUE",2
Calan,56240,1277,13.6,Simplicicar,lorient,2
La Remuée,76430,1277,15.2,TransakAuto,Agence LE HAVRE,1
Courtenay,38510,1277,15.6,TransakAuto,Agence ANTHON,3
Pissy-Pôville,76360,1276,9.9,TransakAuto,Agence ROUEN,3
Fleury,57420,1276,10.9,AgenceAuto,metz,2
Ferrals-les-Corbières,11200,1275,19.6,TransakAuto,Agence NARBONNE,1
Lorrez-le-Bocage-Préaux,77710,1274,14.7,TransakAuto,Agence FONTAINEBLEAU,1
Chabournay,86380,1274,15.3,TransakAuto,Agence POITIERS,1
Saint-Marc-Jaumegarde,13100,1273,5.2,TransakAuto,Agence AIX EN PROVENCE NORD,4
Scientrier,74930,1273,6.9,Simplicicar,genevois,3
Picquigny,80310,1273,7.2,TransakAuto,Agence AMIENS,2
Charentay,69220,1273,8.4,TransakAuto,Agence VILLEFRANCHE SUR SAONE,1
Labergement-Sainte-Marie,25160,1273,17.1,AgenceAuto,pontarlier,2
Molières,82220,1273,17.9,AgenceAuto,montauban,1
Le Manoir,27460,1272,11.4,TransakAuto,Agence ELBEUF,2
Saint-André-de-Lidon,17260,1272,19.3,TransakAuto,Agence SAINTES,1
Leymen,68220,1271,7.9,TransakAuto,Agence SAINT-LOUIS,2
Saint-Loup-de-Varennes,71240,1271,8.9,TransakAuto,Agence CHALON-SUR-SAONE,2
Lée,64320,1271,11.0,Simplicicar,pau,2
Minihy-Tréguier,22220,1271,14.2,AgenceAuto,lannion,2
Nordausques,62890,1271,15.3,Simplicicar,saint-omer,1
Cervens,74550,1270,3.6,TransakAuto,Agence THONON-LES-BAINS,3
Pourrain,89240,1270,14.0,TransakAuto,Agence AUXERRE,1
Perpezac-le-Noir,19410,1270,18.1,Simplicicar,brive,3
Maillot,89100,1268,5.0,TransakAuto,Agence SENS,1
Savigny-lès-Beaune,21420,1268,8.3,Simplicicar,beaune,1
Cantaron,06340,1268,9.5,Simplicicar,nice,4
Espondeilhan,34290,1268,16.0,TransakAuto,Agence BEZIERS,1
Plourin,29830,1268,18.6,TransakAuto,Agence BREST,3
Tancarville,76430,1268,18.9,TransakAuto,Agence LE HAVRE,1
Fampoux,62118,1267,4.8,Simplicicar,arras,4
Sylvains-Lès-Moulins,27240,1267,11.3,TransakAuto,Agence EVREUX,2
Jatxou,64480,1267,11.6,AgenceAuto,biarritz-bab,3
Joué-l'Abbé,72380,1267,14.1,TransakAuto,Agence LE MANS,1
Chermignac,17460,1265,5.7,TransakAuto,Agence SAINTES,1
Saint-Léon,31560,1265,10.7,TransakAuto,Agence VILLEFRANCHE-DE-LAURAGAIS,4
Châlonvillars,70400,1264,6.3,AgenceAuto,hericourt,3
Zoufftgen,57330,1264,7.0,TransakAuto,Agence THIONVILLE,2
Lauzach,56190,1264,11.1,Simplicicar,vannes,3
Muides-sur-Loire,41500,1264,15.2,TransakAuto,Agence BLOIS,1
Cambrin,62149,1263,11.3,TransakAuto,Agence BETHUNE,2
Saint Antoine l'Abbaye,38160,1263,16.4,TransakAuto,Agence ROMANS SUR ISERE,1
Russange,57390,1263,17.9,TransakAuto,Agence THIONVILLE,1
Montcresson,45700,1262,10.5,TransakAuto,Agence MONTARGIS,1
Aspach-le-Bas,68700,1262,11.0,AgenceAuto,mulhouse-sud,2
Moisselles,95570,1261,3.4,AgenceAuto,la-croix-verte,6
La Roche-Blanche,44522,1261,5.6,TransakAuto,Agence ANCENIS,1
Cornil,19150,1261,7.0,AgenceAuto,tulle,3
Thil,01120,1261,10.5,AgenceAuto,lyon-nord,9
Rieulay,59870,1261,14.7,TransakAuto,Agence VALENCIENNES,3
Poligné,35320,1261,15.8,Simplicicar,rennes,1
Jayat,01340,1261,18.9,TransakAuto,Agence BOURG-EN-BRESSE,2
Barbizon,77630,1261,19.3,TransakAuto,Agence LIEUSAINT,2
Salaunes,33160,1260,13.0,Simplicicar,merignac,3
Vénéjan,30200,1260,14.4,TransakAuto,Agence ORANGE,2
Lembras,24100,1259,4.7,TransakAuto,Agence BERGERAC,1
Hirtzfelden,68740,1259,14.6,AgenceAuto,mulhouse,1
Cély,77930,1259,17.9,TransakAuto,Agence LIEUSAINT,1
Triguères,45220,1259,17.9,TransakAuto,Agence MONTARGIS,1
Tillé,60000,1258,3.1,TransakAuto,Agence BEAUVAIS,2
Quintal,74600,1257,6.7,AgenceAuto,annecy,3
Toussieux,01600,1257,7.5,TransakAuto,Agence LYON EST,5
Saint-Lyé-la-Forêt,45170,1257,12.1,TransakAuto,Agence ORLEANS,2
Malafretaz,01340,1257,13.8,TransakAuto,Agence BOURG-EN-BRESSE,2
Ardin,79160,1257,17.8,TransakAuto,"Agence NAMUR, BELGIQUE",1
Lozinghem,62540,1256,6.7,TransakAuto,Agence BETHUNE,1
Paulhac,31380,1256,12.9,AgenceAuto,toulouse-nord,3
Lacourt-Saint-Pierre,82290,1255,4.7,TransakAuto,Agence MONTAUBAN,2
Méziré,90120,1255,9.5,AgenceAuto,montbeliard,4
Laquenexy,57530,1255,12.3,AgenceAuto,metz,1
Labastide-d'Anjou,11320,1255,14.4,TransakAuto,Agence VILLEFRANCHE-DE-LAURAGAIS,1
Kertzfeld,67230,1255,15.6,Simplicicar,strasbourg,2
Mirepeix,64800,1255,18.9,TransakAuto,Agence PAU,1
L'Albenc,38470,1255,19.0,TransakAuto,Agence GRENOBLE OUEST,1
Baldenheim,67600,1254,5.9,AgenceAuto,selestat,2
Fossé,41330,1254,6.5,TransakAuto,Agence BLOIS,1
Labastide-Beauvoir,31450,1254,8.9,TransakAuto,Agence VILLEFRANCHE-DE-LAURAGAIS,2
La Magdelaine-sur-Tarn,31340,1254,18.1,Simplicicar,toulouse-nord,4
Saint-Joseph-de-Rivière,38134,1254,18.1,AgenceAuto,grenoble,2
Rieux-de-Pelleport,09120,1253,3.1,Simplicicar,pamiers,1
Laveyron,26240,1253,11.9,TransakAuto,Agence DAVEZIEUX,1
Moissat,63190,1253,18.2,TransakAuto,Agence CLERMONT FERRAND SUD,1
Livet-et-Gavet,38220,1253,19.3,TransakAuto,Agence GRENOBLE OUEST,3
Saint-Quentin-la-Motte-Croix-au-Bailly,80880,1252,5.2,TransakAuto,"Agence MONS, BELGIQUE",1
Saint-Félix-Lauragais,31540,1252,17.7,TransakAuto,Agence VILLEFRANCHE-DE-LAURAGAIS,1
Cerelles,37390,1252,18.2,AgenceAuto,tours,2
Saint-Fiacre-sur-Maine,44690,1251,9.9,AgenceAuto,nantes-sud-est,2
Bégaar,40400,1251,19.4,TransakAuto,Agence DAX,2
Châtillon-sur-Cluses,74300,1250,3.2,TransakAuto,Agence SALLANCHES,2
Saint-Jean-de-Galaure,26240,1250,17.9,TransakAuto,Agence DAVEZIEUX,1
Sagy,71580,1249,9.1,AgenceAuto,louhans,2
Couville,50690,1249,10.0,TransakAuto,Agence CHERBOURG-EN-COTENTIN,1
Voutezac,19130,1249,16.4,TransakAuto,Agence BRIVE-LA-GAILLARDE,2
Férolles-Attilly,77150,1248,4.4,TransakAuto,Agence BRIE-COMTE-ROBERT,9
Sainte-Hélène-sur-Isère,73460,1248,6.9,TransakAuto,Agence ALBERTVILLE,1
Saint-Romain-au-Mont-d'Or,69270,1247,4.9,AgenceAuto,lyon-nord,9
Saint-Vulbas,01150,1247,8.6,TransakAuto,Agence ANTHON,3
Nuillé-sur-Vicoin,53970,1247,9.7,TransakAuto,Agence LAVAL,1
Perrigny,89000,1247,10.9,TransakAuto,Agence AUXERRE,1
Villegly,11600,1247,13.7,TransakAuto,Agence CARCASSONNE,2
Rauzan,33420,1247,15.8,TransakAuto,Agence LIBOURNE,1
Lormaison,60110,1247,18.3,Simplicicar,beauvais,1
Marsas,33620,1247,18.8,TransakAuto,Agence BORDEAUX RIVE DROITE,2
Saint-Bauzille-de-Montmel,34160,1246,12.0,AgenceAuto,montpellier-est,2
Saint-Lon-les-Mines,40300,1246,12.5,TransakAuto,Agence DAX,2
Saint-Pierre-d'Aurillac,33490,1246,13.2,TransakAuto,Agence LANGON,1
Poiroux,85440,1246,15.6,TransakAuto,Agence LA ROCHE SUR YON,2
Saint-Denis-de-Cabanne,42750,1246,17.8,TransakAuto,Agence ROANNE,1
Marsanne,26740,1246,19.8,TransakAuto,Agence MONTELIMAR,1
Roncherolles-sur-le-Vivier,76160,1245,5.5,TransakAuto,Agence ROUEN,2
La Vaupalière,76150,1245,8.5,TransakAuto,Agence ROUEN,2
Hières-sur-Amby,38118,1245,8.6,TransakAuto,Agence ANTHON,3
Trélévern,22660,1245,9.2,AgenceAuto,lannion,2
Ymare,76520,1245,9.9,TransakAuto,Agence ELBEUF,2
Deux Rivières,89460,1245,11.7,TransakAuto,Agence AUXERRE,1
Mesnil-Raoul,76520,1245,14.7,TransakAuto,Agence ROUEN,2
Dompierre-sur-Veyle,01240,1245,14.9,AgenceAuto,bourg-en-bresse,3
Agnin,38150,1245,15.7,TransakAuto,Agence DAVEZIEUX,1
Saint-Alexandre,30130,1245,17.2,TransakAuto,Agence BOLLENE,2
Hantay,59496,1244,12.7,AgenceAuto,lille-seclin,4
Souligné-sous-Ballon,72290,1244,17.0,TransakAuto,Agence LE MANS,1
Méjannes-lès-Alès,30340,1243,7.5,TransakAuto,Agence ALES,1
Chanu,61800,1243,9.3,TransakAuto,Agence FLERS,1
Busnes,62350,1243,11.9,TransakAuto,Agence BETHUNE,1
Montjoire,31380,1243,14.5,Simplicicar,toulouse-nord,4
Villepinte,11150,1243,19.0,TransakAuto,Agence CARCASSONNE,2
Festubert,62149,1242,12.4,TransakAuto,Agence BETHUNE,2
Montfort-en-Chalosse,40380,1242,15.5,TransakAuto,Agence DAX,2
Plougrescant,22820,1242,19.9,AgenceAuto,lannion,1
Bonrepos-sur-Aussonnelle,31470,1241,3.3,AgenceAuto,toulouse-fontenilles,2
Spéracèdes,06530,1241,4.5,TransakAuto,Agence GRASSE,3
Vineuil,36110,1241,12.2,TransakAuto,Agence CHATEAUROUX,2
Sainte-Marie-de-Gosse,40390,1241,15.7,TransakAuto,Agence CAPBRETON,1
Courcy,51220,1240,3.8,TransakAuto,Agence REIMS,2
Mazières-en-Mauges,49280,1240,10.4,TransakAuto,Agence CHOLET,1
Savigny-Lévescault,86800,1240,13.9,TransakAuto,Agence POITIERS,1
Saint-Pierre-de-Mons,33210,1240,14.2,TransakAuto,Agence LANGON,1
La Coucourde,26740,1240,16.6,TransakAuto,Agence MONTELIMAR,1
Opoul-Périllos,66600,1239,18.2,TransakAuto,Agence PERPIGNAN NORD SAINT ESTEVE,1
Bois-le-Roi,27220,1238,11.8,TransakAuto,Agence DREUX,1
Luriecq,42380,1238,18.8,Simplicicar,veauche,1
Villefranche-d'Allier,03430,1238,18.9,TransakAuto,Agence MONTLUCON,1
Mercus-Garrabet,09400,1238,19.7,Simplicicar,pamiers,1
Dingsheim,67370,1237,5.0,AgenceAuto,strasbourg-nord,3
Chuelles,45220,1237,14.6,TransakAuto,Agence MONTARGIS,1
Meilhan,40400,1237,17.3,TransakAuto,Agence MONT DE MARSAN,1
Salvagnac,81630,1237,19.9,AgenceAuto,montauban,1
Boulleville,27210,1236,16.8,TransakAuto,Agence DEAUVILLE,1
Veauchette,42340,1235,1.7,Simplicicar,moto-veauche,3
Kanfen,57330,1235,4.6,TransakAuto,Agence THIONVILLE,2
La Celle-sur-Morin,77515,1235,17.3,AgenceAuto,chessy,3
Saint-Paul,87260,1235,19.4,TransakAuto,Agence LIMOGES,2
Saint-Maixent-sur-Vie,85220,1234,11.5,TransakAuto,Agence CHALLANS,1
Grambois,84240,1234,12.2,TransakAuto,Agence PERTUIS,2
Ailly,27600,1234,15.0,Simplicicar,evreux,3
Blauzac,30700,1234,17.2,Simplicicar,nimes,3
Sonnay,38150,1234,18.0,TransakAuto,Agence VIENNE,1
La Ville-ès-Nonais,35430,1233,2.4,AgenceAuto,saint-malo,2
Villate,31860,1233,2.7,Simplicicar,toulouse-sud,5
L'Abergement-Sainte-Colombe,71370,1233,9.5,AgenceAuto,chalon-sur-saone,3
Colombier-Fontaine,25260,1232,7.4,TransakAuto,Agence MONTBELIARD,3
Port-de-Lanne,40300,1232,18.1,TransakAuto,Agence CAPBRETON,3
Vieille-Toulouse,31320,1230,5.5,Simplicicar,toulouse-sud,7
Saint-André-sur-Vieux-Jonc,01960,1229,6.7,AgenceAuto,bourg-en-bresse,2
Martinet,85150,1229,12.3,TransakAuto,Agence LA ROCHE SUR YON,1
Ploëzal,22260,1229,13.5,TransakAuto,Agence BEGARD,2
Looberghe,59630,1228,10.5,TransakAuto,Agence DUNKERQUE,4
Saint-Marcel-lès-Sauzet,26740,1228,12.6,TransakAuto,Agence MONTELIMAR,1
Les Gets,74260,1227,12.2,TransakAuto,Agence SALLANCHES,1
Jonzieux,42660,1227,16.2,TransakAuto,Agence SAINT ETIENNE,1
Saint-Parize-le-Châtel,58490,1227,16.2,AgenceAuto,nevers,1
Arbus,64230,1226,7.3,TransakAuto,Agence PAU,2
Dunes,82340,1226,9.8,TransakAuto,Agence AGEN,1
Treize-Vents,85590,1226,13.3,TransakAuto,Agence CHOLET,1
Blainville-Crevon,76116,1226,13.8,TransakAuto,Agence ROUEN,1
Grandris,69870,1226,19.3,TransakAuto,Agence VILLEFRANCHE SUR SAONE,1
Therdonne,60510,1225,3.0,Simplicicar,beauvais,2
Creuzier-le-Neuf,03300,1225,4.9,Simplicicar,vichy,1
Blamont,25310,1225,8.2,TransakAuto,Agence MONTBELIARD,2
Saint-Germain-Lespinasse,42640,1225,8.4,TransakAuto,Agence ROANNE,1
Avril,54150,1225,10.7,TransakAuto,Agence SAINT-DIZIER,2
Puimisson,34480,1225,14.5,TransakAuto,Agence BEZIERS,1
Niedernai,67210,1225,14.5,Simplicicar,strasbourg,1
Coudes,63114,1225,16.9,TransakAuto,Agence CLERMONT FERRAND SUD,1
Péroy-les-Gombries,60440,1224,10.5,TransakAuto,Agence DAMMARTIN EN GOELE,1
Villefranche-d'Albigeois,81430,1224,13.7,TransakAuto,Agence ALBI,1
Saint-Pierre-du-Vauvray,27430,1224,15.7,TransakAuto,Agence ELBEUF,1
Portieux,88330,1224,16.8,TransakAuto,Agence EPINAL,1
Auvers-Saint-Georges,91580,1223,6.2,TransakAuto,Agence ETAMPES,1
Sergines,89140,1223,16.0,TransakAuto,Agence SENS,1
Espoey,64420,1223,17.2,TransakAuto,Agence TARBES,1
Thorigné-d'Anjou,49220,1223,18.9,Simplicicar,angers,1
Oursbelille,65490,1222,8.1,TransakAuto,Agence TARBES,1
Oslon,71380,1220,2.1,AgenceAuto,chalon-sur-saone,2
Nieulle-sur-Seudre,17600,1220,10.7,Simplicicar,royan,1
Villers-les-Pots,21130,1220,18.0,AgenceAuto,dole,1
Saint-Aubin-sur-Scie,76550,1219,3.6,TransakAuto,Agence DIEPPE,1
Arsac-en-Velay,43700,1219,6.6,Simplicicar,puy-en-velay,1
Messy,77410,1219,10.7,AgenceAuto,chessy,5
Céreste-en-Luberon,04280,1219,16.3,TransakAuto,Agence MANOSQUE,1
Tacoignières,78910,1219,18.1,AgenceAuto,epone,2
Entrange,57330,1218,3.4,TransakAuto,Agence THIONVILLE,2
Warluis,60430,1218,4.7,Simplicicar,beauvais,2
Chaussan,69440,1218,11.6,Simplicicar,lyon-ouest,2
Baron,33750,1218,12.2,TransakAuto,Agence LIBOURNE,4
Lamagistère,82360,1218,13.4,TransakAuto,Agence AGEN,1
Saint-Florent-sur-Auzonnet,30960,1218,18.3,TransakAuto,Agence ALES,1
Silly-le-Long,60330,1217,3.3,TransakAuto,Agence DAMMARTIN EN GOELE,2
Le Bailleul,72200,1217,10.3,Simplicicar,la-fleche,1
Broût-Vernet,03110,1217,12.3,Simplicicar,vichy,1
Houtaud,25300,1216,3.2,Simplicicar,pontarlier,2
Griesheim-sur-Souffel,67370,1216,4.3,TransakAuto,Agence STRASBOURG NORD,3
Sahurs,76113,1216,9.5,TransakAuto,Agence ELBEUF,2
Grignols,33690,1216,14.0,TransakAuto,Agence LANGON,1
Widensolen,68320,1215,10.6,Simplicicar,colmar,1
Arthon,36330,1215,12.0,AgenceAuto,chateauroux,2
Dalhunden,67770,1215,18.9,TransakAuto,Agence HAGUENAU,1
Fontaine-au-Pire,59157,1214,10.6,TransakAuto,Agence CAMBRAI,1
Pont-de-Ruan,37260,1214,10.8,Simplicicar,tours,3
Oisy-le-Verger,62860,1213,11.9,TransakAuto,Agence CAMBRAI,2
Corbère-les-Cabanes,66130,1213,15.6,TransakAuto,Agence PERPIGNAN NORD SAINT ESTEVE,1
Saint-Avaugourd-des-Landes,85540,1213,15.9,TransakAuto,Agence LA ROCHE SUR YON,1
Couches,71490,1213,19.8,TransakAuto,Agence CHALON-SUR-SAONE,1
Droue-sur-Drouette,28230,1212,8.8,TransakAuto,Agence RAMBOUILLET,1
Boisset-lès-Montrond,42210,1212,8.9,Simplicicar,moto-veauche,2
Dracé,69220,1212,11.0,TransakAuto,Agence MACON,2
Yvetot-Bocage,50700,1212,17.3,TransakAuto,Agence CHERBOURG-EN-COTENTIN,1
Ponts sur Seulles,14480,1212,19.5,TransakAuto,Agence CAEN,1
Mercurey,71640,1211,7.7,TransakAuto,Agence CHALON-SUR-SAONE,2
Cogny,69640,1211,8.3,TransakAuto,Agence VILLEFRANCHE SUR SAONE,2
Serques,62910,1210,7.3,Simplicicar,saint-omer,1
Cheniménil,88460,1210,11.3,AgenceAuto,epinal,2
Mauves,07300,1210,14.8,Simplicicar,valence,2
Rolleville,76133,1209,7.1,TransakAuto,Agence LE HAVRE,1
Boussières,25320,1208,5.8,Simplicicar,caen,4
Valmondois,95760,1208,6.0,TransakAuto,Agence CERGY,6
Montrem,24110,1208,9.3,TransakAuto,Agence PERIGUEUX,1
Champanges,74500,1208,12.7,TransakAuto,Agence THONON-LES-BAINS,1
Lugos,33830,1208,17.2,TransakAuto,Agence ARCACHON,1
Castelnau-de-Guers,34120,1208,18.6,AgenceAuto,sete,2
Fontain,25660,1207,6.6,TransakAuto,Agence BESANCON,4
Étainhus,76430,1207,9.6,TransakAuto,Agence LE HAVRE,1
Gruson,59152,1207,9.7,AgenceAuto,wasquehal,6
Amfreville-Saint-Amand,27370,1207,13.2,TransakAuto,Agence ELBEUF,1
Fontenay-sur-Eure,28630,1206,3.4,TransakAuto,Agence CHARTRES,1
Boissise-la-Bertrand,77350,1206,9.9,TransakAuto,Agence LIEUSAINT,2
Saint-Romain-en-Jarez,42800,1206,15.4,TransakAuto,Agence SAINT ETIENNE,1
Bernwiller,68210,1205,8.9,AgenceAuto,mulhouse-sud,2
Sacquenville,27930,1205,10.2,Simplicicar,evreux,2
Ambleny,02290,1205,13.6,Simplicicar,soissons,1
Saint-Usuge,71500,1204,6.5,AgenceAuto,louhans,1
Courlaoux,39570,1204,6.6,AgenceAuto,lons-le-saunier,3
Ardon,45160,1203,11.2,Simplicicar,orleans,3
Wavrans-sur-l'Aa,62380,1203,11.3,Simplicicar,saint-omer,1
Illtal,68960,1203,17.3,AgenceAuto,saint-louis,3
Bischwihr,68320,1202,5.1,Simplicicar,colmar,2
Preignan,32810,1202,7.8,TransakAuto,Agence AUCH,1
Le Tronchet,35540,1202,10.3,AgenceAuto,saint-malo,2
Raon-aux-Bois,88220,1202,12.7,AgenceAuto,epinal,2
La Bridoire,73520,1202,13.8,Simplicicar,aix-les-bains,2
Lasalle,30460,1202,17.6,TransakAuto,Agence ALES,1
Bioule,82800,1201,3.3,AgenceAuto,montauban,1
Tonquédec,22140,1201,6.7,TransakAuto,Agence BEGARD,2
Sevrey,71100,1201,6.8,TransakAuto,Agence CHALON-SUR-SAONE,2
Vaux-en-Bugey,01150,1201,12.5,Simplicicar,meximieux,1
Breuilpont,27640,1201,14.9,Simplicicar,vernon,3
Bogève,74250,1200,12.2,TransakAuto,Agence THONON-LES-BAINS,5
Fresnes,41700,1200,18.9,TransakAuto,Agence BLOIS,1
Fortschwihr,68320,1198,7.0,Simplicicar,colmar,1
Moirax,47310,1197,5.0,TransakAuto,Agence AGEN,1
Ségoufielle,32600,1197,8.8,AgenceAuto,toulouse-fontenilles,2
Les Granges-le-Roi,91410,1197,11.1,TransakAuto,Agence ETAMPES,2
Villers-Pol,59530,1197,11.3,AgenceAuto,valenciennes,2
Lagraulière,19700,1197,15.9,AgenceAuto,tulle,1
Beuzeville-la-Grenier,76210,1197,18.1,TransakAuto,Agence LE HAVRE,1
Pérouse,90160,1196,3.7,AgenceAuto,belfort,3
Hallines,62570,1196,5.4,Simplicicar,saint-omer,1
Nouvion,80860,1196,10.2,TransakAuto,Agence ABBEVILLE,1
Mécleuves,57245,1196,12.1,AgenceAuto,metz,2
Montceaux,01090,1196,12.7,TransakAuto,Agence VILLEFRANCHE SUR SAONE,2
Chanos-Curson,26600,1196,14.5,TransakAuto,Agence ROMANS SUR ISERE,2
Villeneuve-les-Sablons,60175,1196,18.8,TransakAuto,Agence CERGY,1
Curis-au-Mont-d'Or,69250,1195,2.6,Simplicicar,lyon-nord,9
Terssac,81150,1195,7.1,TransakAuto,Agence ALBI,1
Saint-Germain-sur-Avre,27320,1195,7.1,TransakAuto,Agence DREUX,1
Hauteville-lès-Dijon,21121,1195,7.3,AgenceAuto,dijon,3
Grésy-sur-Isère,73460,1195,11.4,TransakAuto,Agence ALBERTVILLE,1
Wihr-au-Val,68230,1195,15.6,Simplicicar,colmar,1
Mazerolles,64230,1194,11.8,Simplicicar,pau,2
Courcelles-sur-Nied,57530,1194,13.4,AgenceAuto,metz,2
Saint-Eustache-la-Forêt,76210,1194,18.5,TransakAuto,Agence LE HAVRE,1
Fèves,57280,1193,7.8,TransakAuto,Agence SAINT-DIZIER,2
Louvigné,53210,1193,13.5,TransakAuto,Agence LAVAL,1
Andance,07340,1192,8.6,TransakAuto,Agence DAVEZIEUX,1
Lavoux,86800,1192,16.5,TransakAuto,Agence POITIERS,1
Cagny,80330,1191,7.6,AgenceAuto,amiens,2
Le Sappey-en-Chartreuse,38700,1191,8.1,AgenceAuto,grenoble,3
Les Authieux-sur-le-Port-Saint-Ouen,76520,1190,7.3,TransakAuto,Agence ELBEUF,2
Orsan,30200,1190,12.9,TransakAuto,Agence ORANGE,1
Wolfgantzen,68600,1190,13.6,Simplicicar,colmar,1
Chépy,80210,1190,15.3,TransakAuto,Agence ABBEVILLE,2
Blaincourt-lès-Précy,60460,1189,8.5,Simplicicar,st-maximin,4
Port-d'Envaux,17350,1188,8.3,TransakAuto,Agence SAINTES,1
Cognac-la-Forêt,87310,1188,18.3,AgenceAuto,limoges,1
Tourville-sur-Arques,76550,1187,6.4,TransakAuto,Agence DIEPPE,1
Coutevroult,77580,1187,6.5,AgenceAuto,chessy,4
Saint-Agnin-sur-Bion,38300,1187,7.2,TransakAuto,Agence BOURGOIN-JAILLEU,1
Peyriac-de-Mer,11440,1187,8.2,TransakAuto,Agence NARBONNE,2
Sains-en-Amiénois,80680,1187,8.8,AgenceAuto,amiens,2
Chailland,53420,1187,18.5,TransakAuto,Agence LAVAL,1
Brières-les-Scellés,91150,1186,1.3,TransakAuto,Agence ETAMPES,1
Nieul-lès-Saintes,17810,1186,6.3,TransakAuto,Agence SAINTES,1
Hauterive,03270,1186,7.1,Simplicicar,vichy,1
Domblans,39210,1186,10.2,TransakAuto,Agence LONS LE SAUNIER,2
Saint-Christophe-Vallon,12330,1186,19.8,AgenceAuto,rodez,1
Bonneuil-en-France,95500,1185,9.2,TransakAuto,Agence ENGHIEN-LES-BAINS,9
Herm,40990,1185,10.0,AgenceAuto,dax,2
Antonne-et-Trigonant,24420,1185,13.5,TransakAuto,Agence PERIGUEUX,1
Marlieux,01240,1185,18.5,AgenceAuto,bourg-en-bresse,2
Chaux,90330,1184,11.5,AgenceAuto,belfort,2
Cernex,74350,1184,13.9,TransakAuto,Agence ANNECY,5
Salignac-Eyvigues,24590,1184,14.0,TransakAuto,Agence SARLAT,1
Périssac,33240,1184,14.8,TransakAuto,Agence LIBOURNE,3
Bellefont-La Rauze,46090,1183,7.0,TransakAuto,Agence CAHORS,1
Cénac-et-Saint-Julien,24250,1183,8.6,TransakAuto,Agence SARLAT,1
Courzieu,69690,1183,14.5,TransakAuto,Agence CALUIRE-ET-CUIRE,3
Courlon-sur-Yonne,89140,1183,17.5,TransakAuto,Agence SENS,1
Joze,63350,1183,19.7,TransakAuto,Agence CLERMONT FERRAND SUD,1
Arlay,39140,1182,10.3,AgenceAuto,lons-le-saunier,2
Cheix-en-Retz,44640,1182,12.5,TransakAuto,Agence NANTES NORD,1
Sisco,20233,1182,17.0,TransakAuto,Agence BASTIA,1
Sérignac-sur-Garonne,47310,1182,17.4,TransakAuto,Agence AGEN,1
Thusy,74150,1181,8.4,TransakAuto,Agence ANNECY,3
Henvic,29670,1181,8.9,TransakAuto,Agence MORLAIX,1
Saint-Sauveur-d'Émalleville,76110,1181,13.3,TransakAuto,Agence LE HAVRE,1
Aulnay-sur-Mauldre,78126,1180,4.5,AgenceAuto,epone,4
Saint-Jean-de-Tholome,74250,1180,5.1,Simplicicar,genevois,4
Rignieux-le-Franc,01800,1180,5.9,Simplicicar,meximieux,1
Andel,22400,1180,6.2,TransakAuto,Agence LAMBALLE,3
Montreux-Château,90130,1180,10.1,AgenceAuto,belfort,3
Cormoranche-sur-Saône,01290,1179,3.4,TransakAuto,Agence MACON,1
Vacqueyras,84190,1179,12.3,TransakAuto,Agence ORANGE,1
Saint-Offenge,73100,1179,15.1,TransakAuto,Agence CHAMBERY,2
Montagnieu,38110,1179,16.7,TransakAuto,Agence BOURGOIN-JAILLEU,1
Muespach-le-Haut,68640,1178,10.0,TransakAuto,Agence SAINT-LOUIS,2
Sammeron,77260,1178,15.8,TransakAuto,Agence MEAUX,1
Gouvernes,77400,1177,5.5,TransakAuto,Agence CHELLES,8
Gourdan-Polignan,31210,1177,8.4,Simplicicar,https://www.simplicicar.com/content/170-oncession-st-gaudens,1
Longecourt-en-Plaine,21110,1177,13.7,TransakAuto,Agence DIJON,3
Locunolé,29310,1177,16.8,Simplicicar,lorient,1
Normanville,27930,1176,5.4,Simplicicar,evreux,2
Thorey-en-Plaine,21110,1176,11.5,TransakAuto,Agence DIJON,3
Armentières-en-Brie,77440,1176,11.7,TransakAuto,Agence MEAUX,1
Niederhergheim,68127,1176,14.5,Simplicicar,colmar,1
Jegun,32360,1176,17.5,TransakAuto,Agence AUCH,1
Bailleau-l'Évêque,28300,1175,8.2,TransakAuto,Agence CHARTRES,1
Simard,71330,1175,10.0,AgenceAuto,louhans,1
Langoat,22450,1175,10.2,TransakAuto,Agence BEGARD,2
Paillet,33550,1175,14.9,TransakAuto,Agence CADAUJAC,1
Ville-sous-Anjou,38150,1175,16.6,TransakAuto,Agence VIENNE,3
Les Billaux,33500,1174,6.0,TransakAuto,Agence LIBOURNE,1
Aubiac,47310,1174,7.8,TransakAuto,Agence AGEN,1
Arzens,11290,1174,8.4,TransakAuto,Agence CARCASSONNE,2
Dargnies,80570,1174,10.8,TransakAuto,"Agence MONS, BELGIQUE",1
Saint-Aubin-en-Bray,60650,1174,15.5,TransakAuto,Agence BEAUVAIS,3
Longeault-Pluvault,21110,1174,16.5,TransakAuto,Agence DIJON,2
Soisy-sur-École,91840,1174,17.0,TransakAuto,Agence LIEUSAINT,1
Chaufour-Notre-Dame,72550,1173,9.3,TransakAuto,Agence LE MANS,1
Saint-Aubin-Celloville,76520,1173,11.2,TransakAuto,Agence ELBEUF,2
Raedersheim,68190,1173,13.8,AgenceAuto,mulhouse,2
Luc-sur-Orbieu,11200,1173,15.4,TransakAuto,Agence NARBONNE,2
Toussus-le-Noble,78117,1172,7.2,AgenceAuto,viroflay,8
Montricoux,82800,1172,8.0,AgenceAuto,montauban,1
Saint-Germain-le-Fouilloux,53240,1172,8.4,TransakAuto,Agence LAVAL,1
Kogenheim,67230,1172,9.1,AgenceAuto,selestat,1
Saint-Omer-en-Chaussée,60860,1172,12.9,TransakAuto,Agence BEAUVAIS,2
Corrèze,19800,1171,15.4,AgenceAuto,tulle,1
Oulins,28260,1171,16.1,TransakAuto,Agence DREUX,2
Longchamp,21110,1171,16.2,TransakAuto,Agence DIJON,3
Saint-Léger-sur-Roanne,42155,1170,3.9,TransakAuto,Agence ROANNE,1
Moulle,62910,1170,8.7,Simplicicar,saint-omer,1
Voisenon,77950,1170,9.2,TransakAuto,Agence LIEUSAINT,3
Rontalon,69510,1170,11.9,Simplicicar,lyon-ouest,2
Nointel,60840,1170,15.1,AgenceAuto,senlis,3
Languenan,22130,1170,16.4,AgenceAuto,saint-malo,2
Berneuil,17460,1169,10.3,TransakAuto,Agence SAINTES,1
Vaux-en-Beaujolais,69460,1169,10.7,TransakAuto,Agence VILLEFRANCHE SUR SAONE,1
Cappelle-Brouck,59630,1169,14.9,TransakAuto,Agence DUNKERQUE,3
Berry-Bouy,18500,1168,6.0,TransakAuto,Agence BOURGES,1
Noizay,37210,1168,15.2,AgenceAuto,tours,2
Germond-Rouvre,79220,1167,8.6,TransakAuto,"Agence NAMUR, BELGIQUE",2
Sendets,64320,1167,11.4,Simplicicar,pau,2
Arbusigny,74930,1167,12.5,TransakAuto,Agence ANNEMASSE,4
Saint-Carné,22100,1167,18.6,AgenceAuto,saint-malo,1
Sarbazan,40120,1167,18.7,TransakAuto,Agence MONT DE MARSAN,1
Toulon-sur-Allier,03400,1166,5.2,TransakAuto,Agence MOULINS,1
Ablon,14600,1166,14.0,TransakAuto,Agence LE HAVRE,2
Tresserre,66300,1166,14.1,Simplicicar,perpignan,2
Allériot,71380,1165,3.0,AgenceAuto,chalon-sur-saone,2
Vaux,03190,1165,7.0,TransakAuto,Agence MONTLUCON,1
Villevocance,07690,1165,8.4,TransakAuto,Agence DAVEZIEUX,1
Salins,77148,1165,15.0,TransakAuto,Agence FONTAINEBLEAU,1
Cressensac-Sarrazac,46600,1165,17.5,TransakAuto,Agence BRIVE-LA-GAILLARDE,2
Ohnenheim,67390,1164,9.6,AgenceAuto,selestat,2
Saint-Romain-d'Ay,07290,1164,10.1,TransakAuto,Agence DAVEZIEUX,1
Saint-Saturnin,63450,1164,10.7,TransakAuto,Agence CLERMONT FERRAND SUD,1
Killem,59122,1164,13.0,Simplicicar,dunkerque,3
Prunay-le-Gillon,28360,1164,14.7,TransakAuto,Agence CHARTRES,1
Saint-Vérand,69620,1164,17.0,TransakAuto,Agence VILLEFRANCHE SUR SAONE,2
Mignières,28630,1163,7.1,TransakAuto,Agence CHARTRES,1
Ponchon,60430,1163,9.4,Simplicicar,beauvais,2
Saint-Nizier-du-Moucherotte,38250,1162,5.6,TransakAuto,Agence GRENOBLE OUEST,1
Ornaisons,11200,1161,11.5,TransakAuto,Agence NARBONNE,2
Saint-Maurice-sur-Fessard,45700,1161,11.7,TransakAuto,Agence MONTARGIS,1
Fromelles,59249,1161,14.3,AgenceAuto,lille-seclin,5
Éveux,69210,1160,7.2,TransakAuto,Agence CALUIRE-ET-CUIRE,4
Fraisans,39700,1160,9.0,Simplicicar,besancon,3
Villiers-Saint-Georges,77560,1160,13.1,TransakAuto,Agence PROVINS,1
Malauzat,63200,1160,13.3,TransakAuto,Agence CLERMONT FERRAND SUD,1
Hoffen,67250,1160,17.7,TransakAuto,Agence HAGUENAU,1
Saint-Aubin-des-Bois,28300,1159,9.5,TransakAuto,Agence CHARTRES,1
Neuvy-Pailloux,36100,1159,16.1,TransakAuto,Agence CHATEAUROUX,2
Pancé,35320,1159,18.2,Simplicicar,rennes,1
Clairvaux-d'Aveyron,12330,1158,15.1,AgenceAuto,rodez,3
Boust,57570,1157,4.2,TransakAuto,Agence THIONVILLE,2
Étreillers,02590,1157,8.3,AgenceAuto,saint-quentin,2
Bourlon,62860,1156,8.1,TransakAuto,Agence CAMBRAI,1
Le Girouard,85150,1156,10.0,TransakAuto,Agence LA ROCHE SUR YON,2
Trans-sur-Erdre,44440,1156,16.1,TransakAuto,Agence ANCENIS,1
Serrières-en-Chautagne,73310,1156,18.7,TransakAuto,Agence ANNECY,3
Challes,72250,1156,18.8,TransakAuto,Agence LE MANS,1
Hauteville-sur-Fier,74150,1155,7.8,TransakAuto,Agence ANNECY,3
Pulligny,54160,1155,8.5,TransakAuto,Agence NANCY,3
Laizé,71870,1155,14.5,TransakAuto,Agence MACON,1
Mary-sur-Marne,77440,1155,14.8,TransakAuto,Agence MEAUX,1
Coulombiers,86600,1155,15.0,TransakAuto,Agence POITIERS,1
Clérey,10390,1155,16.7,AgenceAuto,troyes,2
Sceaux-d'Anjou,49330,1155,17.9,TransakAuto,Agence ANGERS,3
Pont-Saint-Pierre,27360,1155,18.3,TransakAuto,Agence ELBEUF,2
Chamboulive,19450,1155,19.9,AgenceAuto,tulle,1
Anthon,38280,1154,3.0,TransakAuto,Agence ANTHON,4
Villeneuve-de-Marc,38440,1154,16.0,TransakAuto,Agence VIENNE,2
Baron-sur-Odon,14210,1154,16.3,TransakAuto,Agence CAEN,1
Guermantes,77600,1153,4.8,AgenceAuto,chessy,8
Les Ageux,60700,1153,6.5,AgenceAuto,senlis,5
Allouville-Bellefosse,76190,1153,9.2,TransakAuto,Agence YVETOT,2
Saint-Germain-les-Vergnes,19330,1153,10.9,Simplicicar,brive,3
Saint-Vigor-d'Ymonville,76430,1153,11.5,TransakAuto,Agence LE HAVRE,1
Saint-Dyé-sur-Loire,41500,1153,12.0,TransakAuto,Agence BLOIS,1
Jussy,02480,1153,13.8,AgenceAuto,saint-quentin,2
Anneville-Ambourville,76480,1153,15.6,TransakAuto,Agence ROUEN,2
Tourville-sur-Odon,14210,1153,16.9,TransakAuto,Agence CAEN,1
Saint-Broladre,35120,1153,19.4,AgenceAuto,saint-malo,1
Mouleydier,24520,1152,5.2,TransakAuto,Agence BERGERAC,1
Machilly,74140,1152,7.3,AgenceAuto,annemasse,4
Savigny-en-Revermont,71580,1152,11.9,AgenceAuto,lons-le-saunier,3
Saint-Sorlin-en-Bugey,01150,1152,13.2,Simplicicar,meximieux,2
Malintrat,63510,1151,8.8,TransakAuto,Agence CLERMONT FERRAND SUD,1
Villers-en-Cauchies,59188,1151,12.3,TransakAuto,Agence CAMBRAI,3
Lussac,33570,1151,12.6,TransakAuto,Agence LIBOURNE,1
La Selle-sur-le-Bied,45210,1151,12.9,TransakAuto,Agence MONTARGIS,1
Régnié-Durette,69430,1151,15.6,TransakAuto,Agence MACON,2
Lanquetot,76210,1151,18.5,TransakAuto,Agence YVETOT,1
La Madeleine-de-Nonancourt,27320,1150,10.6,TransakAuto,Agence DREUX,1
Chevrières,42140,1150,10.7,Simplicicar,moto-veauche,3
Saint-Martin-des-Tilleuls,85130,1150,11.9,TransakAuto,Agence CHOLET,1
Razès,87640,1150,18.6,TransakAuto,Agence LIMOGES,1
Norroy-lès-Pont-à-Mousson,54700,1149,7.7,TransakAuto,Agence METZ,1
La Vicomté-sur-Rance,22690,1149,9.5,AgenceAuto,saint-malo,2
Caumont,27310,1149,11.6,TransakAuto,Agence ELBEUF,2
Vendémian,34230,1149,15.0,TransakAuto,Agence SETE,1
Ban-de-Laveline,88520,1148,8.4,AgenceAuto,saint-die-des-vosges,1
Escatalens,82700,1148,11.1,TransakAuto,Agence MONTAUBAN,2
Ô-de-Selle,80160,1148,11.6,AgenceAuto,amiens,1
Tesson,17460,1148,12.1,TransakAuto,Agence SAINTES,1
Saint-Eusèbe,71210,1147,8.5,AgenceAuto,montceau-les-mines,1
Servins,62530,1147,10.3,TransakAuto,Agence BETHUNE,4
Boulay-les-Barres,45140,1147,12.2,Simplicicar,orleans,2
Saint-Jean-Saint-Maurice-sur-Loire,42155,1147,12.4,TransakAuto,Agence ROANNE,1
Cambronne-lès-Clermont,60290,1146,10.6,Simplicicar,st-maximin,3
La Balme-les-Grottes,38390,1146,11.4,Simplicicar,meximieux,3
Thérouanne,62129,1146,12.3,Simplicicar,saint-omer,1
Châtenoy-en-Bresse,71380,1144,0.7,AgenceAuto,chalon-sur-saone,2
Taillecourt,25400,1144,2.8,AgenceAuto,montbeliard,4
La Garde-Adhémar,26700,1144,3.4,TransakAuto,Agence BOLLENE,2
Plouvara,22170,1144,13.7,AgenceAuto,saint-brieuc,2
Virignin,01300,1144,19.5,TransakAuto,Agence CHAMBERY,2
Bressolles,03000,1143,4.5,TransakAuto,Agence MOULINS,1
Saint-Jean-sur-Veyle,01290,1143,10.4,TransakAuto,Agence MACON,1
Aubigny-au-Bac,59265,1143,11.2,TransakAuto,Agence CAMBRAI,2
Barbières,26300,1143,13.5,TransakAuto,Agence ROMANS SUR ISERE,3
Villandry,37510,1143,16.8,TransakAuto,Agence TOURS SUD,3
Sibiril,29250,1143,19.3,TransakAuto,Agence MORLAIX,1
Uffheim,68510,1142,10.2,AgenceAuto,saint-louis,4
Nomeny,54610,1142,11.0,TransakAuto,Agence METZ,1
Montmacq,60150,1142,12.9,TransakAuto,Agence COMPIEGNE,2
Allogny,18110,1142,13.3,TransakAuto,Agence BOURGES,1
Saint-Victor-sur-Rhins,42630,1141,18.9,TransakAuto,Agence ROANNE,1
Saint-Julien-Molin-Molette,42220,1140,9.0,TransakAuto,Agence DAVEZIEUX,1
Plouëc-du-Trieux,22260,1140,10.4,TransakAuto,Agence BEGARD,1
La Valla-en-Gier,42131,1140,11.2,TransakAuto,Agence SAINT ETIENNE,1
Châteauneuf,85710,1140,11.3,TransakAuto,Agence CHALLANS,1
Tour-en-Sologne,41250,1140,13.6,TransakAuto,Agence BLOIS,1
Nézel,78410,1139,3.3,AgenceAuto,epone,6
Lavault-Sainte-Anne,03100,1139,5.9,TransakAuto,Agence MONTLUCON,1
Donneville,31450,1139,9.1,AgenceAuto,toulouse-sud-est-labege,6
Alex,74290,1139,11.4,AgenceAuto,annecy,3
Vaudricourt,62131,1138,2.9,TransakAuto,Agence BETHUNE,2
Ouches,42155,1138,6.9,TransakAuto,Agence ROANNE,1
Aspach,68130,1138,11.4,AgenceAuto,mulhouse-sud,2
Vigny,95450,1137,8.5,AgenceAuto,cergy-pontoise,5
Fleuré,86340,1137,19.7,TransakAuto,Agence POITIERS,1
Thil,31530,1136,14.7,TransakAuto,Agence TOULOUSE OUEST,3
Aslonnes,86340,1136,14.7,TransakAuto,Agence POITIERS,1
Sérézin-de-la-Tour,38300,1135,7.9,TransakAuto,Agence BOURGOIN-JAILLEU,1
Senozan,71260,1135,17.0,TransakAuto,Agence MACON,1
Espeluche,26780,1134,6.0,TransakAuto,Agence MONTELIMAR,2
Estrées,59151,1134,8.4,TransakAuto,Agence DOUAI,4
Caudrot,33490,1134,10.1,TransakAuto,Agence LANGON,1
Noiron-sous-Gevrey,21910,1134,14.4,TransakAuto,Agence DIJON,3
Aubiet,32270,1134,14.8,TransakAuto,Agence AUCH,1
Les Eyzies,24260,1134,17.8,TransakAuto,Agence SARLAT,1
Igney,88150,1133,8.9,TransakAuto,Agence EPINAL,2
Coat-Méal,29870,1133,10.6,TransakAuto,Agence BREST,3
Cocumont,47250,1133,10.9,TransakAuto,Agence LANGON,1
Solgne,57420,1133,13.7,TransakAuto,Agence METZ,1
Herbault,41190,1133,14.6,TransakAuto,Agence BLOIS,1
Villematier,31340,1133,15.8,TransakAuto,Agence FRONTON,2
Chitenay,41120,1132,12.7,TransakAuto,Agence BLOIS,1
Labastide-du-Temple,82100,1132,14.3,TransakAuto,Agence MONTAUBAN,1
Les Villards-sur-Thônes,74230,1132,17.9,Simplicicar,genevois,1
Saint-Symphorien-d'Ancelles,71570,1131,6.8,TransakAuto,Agence MACON,1
Oinville-sur-Montcient,78250,1131,7.3,AgenceAuto,epone,6
Cercié,69220,1131,13.5,TransakAuto,Agence VILLEFRANCHE SUR SAONE,2
Billy-sur-Aisne,02200,1130,2.2,Simplicicar,soissons,1
Fronsac,33126,1130,4.4,TransakAuto,Agence LIBOURNE,3
Ver-sur-Launette,60950,1130,5.5,TransakAuto,Agence DAMMARTIN EN GOELE,2
Auménancourt,51110,1130,10.6,TransakAuto,Agence REIMS,2
Beaumont-de-Pertuis,84120,1130,10.9,TransakAuto,Agence MANOSQUE,2
Chérac,17610,1130,17.2,TransakAuto,Agence SAINTES,1
Isles-lès-Villenoy,77450,1129,3.9,TransakAuto,Agence MEAUX,3
Notre-Dame-de-Mésage,38220,1129,13.6,TransakAuto,Agence GRENOBLE OUEST,1
Cairanne,84290,1129,14.3,TransakAuto,Agence ORANGE,1
Druillat,01160,1129,16.6,AgenceAuto,bourg-en-bresse,3
Brenthonne,74890,1128,4.0,TransakAuto,Agence THONON-LES-BAINS,3
Saint-Clément-des-Levées,49350,1128,14.3,TransakAuto,Agence SAUMUR,1
L'Étoile,80830,1128,16.5,TransakAuto,Agence AMIENS,2
Palluau,85670,1128,18.3,TransakAuto,Agence CHALLANS,2
Férolles,45150,1127,1.6,TransakAuto,Agence VIERZON,2
Caudecoste,47220,1127,7.2,TransakAuto,Agence AGEN,1
Poses,27740,1127,14.6,TransakAuto,Agence ELBEUF,1
Villeperdue,37260,1126,9.1,Simplicicar,tours,3
Pomeys,69590,1126,16.0,Simplicicar,moto-veauche,2
Chuisnes,28190,1126,19.9,TransakAuto,Agence CHARTRES,1
Wargnies-le-Grand,59144,1125,13.2,AgenceAuto,valenciennes,2
Saint-Sauveur-sur-École,77930,1125,13.3,TransakAuto,Agence LIEUSAINT,1
Catenoy,60840,1125,14.4,AgenceAuto,senlis,5
Laval-Pradel,30110,1125,15.1,TransakAuto,Agence ALES,1
Bourg-Saint-Bernard,31570,1125,15.7,AgenceAuto,toulouse-nord,3
Roulans,25640,1125,18.3,TransakAuto,Agence BESANCON,1
Louey,65290,1124,4.7,TransakAuto,Agence TARBES,1
Delettes,62129,1124,13.5,Simplicicar,saint-omer,1
Virelade,33720,1124,14.0,TransakAuto,Agence CADAUJAC,1
Angy,60250,1124,14.4,TransakAuto,Agence SAINT MAXIMIN,3
Effiat,63260,1124,16.3,Simplicicar,vichy,1
La Chapelle-Palluau,85670,1124,17.3,TransakAuto,Agence LA ROCHE SUR YON,2
Sivry-Courtry,77115,1124,17.4,TransakAuto,Agence LIEUSAINT,2
La Chaize-Giraud,85220,1124,18.1,TransakAuto,Agence LES SABLES D&rsquo;OLONNE,1
Vert-en-Drouais,28500,1123,4.5,TransakAuto,Agence DREUX,1
Rainneville,80260,1123,9.9,TransakAuto,Agence AMIENS,2
Vendegies-sur-Écaillon,59213,1123,10.1,AgenceAuto,valenciennes,2
Plerneuf,22170,1123,10.5,AgenceAuto,saint-brieuc,2
Rivière,62173,1123,10.6,TransakAuto,Agence ARRAS,2
Lonlay-l'Abbaye,61700,1123,16.6,TransakAuto,Agence FLERS,1
Senouillac,81600,1123,16.7,TransakAuto,Agence ALBI,1
Mercuès,46090,1122,3.7,TransakAuto,Agence CAHORS,1
Habère-Lullin,74420,1122,8.3,TransakAuto,Agence THONON-LES-BAINS,4
Vaudelnay,49260,1122,12.4,TransakAuto,Agence SAUMUR,1
Rodelle,12340,1122,12.9,AgenceAuto,rodez,3
Chançay,37210,1122,16.2,AgenceAuto,tours,2
Favars,19330,1121,7.6,AgenceAuto,tulle,3
Incheville,76117,1121,10.4,TransakAuto,"Agence MONS, BELGIQUE",1
Stotzheim,67140,1121,12.7,AgenceAuto,selestat,2
Kédange-sur-Canner,57920,1121,14.8,TransakAuto,"Agence BRUXELLES, BELGIQUE",2
La Brillanne,04700,1121,15.2,TransakAuto,Agence MANOSQUE,1
Eulmont,54690,1120,12.1,Simplicicar,nancy,3
Gorze,57680,1120,15.4,TransakAuto,Agence SAINT-DIZIER,3
Saint-Sardos,82600,1120,15.8,TransakAuto,Agence FRONTON,2
Thiaucourt-Regniéville,54470,1120,16.0,TransakAuto,Agence METZ,1
Saint-Piat,28130,1120,16.5,TransakAuto,Agence CHARTRES,2
Thivars,28630,1119,5.1,TransakAuto,Agence CHARTRES,1
Estivareilles,03190,1119,7.3,TransakAuto,Agence MONTLUCON,1
Les Artigues-de-Lussac,33570,1119,9.6,TransakAuto,Agence LIBOURNE,1
Quéménéven,29180,1119,15.4,TransakAuto,Agence QUIMPER,2
Saint-Aubin-d'Arquenay,14970,1118,7.6,TransakAuto,Agence CAEN,1
Marcilly-la-Campagne,27320,1118,14.6,TransakAuto,Agence DREUX,2
Passa,66300,1118,16.0,Simplicicar,perpignan,2
Quemper-Guézennec,22260,1118,17.5,TransakAuto,Agence BEGARD,1
Entrecasteaux,83570,1118,20.0,TransakAuto,Agence BRIGNOLES,1
Gauciel,27930,1117,4.8,Simplicicar,evreux,3
Teillay,35620,1117,14.9,TransakAuto,Agence CHATEAUBRIANT,1
Le Sel-de-Bretagne,35320,1117,18.7,Simplicicar,rennes,1
Auzebosc,76190,1116,4.4,TransakAuto,Agence YVETOT,2
Laversines,60510,1116,5.8,Simplicicar,beauvais,2
Agen-d'Aveyron,12630,1116,7.4,TransakAuto,Agence RODEZ,3
Houlle,62910,1116,9.7,Simplicicar,saint-omer,1
Chaudenay,71150,1116,13.1,Simplicicar,beaune,3
Saint-Menoux,03210,1116,15.3,TransakAuto,Agence MOULINS,1
Présilly,74160,1116,16.7,TransakAuto,Agence ANNECY,5
Saint-Nicolas-de-Bourgueil,37140,1116,19.7,TransakAuto,Agence SAUMUR,1
Jenlain,59144,1115,11.1,AgenceAuto,valenciennes,2
Menthonnex-en-Bornes,74350,1115,15.3,Simplicicar,genevois,6
Lepuix,90200,1115,19.6,AgenceAuto,belfort,1
Moineville,54580,1114,3.4,TransakAuto,Agence SAINT-DIZIER,2
Sainte-Gemme-Moronval,28500,1114,5.1,TransakAuto,Agence DREUX,1
Lamothe-Landerron,33190,1114,8.5,TransakAuto,Agence LANGON,1
La Chapelle-de-Brain,35660,1114,9.4,TransakAuto,Agence REDON,1
Bonnefamille,38090,1114,12.3,TransakAuto,Agence BOURGOIN-JAILLEU,6
Archettes,88380,1113,8.3,AgenceAuto,epinal,2
Morvillars,90120,1113,9.8,AgenceAuto,belfort,4
Gumbrechtshoffen,67110,1113,12.4,TransakAuto,Agence HAGUENAU,1
Le Gué-d'Alleré,17540,1113,14.8,TransakAuto,Agence LA ROCHELLE / AYTRE,1
Kermaria-Sulard,22450,1112,6.8,AgenceAuto,lannion,2
Talencieux,07340,1112,7.4,TransakAuto,Agence DAVEZIEUX,1
Algolsheim,68600,1112,18.4,Simplicicar,colmar,1
Mussig,67600,1111,6.5,AgenceAuto,selestat,2
Servaville-Salmonville,76116,1111,12.0,TransakAuto,Agence ROUEN,1
Montcel,73100,1111,13.9,TransakAuto,Agence CHAMBERY,2
Sainte-Solange,18220,1111,14.0,TransakAuto,Agence BOURGES,1
Poliénas,38210,1111,18.3,TransakAuto,Agence GRENOBLE OUEST,1
Doncourt-lès-Conflans,54800,1110,7.5,TransakAuto,Agence SAINT-DIZIER,2
Montagny,42840,1110,14.1,TransakAuto,Agence ROANNE,1
Saint-Jean-Saint-Nicolas,05260,1110,15.6,TransakAuto,Agence GAP,1
Noisseville,57645,1109,7.3,AgenceAuto,metz,1
Jourgnac,87800,1109,13.2,AgenceAuto,limoges,2
Doyet,03170,1109,15.1,TransakAuto,Agence MONTLUCON,1
Fontenailles,77370,1109,18.8,TransakAuto,Agence FONTAINEBLEAU,1
Villiers-Charlemagne,53170,1109,19.0,TransakAuto,Agence LAVAL,1
Fouquières-lès-Béthune,62232,1108,3.2,TransakAuto,Agence BETHUNE,2
Saint-Martin-le-Nœud,60000,1108,4.7,Simplicicar,beauvais,2
Ableiges,95450,1108,6.1,AgenceAuto,cergy-pontoise,5
Quaëdypre,59380,1108,9.5,TransakAuto,Agence DUNKERQUE,3
Varennes-Saint-Sauveur,71480,1108,14.7,AgenceAuto,louhans,1
Cherrueix,35120,1108,15.6,AgenceAuto,saint-malo,1
Le Montat,46090,1107,10.1,TransakAuto,Agence CAHORS,1
Saint-Just,35550,1107,11.2,TransakAuto,Agence REDON,1
Saint-Thibaud-de-Couz,73160,1107,12.5,Simplicicar,aix-les-bains,2
Tourville-la-Campagne,27370,1107,14.0,TransakAuto,Agence ELBEUF,1
Marçay,86370,1107,14.2,TransakAuto,Agence POITIERS,1
Sampans,39100,1106,6.2,AgenceAuto,dole,1
Thun-Saint-Amand,59158,1106,11.7,TransakAuto,Agence VALENCIENNES,2
Langan,35850,1106,11.9,TransakAuto,Agence RENNES OUEST,2
La Boissière-du-Doré,44430,1106,18.1,TransakAuto,Agence ANCENIS,1
Carnin,59112,1105,7.1,TransakAuto,Agence SECLIN,7
Saint-Rémy,79410,1105,10.1,TransakAuto,Agence NIORT,2
Cormeilles,27260,1105,13.6,TransakAuto,Agence DEAUVILLE,1
Artigueloutan,64420,1105,15.0,TransakAuto,Agence PAU,2
Lathuile,74210,1105,15.7,AgenceAuto,annecy,3
Grainville-sur-Odon,14210,1105,19.3,TransakAuto,Agence CAEN,1
Vermand,02490,1104,9.8,AgenceAuto,saint-quentin,2
Douvres,01500,1104,16.1,Simplicicar,meximieux,1
Larré,56230,1104,17.3,Simplicicar,vannes,2
Verchain-Maugré,59227,1103,9.8,AgenceAuto,valenciennes,3
Couchey,21160,1103,11.5,TransakAuto,Agence DIJON,3
Coimères,33210,1103,14.4,TransakAuto,Agence LANGON,1
Técou,81600,1103,18.4,TransakAuto,Agence ALBI,1
Vatteville-la-Rue,76940,1103,19.6,TransakAuto,Agence YVETOT,1
Proissans,24200,1102,7.1,TransakAuto,Agence SARLAT,1
Saint-Berain-sous-Sanvignes,71300,1102,7.3,AgenceAuto,montceau-les-mines,1
Quevauvillers,80710,1102,12.9,AgenceAuto,amiens,2
Sierville,76690,1102,13.6,AgenceAuto,yerville,3
Laluque,40465,1102,15.8,AgenceAuto,dax,2
Bosc-Guérard-Saint-Adrien,76710,1101,7.4,TransakAuto,Agence ROUEN,1
Durrenbach,67360,1101,8.3,TransakAuto,Agence HAGUENAU,1
Lancié,69220,1101,9.8,TransakAuto,Agence MACON,2
Mont-Dol,35120,1101,12.4,AgenceAuto,saint-malo,2
Joudreville,54490,1101,18.5,TransakAuto,Agence SAINT-DIZIER,1
Pasly,02200,1100,5.5,Simplicicar,soissons,1
Betz,60620,1100,15.9,TransakAuto,Agence DAMMARTIN EN GOELE,1
Forcé,53260,1099,9.0,TransakAuto,Agence LAVAL,1
Vimory,45700,1099,9.0,TransakAuto,Agence MONTARGIS,1
Pouzac,65200,1099,16.4,TransakAuto,Agence TARBES,1
Vaulx-Vraucourt,62159,1099,17.9,TransakAuto,Agence ARRAS,2
Lafox,47240,1098,7.2,TransakAuto,Agence AGEN,1
Villefargeau,89240,1098,9.7,TransakAuto,Agence AUXERRE,1
Beauvoir-de-Marc,38440,1098,11.7,TransakAuto,Agence VIENNE,3
La Chapelle-Hermier,85220,1098,16.0,TransakAuto,Agence LA ROCHE SUR YON,2
Berd'huis,61340,1097,6.1,AgenceAuto,nogent-le-rotrou,1
Eymeux,26730,1097,6.2,TransakAuto,Agence ROMANS SUR ISERE,1
Montauville,54700,1097,9.8,TransakAuto,Agence METZ,1
Ferrières-Haut-Clocher,27190,1097,12.7,TransakAuto,Agence EVREUX,2
Seissan,32260,1097,17.3,TransakAuto,Agence AUCH,1
Saveuse,80470,1096,3.7,AgenceAuto,amiens,2
Meyrié,38300,1096,4.4,TransakAuto,Agence BOURGOIN-JAILLEU,1
Sagy,95450,1096,5.3,AgenceAuto,cergy-pontoise,6
Aviron,27930,1096,5.7,Simplicicar,evreux,2
Bressey-sur-Tille,21560,1096,6.8,TransakAuto,Agence DIJON,3
Beaulieu,43800,1096,9.9,Simplicicar,puy-en-velay,1
Cuvry,57420,1096,10.8,AgenceAuto,metz,2
Tréglamus,22540,1096,11.1,TransakAuto,Agence BEGARD,1
Saint-Cyr-les-Vignes,42210,1096,12.6,Simplicicar,moto-veauche,2
Chaumont-sur-Loire,41150,1096,19.5,TransakAuto,Agence BLOIS,1
Serrières,07340,1095,8.9,TransakAuto,Agence DAVEZIEUX,1
Bugnicourt,59151,1095,12.3,TransakAuto,Agence DOUAI,2
Moyrazès,12160,1095,13.2,AgenceAuto,rodez,3
Collias,30210,1095,18.3,AgenceAuto,nimes,3
Sainte-Julie,01150,1094,6.9,Simplicicar,meximieux,3
Andelnans,90400,1093,1.1,AgenceAuto,belfort,4
Recy,51520,1093,8.4,AgenceAuto,chalons-en-champagne,1
Blan,81700,1093,9.8,TransakAuto,Agence CASTRES,1
Saubusse,40180,1093,10.9,AgenceAuto,dax,3
Kurtzenhouse,67240,1093,10.9,TransakAuto,Agence HAGUENAU,3
Vicq-sur-Mer,50330,1093,18.1,TransakAuto,Agence CHERBOURG-EN-COTENTIN,1
Chiry-Ourscamp,60138,1093,19.2,TransakAuto,Agence COMPIEGNE,2
Saint-Arnoult,14800,1092,9.6,TransakAuto,Agence DEAUVILLE,1
Crouy-en-Thelle,60530,1092,10.7,Simplicicar,st-maximin,4
Berteaucourt-les-Dames,80850,1092,11.8,TransakAuto,Agence AMIENS,1
Saint-Gervais-sur-Roubion,26160,1091,15.3,TransakAuto,Agence MONTELIMAR,1
Saint-Christophe-en-Bresse,71370,1090,7.4,AgenceAuto,chalon-sur-saone,2
Rochetoirin,38110,1090,11.6,TransakAuto,Agence BOURGOIN-JAILLEU,1
Thiers-sur-Thève,60520,1090,11.9,AgenceAuto,senlis,4
Minzier,74270,1090,15.3,TransakAuto,Agence ANNECY,4
Chamarande,91730,1089,8.9,TransakAuto,Agence ETAMPES,1
Saint-Vincent,43800,1089,12.2,Simplicicar,puy-en-velay,1
Saint-Pierre-en-Val,76260,1088,7.0,TransakAuto,"Agence MONS, BELGIQUE",1
Clary,59225,1088,16.5,TransakAuto,Agence CAMBRAI,1
Ourville-en-Caux,76450,1088,18.3,TransakAuto,Agence YVETOT,1
La Pacaudière,42310,1088,18.7,TransakAuto,Agence ROANNE,1
Maulette,78550,1088,19.2,TransakAuto,Agence DREUX,1
Bignoux,86800,1087,11.4,TransakAuto,Agence POITIERS,1
La Bâtie-Rolland,26160,1087,11.8,TransakAuto,Agence MONTELIMAR,1
Auriac-sur-Vendinelle,31460,1087,16.2,TransakAuto,Agence VILLEFRANCHE-DE-LAURAGAIS,1
Théziers,30390,1087,18.7,TransakAuto,Agence AVIGNON,1
Seboncourt,02110,1087,19.8,TransakAuto,Agence SAINT-QUENTIN,1
Les Tourrettes,26740,1087,19.9,TransakAuto,Agence MONTELIMAR,1
Saint-Perreux,56350,1086,5.6,TransakAuto,Agence REDON,1
Vaulx,74150,1086,5.7,TransakAuto,Agence ANNECY,3
Guernes,78520,1085,2.9,TransakAuto,Agence MANTES-LA-JOLIE,4
Savières,10600,1085,7.5,TransakAuto,Agence TROYES,3
Coutouvre,42460,1085,12.4,TransakAuto,Agence ROANNE,1
Talmas,80260,1085,13.3,TransakAuto,Agence AMIENS,1
Sillé-le-Philippe,72460,1085,18.2,TransakAuto,Agence LE MANS,1
Zudausques,62500,1084,7.7,Simplicicar,saint-omer,1
Rochefort-Samson,26300,1084,10.3,TransakAuto,Agence ROMANS SUR ISERE,1
Le Puy-Notre-Dame,49260,1084,15.3,TransakAuto,Agence SAUMUR,1
Villereau,59530,1084,17.6,AgenceAuto,valenciennes,2
Saint-Parres-lès-Vaudes,10260,1084,20.0,AgenceAuto,troyes,1
Zimmersheim,68440,1083,7.1,AgenceAuto,mulhouse-sud,3
Tabanac,33550,1083,9.8,TransakAuto,Agence CADAUJAC,1
Artres,59269,1082,6.9,AgenceAuto,valenciennes,2
Marcellaz,74250,1082,7.7,Simplicicar,genevois,5
Farges,01550,1082,12.2,TransakAuto,Agence GEX,2
Venasque,84210,1082,13.4,TransakAuto,Agence L&rsquo;ISLE SUR LA SORGUE,1
Rauville-la-Bigot,50260,1082,13.7,TransakAuto,Agence CHERBOURG-EN-COTENTIN,1
Méry-Bissières-en-Auge,14370,1082,16.5,TransakAuto,Agence CAEN,1
Pin-Balma,31130,1081,3.3,AgenceAuto,toulouse-nord,5
Saint-Sauveur-en-Rue,42220,1081,15.1,TransakAuto,Agence DAVEZIEUX,1
Domart-en-Ponthieu,80620,1081,16.5,TransakAuto,Agence AMIENS,1
Saint-Malo-de-Phily,35480,1081,19.0,Simplicicar,rennes,1
Lombers,81120,1080,9.0,TransakAuto,Agence ALBI,1
Saussay,28260,1080,11.4,TransakAuto,Agence DREUX,1
Sanssac-l'Église,43320,1080,12.6,Simplicicar,puy-en-velay,1
La Drenne,60790,1080,12.9,Simplicicar,beauvais,2
Orcier,74550,1079,6.5,TransakAuto,Agence THONON-LES-BAINS,1
Saint-Sulpice,60430,1079,7.4,Simplicicar,beauvais,2
Les Adrets,38190,1079,7.8,TransakAuto,Agence GRENOBLE EST,2
Fresquiennes,76570,1079,12.0,TransakAuto,Agence ROUEN,3
Amayé-sur-Orne,14210,1079,15.9,TransakAuto,Agence CAEN,1
Bazougers,53170,1079,16.4,TransakAuto,Agence LAVAL,1
Prat,22140,1078,4.9,TransakAuto,Agence BEGARD,2
Chaveyriat,01660,1078,10.6,AgenceAuto,bourg-en-bresse,2
Claville,27180,1078,11.3,TransakAuto,Agence EVREUX,2
Duingt,74410,1078,11.7,AgenceAuto,annecy,3
Michery,89140,1078,12.6,TransakAuto,Agence SENS,1
Sainte-Sève,29600,1077,2.6,TransakAuto,Agence MORLAIX,1
Montpont-en-Bresse,71470,1077,10.6,AgenceAuto,louhans,1
Dompaire,88270,1077,15.4,TransakAuto,Agence EPINAL,2
Lanfains,22800,1077,19.5,AgenceAuto,saint-brieuc,2
Fessy,74890,1076,3.2,TransakAuto,Agence THONON-LES-BAINS,3
Lacenas,69640,1076,5.2,TransakAuto,Agence VILLEFRANCHE SUR SAONE,3
Aigremont,78240,1075,5.9,TransakAuto,Agence CHAMBOURCY,8
Planfoy,42660,1075,8.7,TransakAuto,Agence SAINT ETIENNE,2
Chambles,42170,1075,10.2,Simplicicar,veauche,3
Guiche,64520,1075,19.1,TransakAuto,Agence CAPBRETON,1
Chamblet,03170,1074,9.4,TransakAuto,Agence MONTLUCON,1
Cheyssieu,38550,1074,12.3,TransakAuto,Agence VIENNE,2
Lusanger,44590,1074,14.2,TransakAuto,Agence CHATEAUBRIANT,1
Livry-Louvercy,51400,1074,18.4,AgenceAuto,chalons-en-champagne,1
Feins,35440,1074,18.7,TransakAuto,Agence RENNES OUEST,1
Conchil-le-Temple,62180,1073,4.8,TransakAuto,Agence LE TOUQUET,1
Bouilly,10320,1073,11.7,AgenceAuto,troyes,3
Orthevielle,40300,1073,17.5,TransakAuto,Agence DAX,2
Saint-Omer-Capelle,62162,1073,19.3,TransakAuto,Agence DUNKERQUE,1
Apach,57480,1072,2.7,TransakAuto,"Agence BRUXELLES, BELGIQUE",2
Tilques,62500,1072,5.9,Simplicicar,saint-omer,1
Rosoy,89100,1072,6.5,TransakAuto,Agence SENS,1
Essigny-le-Grand,02690,1072,7.1,AgenceAuto,saint-quentin,2
Auros,33124,1072,9.9,TransakAuto,Agence LANGON,1
La Sure en Chartreuse,38134,1072,17.1,TransakAuto,Agence GRENOBLE OUEST,3
La Boissière,34150,1072,18.8,TransakAuto,Agence MONTPELLIER,3
Rebreuve-Ranchicourt,62150,1071,6.9,TransakAuto,Agence BETHUNE,2
Abbévillers,25310,1071,10.2,TransakAuto,Agence MONTBELIARD,2
Pugny-Chatenod,73100,1071,11.1,TransakAuto,Agence CHAMBERY,2
Jouy-sous-Thelle,60240,1071,13.8,TransakAuto,Agence GISORS,3
Gœulzin,59169,1070,7.6,TransakAuto,Agence DOUAI,2
Tramayes,71520,1070,15.6,TransakAuto,Agence MACON,1
Lambres-lez-Aire,62120,1070,16.8,Simplicicar,saint-omer,2
Domfront-en-Champagne,72240,1069,17.4,TransakAuto,Agence LE MANS,1
Étalondes,76260,1068,3.2,TransakAuto,"Agence MONS, BELGIQUE",1
Moulon,33420,1068,5.3,TransakAuto,Agence LIBOURNE,1
Cresserons,14440,1068,11.8,TransakAuto,Agence CAEN,1
Lamothe-Capdeville,82130,1068,12.0,AgenceAuto,montauban,2
Rumersheim-le-Haut,68740,1068,12.3,AgenceAuto,mulhouse,1
Clarafond-Arcine,74270,1068,19.8,TransakAuto,Agence GEX,2
Saint-Vincent-de-Paul,33440,1067,6.3,TransakAuto,Agence BORDEAUX RIVE DROITE,4
Margès,26260,1067,10.6,TransakAuto,Agence ROMANS SUR ISERE,1
Collonges-et-Premières,21110,1067,17.7,TransakAuto,Agence DIJON,2
Marcilly-d'Azergues,69380,1066,4.7,TransakAuto,Agence CALUIRE-ET-CUIRE,8
Radenac,56500,1066,9.9,TransakAuto,Agence PLOERMEL,1
Morgny-la-Pommeraye,76750,1065,11.3,TransakAuto,Agence ROUEN,1
Le Vivier-sur-Mer,35960,1065,11.4,AgenceAuto,saint-malo,2
Heudreville-sur-Eure,27400,1065,11.5,Simplicicar,evreux,2
Bonnetan,33370,1065,12.1,AgenceAuto,bordeaux-rive-droite,5
Chambry,77910,1064,6.2,TransakAuto,Agence MEAUX,3
Ansouis,84240,1064,6.7,TransakAuto,Agence PERTUIS,3
Saint-Sylvestre-Pragoulin,63310,1063,10.4,Simplicicar,vichy,1
Maransin,33230,1063,18.7,TransakAuto,Agence LIBOURNE,1
Soulgé-sur-Ouette,53210,1063,18.9,TransakAuto,Agence LAVAL,1
Lonrai,61250,1062,3.7,TransakAuto,Agence ALENCON,1
Wailly-Beaucamp,62170,1062,5.1,TransakAuto,Agence LE TOUQUET,1
Wailly,62217,1062,7.6,TransakAuto,Agence ARRAS,2
Bellinghem,62129,1062,8.7,Simplicicar,saint-omer,1
Villy-le-Pelloux,74350,1062,8.9,TransakAuto,Agence ANNECY,3
Durrenentzen,68320,1062,9.9,Simplicicar,colmar,2
Marlioz,74270,1062,11.4,TransakAuto,Agence ANNECY,3
Remilly Les Marais,50570,1062,14.2,TransakAuto,Agence SAINT-LO,1
Saint-Martin-de-Saint-Maixent,79400,1062,14.3,TransakAuto,"Agence NAMUR, BELGIQUE",2
Hermies,62147,1062,16.2,TransakAuto,Agence CAMBRAI,1
Damiatte,81220,1062,16.9,TransakAuto,Agence CASTRES,1
Campagne,40090,1061,13.2,TransakAuto,Agence MONT DE MARSAN,1
Rivières,81600,1061,15.0,TransakAuto,Agence ALBI,1
Laure-Minervois,11800,1061,17.6,Simplicicar,carcassonne,2
Saintines,60410,1060,10.8,Simplicicar,compiegne,3
Maltot,14930,1060,12.4,TransakAuto,Agence CAEN,1
Mézières-en-Drouais,28500,1059,7.3,TransakAuto,Agence DREUX,1
Roncourt,57860,1058,4.1,TransakAuto,Agence SAINT-DIZIER,2
Rétaud,17460,1058,8.8,TransakAuto,Agence SAINTES,1
Saint-Dionisy,30980,1058,9.5,Simplicicar,nimes,4
Vauvenargues,13126,1058,11.9,AgenceAuto,aix-en-provence,3
Ussy-sur-Marne,77260,1058,15.8,TransakAuto,Agence MEAUX,1
Willgottheim,67370,1057,15.4,TransakAuto,Agence STRASBOURG NORD,2
La Maxe,57140,1056,3.2,AgenceAuto,metz,2
Saint-Lager,69220,1056,12.2,TransakAuto,Agence VILLEFRANCHE SUR SAONE,2
Cruet,73800,1056,17.5,Simplicicar,aix-les-bains,2
Saint-Paul-les-Fonts,30330,1056,17.5,TransakAuto,Agence ORANGE,1
Fontaine-Bellenger,27600,1056,17.9,Simplicicar,evreux,2
Saint-Denis-sur-Sarthon,61420,1055,8.6,TransakAuto,Agence ALENCON,1
Cussey-sur-l'Ognon,25870,1055,10.0,AgenceAuto,besancon-valentin,4
Villemaréchal,77710,1055,11.1,TransakAuto,Agence FONTAINEBLEAU,1
Bindernheim,67600,1055,12.0,AgenceAuto,selestat,1
Goult,84220,1055,18.4,TransakAuto,Agence L&rsquo;ISLE SUR LA SORGUE,1
Trédarzec,22220,1055,19.0,AgenceAuto,lannion,2
Saint-Remy-du-Nord,59330,1054,6.8,TransakAuto,Agence MAUBEUGE,1
Eclassan,07370,1054,11.2,TransakAuto,Agence DAVEZIEUX,1
Saint-Paul-Cap-de-Joux,81220,1054,13.6,TransakAuto,Agence CASTRES,1
Manneville-la-Goupil,76110,1054,15.4,TransakAuto,Agence LE HAVRE,1
Les Champs-Géraux,22630,1054,15.7,AgenceAuto,saint-malo,1
Sarliac-sur-l'Isle,24420,1054,16.0,TransakAuto,Agence PERIGUEUX,1
Boqueho,22170,1054,18.6,AgenceAuto,saint-brieuc,2
L'Hôpital-le-Grand,42210,1053,6.7,Simplicicar,moto-veauche,2
Chalo-Saint-Mars,91780,1053,7.8,TransakAuto,Agence ETAMPES,1
Maulévrier-Sainte-Gertrude,76490,1053,9.4,TransakAuto,Agence YVETOT,2
Magnet,03260,1053,10.4,Simplicicar,vichy,1
Charmont-sous-Barbuise,10150,1053,14.3,Simplicicar,troyes,3
Bouclans,25360,1053,16.0,TransakAuto,Agence BESANCON,1
Méral,53230,1053,19.4,TransakAuto,Agence LAVAL,1
Les Ventes,27180,1052,8.3,TransakAuto,Agence EVREUX,2
Longèves,17230,1052,9.8,TransakAuto,Agence LA ROCHELLE / AYTRE,1
Avrainville,91630,1052,13.3,TransakAuto,Agence ETAMPES,3
Diges,89240,1052,15.9,TransakAuto,Agence AUXERRE,1
Jezainville,54700,1051,11.3,TransakAuto,Agence METZ,1
Villaines-les-Rochers,37190,1051,16.5,Simplicicar,tours,1
Roquefort-des-Corbières,11540,1051,18.7,TransakAuto,Agence NARBONNE,2
Coudun,60150,1050,6.1,TransakAuto,Agence COMPIEGNE,2
Plouégat-Guérand,29620,1050,14.9,TransakAuto,Agence MORLAIX,1
Revel-Tourdan,38270,1050,18.0,TransakAuto,Agence VIENNE,1
La Chapelle-Gonaguet,24350,1049,5.0,TransakAuto,Agence PERIGUEUX,1
Châtenay-sur-Seine,77126,1049,19.7,TransakAuto,Agence FONTAINEBLEAU,1
Aureville,31320,1048,5.3,Simplicicar,toulouse-sud,5
La Muraz,74560,1048,9.9,TransakAuto,Agence ANNEMASSE,5
Camarsac,33750,1048,13.6,AgenceAuto,bordeaux-rive-droite,5
Alboussière,07440,1048,14.3,Simplicicar,valence,2
Lamure-sur-Azergues,69870,1048,16.1,TransakAuto,Agence VILLEFRANCHE SUR SAONE,1
Grainville-la-Teinturière,76450,1048,16.6,TransakAuto,Agence YVETOT,2
Buschwiller,68220,1047,3.2,TransakAuto,Agence SAINT-LOUIS,2
Naours,80260,1047,11.6,TransakAuto,Agence AMIENS,1
Feldkirch,68540,1047,11.6,AgenceAuto,mulhouse,2
Mazières-en-Gâtine,79310,1047,16.7,TransakAuto,"Agence NAMUR, BELGIQUE",1
Fournès,30210,1047,20.0,TransakAuto,Agence AVIGNON,1
Saint-Cassin,73160,1046,8.5,Simplicicar,aix-les-bains,2
Yvoire,74140,1046,9.4,TransakAuto,Agence THONON-LES-BAINS,3
Uzemain,88220,1046,10.6,AgenceAuto,epinal,2
Chaneins,01990,1046,15.0,TransakAuto,Agence VILLEFRANCHE SUR SAONE,2
Aureil,87220,1045,12.6,TransakAuto,Agence LIMOGES,2
Mirabel,82440,1045,12.9,AgenceAuto,montauban,2
Bavinchove,59670,1045,13.2,Simplicicar,saint-omer,1
Orchamps,39700,1045,13.3,Simplicicar,besancon,3
Verdelais,33490,1045,18.2,TransakAuto,Agence LANGON,1
Néant-sur-Yvel,56430,1045,19.6,TransakAuto,Agence PLOERMEL,1
Seugy,95270,1044,9.7,AgenceAuto,la-croix-verte,4
Baudrières,71370,1044,15.0,AgenceAuto,chalon-sur-saone,2
Cheffes,49125,1044,16.1,TransakAuto,Agence ANGERS,3
Beine-Nauroy,51490,1044,16.3,TransakAuto,Agence REIMS,2
Chamant,60300,1043,4.6,AgenceAuto,senlis,4
Garlan,29610,1043,7.6,TransakAuto,Agence MORLAIX,1
Rossfeld,67230,1043,13.9,AgenceAuto,selestat,2
Bertholène,12310,1043,15.8,TransakAuto,Agence RODEZ,3
Latour-de-France,66720,1043,17.9,TransakAuto,Agence PERPIGNAN NORD SAINT ESTEVE,1
Bruebach,68440,1042,6.3,AgenceAuto,mulhouse-sud,3
Précieux,42600,1042,10.1,Simplicicar,moto-veauche,2
Villemontais,42155,1042,12.5,TransakAuto,Agence ROANNE,1
Donzac,82340,1042,12.8,TransakAuto,Agence AGEN,1
Prunay,51360,1042,14.3,TransakAuto,Agence REIMS,2
Saint-Mars-la-Réorthe,85590,1042,18.1,TransakAuto,Agence CHOLET,1
Thiverny,60160,1041,2.5,Simplicicar,st-maximin,3
Roppe,90380,1041,8.1,AgenceAuto,belfort,2
Saint-Josse,62170,1041,8.2,TransakAuto,Agence LE TOUQUET,1
Biaudos,40390,1041,10.9,TransakAuto,Agence CAPBRETON,2
Les Rairies,49430,1041,10.9,Simplicicar,la-fleche,1
Saint-Maurice-les-Brousses,87800,1041,16.9,AgenceAuto,limoges,2
Savigny,74520,1041,17.6,TransakAuto,Agence ANNECY,3
Mouliets-et-Villemartin,33350,1041,18.1,TransakAuto,Agence LIBOURNE,1
Vigoulet-Auzil,31320,1040,4.7,Simplicicar,toulouse-sud,7
Izel-lès-Équerchin,62490,1040,6.8,TransakAuto,Agence DOUAI,4
Marquion,62860,1039,10.3,TransakAuto,Agence CAMBRAI,2
Bouville,76360,1039,10.4,TransakAuto,Agence YVETOT,3
Sainte-Blandine,38110,1039,14.5,TransakAuto,Agence BOURGOIN-JAILLEU,1
Gœrsdorf,67360,1039,15.1,TransakAuto,Agence HAGUENAU,1
Marsonnas,01340,1039,18.1,TransakAuto,Agence BOURG-EN-BRESSE,2
Bergholtz,68500,1039,18.5,AgenceAuto,mulhouse,1
Athies,62223,1038,3.1,Simplicicar,arras,4
Rouvres,77230,1038,3.7,TransakAuto,Agence DAMMARTIN EN GOELE,2
Montagnole,73000,1038,8.4,Simplicicar,aix-les-bains,2
Saint-Laurent-des-Vignes,24100,1038,8.5,TransakAuto,Agence BERGERAC,1
Conteville,27210,1038,17.8,TransakAuto,Agence LE HAVRE,1
Hostun,26730,1037,7.8,TransakAuto,Agence ROMANS SUR ISERE,1
Teurthéville-Hague,50690,1037,11.3,TransakAuto,Agence CHERBOURG-EN-COTENTIN,1
Saint-Cyr-de-Favières,42123,1037,12.2,TransakAuto,Agence ROANNE,1
Parigné-le-Pôlin,72330,1037,15.1,TransakAuto,Agence LE MANS,1
Tracy-le-Val,60170,1037,19.5,TransakAuto,Agence COMPIEGNE,2
Bou,45430,1036,5.9,TransakAuto,Agence VIERZON,3
Allouis,18500,1036,11.6,TransakAuto,Agence BOURGES,1
Le Deschaux,39120,1036,14.7,AgenceAuto,dole,1
Lacq,64170,1036,18.9,Simplicicar,pau,2
Morienval,60127,1035,14.1,Simplicicar,compiegne,2
Candas,80750,1035,17.1,TransakAuto,Agence AMIENS,1
Sainte-Anne-sur-Vilaine,35390,1035,19.2,TransakAuto,Agence REDON,1
Saint-Romain-de-Lerps,07130,1034,12.0,Simplicicar,valence,2
Bajamont,47480,1034,16.9,TransakAuto,Agence AGEN,1
Château-Larcher,86370,1034,19.0,TransakAuto,Agence POITIERS,1
Pouillé-les-Côteaux,44522,1033,7.7,TransakAuto,Agence ANCENIS,1
Montesquieu-Lauragais,31450,1032,5.6,TransakAuto,Agence VILLEFRANCHE-DE-LAURAGAIS,2
Villaines-sous-Malicorne,72270,1032,6.4,Simplicicar,la-fleche,1
Chaffois,25300,1032,6.9,Simplicicar,pontarlier,2
Villiers-le-Bâcle,91190,1031,9.0,AgenceAuto,viroflay,7
Saulon-la-Chapelle,21910,1031,11.5,TransakAuto,Agence DIJON,3
Anjou,38150,1031,18.0,TransakAuto,Agence DAVEZIEUX,2
Yainville,76480,1031,18.5,TransakAuto,Agence YVETOT,1
Laroin,64110,1030,2.6,TransakAuto,Agence PAU,2
Saint-Nexans,24520,1030,5.2,TransakAuto,Agence BERGERAC,1
Saint-Gilles,50180,1030,5.4,TransakAuto,Agence SAINT-LO,1
Paillencourt,59295,1030,8.3,TransakAuto,Agence CAMBRAI,2
Landorthe,31800,1030,9.8,Simplicicar,https://www.simplicicar.com/content/170-oncession-st-gaudens,1
Saint-Martin-de-Sanzay,79290,1030,18.7,TransakAuto,Agence SAUMUR,1
Seyresse,40180,1029,3.4,TransakAuto,Agence DAX,2
Hipsheim,67150,1029,3.9,Simplicicar,strasbourg,2
Vézelois,90400,1029,4.2,AgenceAuto,belfort,3
La Barre-de-Semilly,50810,1029,5.5,TransakAuto,Agence SAINT-LO,1
Laval-en-Belledonne,38190,1029,7.9,TransakAuto,Agence GRENOBLE EST,2
Puttelange-lès-Thionville,57570,1029,8.8,TransakAuto,"Agence BRUXELLES, BELGIQUE",2
Basly,14610,1029,14.3,TransakAuto,Agence CAEN,1
Ledeuix,64400,1029,17.9,TransakAuto,Agence PAU,1
Torvilliers,10440,1028,3.4,AgenceAuto,troyes,3
Les Éparres,38300,1028,7.0,TransakAuto,Agence BOURGOIN-JAILLEU,1
Bressolles,01360,1028,8.7,Simplicicar,meximieux,6
Quévreville-la-Poterie,76520,1028,11.7,TransakAuto,Agence ELBEUF,2
Neuillé,49680,1028,13.7,TransakAuto,Agence SAUMUR,1
Bizonnes,38690,1028,18.8,TransakAuto,Agence BOURGOIN-JAILLEU,1
Renac,35660,1027,7.0,TransakAuto,Agence REDON,1
Bretteville,50110,1027,7.3,TransakAuto,Agence CHERBOURG-EN-COTENTIN,1
Thiel-sur-Acolin,03230,1027,17.8,TransakAuto,Agence MOULINS,1
Macornay,39570,1025,3.7,AgenceAuto,lons-le-saunier,2
Caux-et-Sauzens,11170,1025,4.7,TransakAuto,Agence CARCASSONNE,2
Grentheville,14540,1025,5.2,TransakAuto,Agence CAEN,1
Péronne-en-Mélantois,59273,1025,8.8,TransakAuto,Agence SECLIN,5
Fontaine-le-Port,77590,1025,13.4,TransakAuto,Agence FONTAINEBLEAU,1
Pendé,80230,1025,18.1,TransakAuto,"Agence MONS, BELGIQUE",2
Saint-Bris-le-Vineux,89530,1024,4.6,TransakAuto,Agence AUXERRE,1
Ferrière-la-Petite,59680,1024,6.9,TransakAuto,Agence MAUBEUGE,1
Semécourt,57280,1024,7.4,AgenceAuto,metz,2
Verdalle,81110,1024,9.1,TransakAuto,Agence CASTRES,1
Marville-Moutiers-Brûlé,28500,1024,9.2,TransakAuto,Agence DREUX,1
Meyrieu-les-Étangs,38440,1024,10.5,TransakAuto,Agence BOURGOIN-JAILLEU,1
Belle-Isle-en-Terre,22810,1024,12.2,TransakAuto,Agence BEGARD,1
Vignieu,38890,1024,12.7,TransakAuto,Agence BOURGOIN-JAILLEU,1
Ailly-le-Haut-Clocher,80690,1024,12.9,TransakAuto,Agence ABBEVILLE,1
Bellou-en-Houlme,61220,1024,13.1,TransakAuto,Agence FLERS,1
Druye,37190,1024,13.2,Simplicicar,tours,3
Villeneuve-sur-Allier,03460,1024,15.9,TransakAuto,Agence MOULINS,1
Villey-Saint-Étienne,54200,1024,18.3,Simplicicar,nancy,3
Thiverval-Grignon,78850,1023,4.7,TransakAuto,Agence LES CLAYES SOUS BOIS,4
Charnay,69380,1023,7.9,TransakAuto,Agence CALUIRE-ET-CUIRE,5
Saint-Bômer-les-Forges,61700,1023,14.7,TransakAuto,Agence FLERS,1
Saturargues,34400,1022,6.8,TransakAuto,Agence LUNEL,3
Mont-Saint-Éloi,62144,1022,10.1,Simplicicar,arras,4
Sauverny,01220,1022,10.6,AgenceAuto,saint-genis-pouilly,4
Kolbsheim,67120,1022,12.5,AgenceAuto,strasbourg-nord,3
Varaville,14390,1022,12.7,TransakAuto,Agence CAEN,1
Choisey,39100,1021,4.5,AgenceAuto,dole,1
Cavanac,11570,1021,4.7,Simplicicar,carcassonne,2
Cours-les-Barres,18320,1021,8.0,AgenceAuto,nevers,1
Saint-Aubin-Épinay,76160,1021,9.3,TransakAuto,Agence ROUEN,2
Les Vallées de la Vanne,89190,1021,13.3,TransakAuto,Agence SENS,1
Sault-Brénaz,01150,1021,16.2,Simplicicar,meximieux,2
Cuffy,18150,1020,7.5,AgenceAuto,nevers,1
Montjean,53320,1020,11.2,TransakAuto,Agence LAVAL,1
Auteuil,78770,1020,12.8,TransakAuto,Agence LES CLAYES SOUS BOIS,3
Lourmarin,84160,1020,15.7,TransakAuto,Agence PERTUIS,1
Metzeresche,57920,1020,16.0,TransakAuto,Agence THIONVILLE,2
Garnay,28500,1019,6.4,TransakAuto,Agence DREUX,1
La Chapelle-des-Pots,17100,1019,10.2,TransakAuto,Agence SAINTES,1
Saint-Genouph,37510,1019,10.4,TransakAuto,Agence TOURS SUD,3
Val-de-Vesle,51360,1019,19.3,TransakAuto,Agence REIMS,2
Saint-Suliac,35430,1018,3.1,AgenceAuto,saint-malo,2
Montracol,01310,1018,5.6,AgenceAuto,bourg-en-bresse,2
Aydoilles,88600,1018,10.4,AgenceAuto,epinal,2
Bayenghem-lès-Éperlecques,62910,1018,12.5,Simplicicar,saint-omer,1
Josse,40230,1018,13.9,TransakAuto,Agence CAPBRETON,3
Pont-d'Ouilly,14690,1018,15.7,TransakAuto,Agence FLERS,1
Pluzunet,22140,1017,4.0,TransakAuto,Agence BEGARD,2
Grépiac,31190,1017,6.7,TransakAuto,Agence EAUNES,4
Saint-Germain-sur-Ille,35250,1017,10.1,TransakAuto,Agence RENNES OUEST,2
Ancelle,05260,1017,11.2,TransakAuto,Agence GAP,1
Pomas,11250,1017,11.8,Simplicicar,carcassonne,2
Andouillé-Neuville,35250,1017,17.0,TransakAuto,Agence RENNES OUEST,2
Westhalten,68250,1017,19.9,Simplicicar,colmar,1
Saint-Sixt,74800,1016,5.9,Simplicicar,genevois,4
Remilly-sur-Tille,21560,1015,10.9,TransakAuto,Agence DIJON,3
Montaud,34160,1014,8.1,AgenceAuto,montpellier-est,3
Illiers-l'Évêque,27770,1014,10.2,TransakAuto,Agence DREUX,1
Roisey,42520,1014,15.4,TransakAuto,Agence DAVEZIEUX,1
Lévignen,60800,1014,16.8,TransakAuto,Agence DAMMARTIN EN GOELE,1
Thénouville,27290,1014,19.1,TransakAuto,Agence ELBEUF,1
Rédange,57390,1014,19.8,TransakAuto,Agence THIONVILLE,1
Élesmes,59600,1013,5.2,TransakAuto,Agence MAUBEUGE,1
Namps-Maisnil,80290,1013,10.7,AgenceAuto,amiens,2
Fyé,72610,1013,12.0,TransakAuto,Agence ALENCON,1
Andilly,74350,1013,15.0,TransakAuto,Agence ANNECY,5
Gricourt,02100,1011,5.9,AgenceAuto,saint-quentin,2
Laussonne,43150,1011,11.9,Simplicicar,puy-en-velay,1
Saint-Pouange,10120,1010,7.6,AgenceAuto,troyes,3
Sadroc,19270,1010,11.3,TransakAuto,Agence BRIVE-LA-GAILLARDE,3
Sommerviller,54110,1010,13.7,AgenceAuto,nancy,3
Saint-Hilaire-Bonneval,87260,1010,17.7,AgenceAuto,limoges,2
Lavau,10150,1009,5.1,Simplicicar,troyes,3
Jaillans,26300,1009,5.9,TransakAuto,Agence ROMANS SUR ISERE,1
Villers-Sire-Nicole,59600,1009,7.9,TransakAuto,Agence MAUBEUGE,1
Larnage,26600,1009,19.3,TransakAuto,Agence ROMANS SUR ISERE,1
Dampierre-en-Yvelines,78720,1008,12.8,TransakAuto,Agence LES CLAYES SOUS BOIS,3
Seyssel,01420,1008,19.0,TransakAuto,Agence ANNECY,1
Pitgam,59284,1007,7.1,TransakAuto,Agence DUNKERQUE,3
Valence-en-Brie,77830,1007,9.8,TransakAuto,Agence FONTAINEBLEAU,1
Hermeray,78125,1007,10.0,TransakAuto,Agence RAMBOUILLET,1
Bellegarde-Poussieu,38270,1007,15.9,TransakAuto,Agence VIENNE,2
Golfech,82400,1007,16.0,TransakAuto,Agence AGEN,1
Malleloy,54670,1007,16.4,Simplicicar,nancy,4
Fleury-la-Vallée,89113,1007,17.9,TransakAuto,Agence AUXERRE,1
Labergement-lès-Seurre,21820,1006,16.4,Simplicicar,beaune,1
Buzy,64260,1006,19.1,TransakAuto,Agence PAU,1
Saint-Luperce,28190,1005,11.2,TransakAuto,Agence CHARTRES,1
Artolsheim,67390,1005,12.6,AgenceAuto,selestat,2
Cerisy-la-Salle,50210,1005,15.0,TransakAuto,Agence SAINT-LO,1
Bernay-Vilbert,77540,1005,16.4,AgenceAuto,gretz-armainvilliers,1
Valherbasse,26350,1005,18.4,TransakAuto,Agence ROMANS SUR ISERE,1
Acy,02200,1004,5.2,Simplicicar,soissons,1
Arcambal,46090,1004,9.5,TransakAuto,Agence CAHORS,1
Cerisy-la-Forêt,50680,1004,15.3,TransakAuto,Agence SAINT-LO,1
Grugny,76690,1004,16.0,TransakAuto,Agence ROUEN,2
Cléon-d'Andran,26450,1004,19.3,TransakAuto,Agence MONTELIMAR,1
Saint-Pierre-de-Chartreuse,38380,1003,9.6,AgenceAuto,grenoble,3
Rilly-la-Montagne,51500,1003,11.1,Simplicicar,reims,2
Beaumetz-lès-Loges,62123,1003,11.3,TransakAuto,Agence ARRAS,2
Neufchâtel-en-Saosnois,72600,1003,13.7,TransakAuto,Agence ALENCON,1
Messas,45190,1003,19.1,Simplicicar,orleans,1
Pontrieux,22260,1002,13.6,TransakAuto,Agence BEGARD,1
Tourch,29140,1002,18.8,TransakAuto,Agence QUIMPER,1
Mimbaste,40350,1001,8.2,TransakAuto,Agence DAX,2
Saussines,34160,1001,9.6,TransakAuto,Agence LUNEL,3
Haut-Mauco,40280,1001,9.9,TransakAuto,Agence MONT DE MARSAN,1
Corcelles-en-Beaujolais,69220,1001,12.0,TransakAuto,Agence MACON,2
Écrainville,76110,1001,16.8,TransakAuto,Agence LE HAVRE,1
Rustenhart,68740,1001,18.7,AgenceAuto,mulhouse,1
Nâves-Parmelan,74370,1000,9.4,Simplicicar,annecy,3
Berchères-les-Pierres,28630,1000,9.4,TransakAuto,Agence CHARTRES,1
Étables,07300,1000,18.4,TransakAuto,Agence DAVEZIEUX,1
Freistroff,57320,1000,19.3,TransakAuto,"Agence BRUXELLES, BELGIQUE",1
François,79260,999,3.6,TransakAuto,"Agence NAMUR, BELGIQUE",2
Itancourt,02240,999,6.0,TransakAuto,Agence SAINT-QUENTIN,2
Saint-Hilarion,78125,999,6.8,TransakAuto,Agence RAMBOUILLET,1
Montseveroux,38122,999,10.0,TransakAuto,Agence VIENNE,2
Riquewihr,68340,999,10.3,Simplicicar,colmar,2
Domjean,50420,999,12.6,TransakAuto,Agence SAINT-LO,1
Étrechet,36120,998,5.8,TransakAuto,Agence CHATEAUROUX,2
Oresmaux,80160,998,11.2,AgenceAuto,amiens,1
Chemiré-le-Gaudin,72210,998,15.6,TransakAuto,Agence LE MANS,1
Cordon,74700,998,17.0,TransakAuto,Agence SALLANCHES,1
Châteauneuf-Villevieille,06390,997,11.9,Simplicicar,nice,4
Brizambourg,17770,997,16.6,TransakAuto,Agence SAINTES,1
Saint-Jean-Trolimon,29120,997,19.4,AgenceAuto,quimper,1
Béthisy-Saint-Martin,60320,996,12.0,Simplicicar,compiegne,3
Chalampé,68490,996,12.9,AgenceAuto,mulhouse,1
Treffieux,44170,996,13.7,TransakAuto,Agence CHATEAUBRIANT,1
Norville,76330,996,18.9,TransakAuto,Agence YVETOT,1
Saint-Rémy,14570,996,19.7,TransakAuto,Agence FLERS,1
Torpes,25320,995,3.8,Simplicicar,caen,4
Rochy-Condé,60510,995,5.7,Simplicicar,beauvais,2
Beaufort,59330,995,6.9,TransakAuto,Agence MAUBEUGE,1
Espinasse-Vozelle,03110,995,7.5,Simplicicar,vichy,1
Yzeron,69510,995,13.3,TransakAuto,Agence LYON OUEST,3
Moÿ-de-l'Aisne,02610,994,11.0,TransakAuto,Agence SAINT-QUENTIN,2
Avremesnil,76730,994,13.4,TransakAuto,Agence DIEPPE,1
Guimiliau,29400,994,14.2,TransakAuto,Agence MORLAIX,1
Saint-Genès-de-Fronsac,33240,994,16.2,TransakAuto,Agence LIBOURNE,3
Beurlay,17250,994,19.7,TransakAuto,Agence SAINTES,1
Freneuse,76410,993,2.0,TransakAuto,Agence ELBEUF,2
Norroy-le-Veneur,57140,993,6.9,AgenceAuto,metz,2
Parcey,39100,993,7.1,AgenceAuto,dole,1
La Meauffe,50880,993,7.8,TransakAuto,Agence SAINT-LO,1
La Salvetat-Belmontet,82230,993,11.7,AgenceAuto,montauban,2
Séchilienne,38220,993,16.2,TransakAuto,Agence GRENOBLE OUEST,1
Azereix,65380,992,6.3,TransakAuto,Agence TARBES,1
Saint-Sandoux,63450,992,12.5,TransakAuto,Agence CLERMONT FERRAND SUD,1
Le Mesnil-Amelot,77990,992,13.7,TransakAuto,Agence DAMMARTIN EN GOELE,4
Iguerande,71340,992,17.5,TransakAuto,Agence ROANNE,1
Feuchy,62223,991,3.2,TransakAuto,Agence ARRAS,4
Langrolay-sur-Rance,22490,991,6.6,AgenceAuto,saint-malo,2
Sailly-Flibeaucourt,80970,991,7.3,TransakAuto,Agence ABBEVILLE,1
Tagolsheim,68720,991,9.2,AgenceAuto,mulhouse-sud,2
Boucoiran-et-Nozières,30190,991,13.3,TransakAuto,Agence ALES,1
Mohon,56490,991,13.3,TransakAuto,Agence PLOERMEL,1
Marquefave,31390,991,14.9,TransakAuto,Agence EAUNES,1
Verzenay,51360,991,16.0,Simplicicar,reims,2
Coucy-le-Château-Auffrique,02380,990,16.2,Simplicicar,soissons,1
Saint-Jean-de-Losne,21170,990,17.5,AgenceAuto,dole,1
Chevroux,01190,990,19.6,TransakAuto,Agence MACON,1
Chanoz-Châtenay,01400,989,12.5,AgenceAuto,bourg-en-bresse,2
Saint-Pierre-Brouck,59630,989,16.4,TransakAuto,Agence DUNKERQUE,3
Saint-Jean-de-la-Porte,73250,989,18.4,TransakAuto,Agence CHAMBERY,2
Landres,54970,989,19.1,TransakAuto,Agence SAINT-DIZIER,1
Saint-Georges-Montcocq,50000,988,4.4,TransakAuto,Agence SAINT-LO,1
Notre-Dame-des-Millières,73460,988,5.0,TransakAuto,Agence ALBERTVILLE,1
Hurtigheim,67117,988,9.3,AgenceAuto,strasbourg-nord,3
Brie,35150,988,18.0,Simplicicar,rennes,1
Cerisiers,89320,988,18.9,TransakAuto,Agence SENS,1
Azur,40140,988,19.9,AgenceAuto,dax,1
Chozeau,38460,987,6.8,Simplicicar,nord-isere,4
Rougegoutte,90200,987,13.6,AgenceAuto,belfort,2
Darvault,77140,987,13.7,TransakAuto,Agence FONTAINEBLEAU,1
Dieudonné,60530,987,16.3,Simplicicar,st-maximin,2
Cuigy-en-Bray,60850,987,16.8,TransakAuto,Agence GISORS,2
Laives,71240,986,15.9,TransakAuto,Agence CHALON-SUR-SAONE,2
La Geneytouse,87400,986,16.9,TransakAuto,Agence LIMOGES,2
Le Merzer,22200,986,19.3,TransakAuto,Agence BEGARD,1
Bonneuil-en-Valois,60123,986,19.4,Simplicicar,compiegne,1
Orcemont,78125,985,3.1,TransakAuto,Agence RAMBOUILLET,1
Étercy,74150,985,6.3,AgenceAuto,annecy,3
Niffer,68680,985,11.5,AgenceAuto,mulhouse,4
Noyal,22400,985,12.1,TransakAuto,Agence LAMBALLE,1
Moye,74150,985,15.0,AgenceAuto,annecy,3
Bruailles,71500,984,5.0,AgenceAuto,louhans,1
Saint-Vaast-lès-Mello,60660,984,6.1,Simplicicar,st-maximin,3
Chapeiry,74540,984,7.0,AgenceAuto,annecy,3
Cruzilles-lès-Mépillat,01290,984,7.5,TransakAuto,Agence MACON,1
Sainte-Croix-de-Quintillargues,34270,984,11.9,AgenceAuto,montpellier-est,2
Le Bardon,45130,984,16.7,Simplicicar,orleans,1
Aubepierre-Ozouer-le-Repos,77720,984,17.7,AgenceAuto,gretz-armainvilliers,1
Carnières,59217,983,7.6,TransakAuto,Agence CAMBRAI,1
Pamfou,77830,983,11.0,TransakAuto,Agence FONTAINEBLEAU,1
Luttange,57935,983,17.1,TransakAuto,Agence THIONVILLE,3
Chambon,17290,983,18.6,TransakAuto,Agence LA ROCHELLE / AYTRE,1
Commana,29450,983,19.3,TransakAuto,Agence MORLAIX,1
Corgoloin,21700,982,8.0,Simplicicar,beaune,1
Givenchy-lès-la-Bassée,62149,982,13.3,TransakAuto,Agence LENS,2
Villiers,86190,982,14.6,TransakAuto,Agence POITIERS,1
Saint-Cyr-sous-Dourdan,91410,982,15.0,TransakAuto,Agence ETAMPES,2
Guimaëc,29620,982,16.9,TransakAuto,Agence MORLAIX,2
Le Pian-sur-Garonne,33490,981,15.1,TransakAuto,Agence LANGON,1
Saint-Hippolyte,25190,981,15.7,TransakAuto,Agence MONTBELIARD,2
Crampagna,09120,980,5.8,Simplicicar,pamiers,1
Arceau,21310,980,9.0,Simplicicar,dijon,3
Chusclan,30200,980,11.1,TransakAuto,Agence ORANGE,1
Yèbles,77390,980,11.3,AgenceAuto,gretz-armainvilliers,3
Sarcey,69490,980,13.7,TransakAuto,Agence CALUIRE-ET-CUIRE,2
Faverney,70160,980,18.2,AgenceAuto,vesoul,1
Berriac,11000,979,7.6,Simplicicar,carcassonne,2
Apremont,73190,979,11.5,Simplicicar,aix-les-bains,2
Héry-sur-Alby,74540,979,12.9,AgenceAuto,annecy,3
Saint-Martin-d'Ardèche,07700,979,14.9,TransakAuto,Agence BOLLENE,1
Villeneuve-Minervois,11160,979,18.8,TransakAuto,Agence CARCASSONNE,2
Cambounet-sur-le-Sor,81580,978,1.8,TransakAuto,Agence CASTRES,1
Vayres-sur-Essonne,91820,978,15.2,TransakAuto,Agence ETAMPES,1
Saint-Python,59730,978,17.1,TransakAuto,Agence CAMBRAI,2
Houtkerque,59470,978,19.7,TransakAuto,Agence DUNKERQUE,1
Maisoncelles-en-Brie,77580,977,14.1,TransakAuto,Agence MEAUX,2
Brignac-la-Plaine,19310,977,19.4,TransakAuto,Agence BRIVE-LA-GAILLARDE,2
Saint-Sauflieu,80160,976,9.0,AgenceAuto,amiens,2
Pechbusque,31320,975,4.7,AgenceAuto,toulouse-sud-est-labege,7
Batzendorf,67500,975,5.2,TransakAuto,Agence HAGUENAU,3
Saint-Benoît-des-Ondes,35114,975,7.3,AgenceAuto,saint-malo,2
Macey,10300,975,7.5,AgenceAuto,troyes,3
Velles,36330,975,11.1,AgenceAuto,chateauroux,2
Osthouse,67150,975,11.1,Simplicicar,strasbourg,1
Isles-sur-Suippe,51110,975,15.8,TransakAuto,Agence REIMS,1
Vers,74160,975,16.2,AgenceAuto,saint-genis-pouilly,3
Saint-Hilaire-Peyroux,19560,974,6.5,Simplicicar,brive,3
Crosmières,72200,974,7.0,Simplicicar,la-fleche,1
Gemeaux,21120,974,14.9,AgenceAuto,dijon,3
Poucharramet,31370,974,15.2,AgenceAuto,toulouse-fontenilles,2
Achiet-le-Grand,62121,974,17.9,TransakAuto,Agence ARRAS,2
Saint-Pierre-de-Bailleul,27920,973,7.3,Simplicicar,vernon,3
Cases-de-Pène,66600,973,10.7,TransakAuto,Agence PERPIGNAN NORD SAINT ESTEVE,1
Wittes,62120,973,11.3,Simplicicar,saint-omer,1
Alquines,62850,973,18.7,Simplicicar,saint-omer,1
Aucaleuc,22100,973,19.2,AgenceAuto,saint-malo,1
Saint-Sériès,34400,972,8.3,TransakAuto,Agence LUNEL,3
La Freissinouse,05000,972,8.9,TransakAuto,Agence GAP,1
Villalier,11600,972,9.8,Simplicicar,carcassonne,2
Hauteroche,39210,971,9.8,TransakAuto,Agence LONS LE SAUNIER,2
Bâgé-le-Châtel,01380,971,12.6,TransakAuto,Agence MACON,1
Labastide-de-Lévis,81150,971,12.7,TransakAuto,Agence ALBI,1
Allemond,38114,971,14.6,TransakAuto,Agence GRENOBLE EST,2
Bourret,82700,971,15.0,TransakAuto,Agence MONTAUBAN,2
Bendejun,06390,971,15.0,Simplicicar,nice,4
Frières-Faillouël,02700,971,17.4,AgenceAuto,saint-quentin,2
Saint-Pierre-de-Chignac,24330,971,18.1,TransakAuto,Agence PERIGUEUX,1
Raizeux,78125,970,9.7,TransakAuto,Agence RAMBOUILLET,1
Les Fougerêts,56200,970,12.7,TransakAuto,Agence REDON,1
La Chapelle-Anthenaise,53950,970,13.9,TransakAuto,Agence LAVAL,1
Pieusse,11300,970,15.0,Simplicicar,carcassonne,2
Saint-Julien,69640,969,5.0,TransakAuto,Agence VILLEFRANCHE SUR SAONE,1
Varengeville-sur-Mer,76119,969,6.7,TransakAuto,Agence DIEPPE,1
Sainte-Catherine,69440,969,17.5,Simplicicar,lyon-ouest,1
Saint-Jean-d'Avelanne,38480,969,19.9,Simplicicar,aix-les-bains,1
Vénérieu,38460,968,6.9,TransakAuto,Agence BOURGOIN-JAILLEU,3
Saint-Vincent-de-Boisset,42120,968,7.9,TransakAuto,Agence ROANNE,1
Léguillac-de-l'Auche,24110,968,8.4,TransakAuto,Agence PERIGUEUX,1
Saint-Maurice,63270,968,13.0,TransakAuto,Agence CLERMONT FERRAND SUD,1
Saint-Victor,07410,968,16.9,TransakAuto,Agence DAVEZIEUX,1
Le Subdray,18570,967,12.7,TransakAuto,Agence BOURGES,1
Melay,71340,967,15.5,TransakAuto,Agence ROANNE,1
Les Hôpitaux-Neufs,25370,967,16.4,AgenceAuto,pontarlier,2
Les Mesneux,51370,966,3.3,Simplicicar,reims,2
Pigny,18110,966,7.2,TransakAuto,Agence BOURGES,1
Tessancourt-sur-Aubette,78250,966,9.1,AgenceAuto,cergy-pontoise,6
Chamoux-sur-Gelon,73390,966,18.1,TransakAuto,Agence ALBERTVILLE,1
Trémery,57300,965,14.4,AgenceAuto,metz,3
Saint-Alban-du-Rhône,38370,965,17.0,Simplicicar,vienne,3
La Bastide-de-Sérou,09240,965,17.9,Simplicicar,pamiers,1
Mont-Bonvillers,54111,965,18.2,TransakAuto,Agence SAINT-DIZIER,1
Charols,26450,965,19.3,TransakAuto,Agence MONTELIMAR,1
Pérignac,17800,965,19.6,TransakAuto,Agence SAINTES,1
Vaïssac,82800,964,4.5,AgenceAuto,montauban,2
Saint-Sorlin-de-Vienne,38200,964,4.7,TransakAuto,Agence VIENNE,2
Saint-Clair-sur-Epte,95770,964,10.0,TransakAuto,Agence GISORS,2
Chabottes,05260,964,10.4,TransakAuto,Agence GAP,1
Parigny-les-Vaux,58320,964,11.9,AgenceAuto,nevers,1
Rioux,17460,964,12.0,TransakAuto,Agence SAINTES,1
Saint-Laurent-de-Neste,65150,964,16.1,Simplicicar,https://www.simplicicar.com/content/170-oncession-st-gaudens,1
Montroy,17220,963,4.1,TransakAuto,Agence LA ROCHELLE / AYTRE,1
Sanchey,88390,963,4.6,TransakAuto,Agence EPINAL,2
Espère,46090,963,6.0,TransakAuto,Agence CAHORS,1
Taisnières-sur-Hon,59570,963,8.8,TransakAuto,Agence MAUBEUGE,1
Pouilly,57420,963,9.2,AgenceAuto,metz,2
Saint-Gérand-le-Puy,03150,963,14.9,Simplicicar,vichy,1
Herbsheim,67230,963,15.9,AgenceAuto,selestat,2
Ébersviller,57320,963,18.3,TransakAuto,"Agence BRUXELLES, BELGIQUE",1
Champsecret,61700,963,18.7,TransakAuto,Agence FLERS,1
Saint-Médard-en-Forez,42330,962,7.3,Simplicicar,moto-veauche,3
Ventenac-Cabardès,11610,962,7.9,TransakAuto,Agence CARCASSONNE,2
Bosdarros,64290,962,13.5,TransakAuto,Agence PAU,2
Thiron-Gardais,28480,962,15.1,AgenceAuto,nogent-le-rotrou,1
Froissy,60480,962,15.8,TransakAuto,Agence BEAUVAIS,2
Parves et Nattages,01300,962,18.0,TransakAuto,Agence CHAMBERY,2
Ménerbes,84560,962,18.5,TransakAuto,Agence L&rsquo;ISLE SUR LA SORGUE,1
Osselle-Routelle,25320,961,4.3,Simplicicar,besancon,4
Arçon,25300,961,5.3,AgenceAuto,pontarlier,2
Norges-la-Ville,21490,961,5.8,AgenceAuto,dijon,3
Saint-Laurent-d'Andenay,71210,961,12.5,AgenceAuto,montceau-les-mines,1
Saint-Julien-de-Vouvantes,44670,961,13.9,TransakAuto,Agence CHATEAUBRIANT,1
La Neuville-en-Hez,60510,961,15.9,Simplicicar,beauvais,4
Wolxheim,67120,961,17.5,AgenceAuto,strasbourg-nord,3
Verzy,51380,961,17.8,Simplicicar,reims,2
Arleux-en-Gohelle,62580,960,7.0,TransakAuto,Agence LENS,4
Domazan,30390,960,15.8,TransakAuto,Agence AVIGNON,1
Attenschwiller,68220,959,4.8,AgenceAuto,saint-louis,2
Verrens-Arvey,73460,959,5.8,TransakAuto,Agence ALBERTVILLE,1
Bretenière,21110,959,8.6,TransakAuto,Agence DIJON,3
Xeuilley,54990,959,9.6,TransakAuto,Agence NANCY,3
Saint-Clair-sur-l'Elle,50680,959,10.2,TransakAuto,Agence SAINT-LO,1
Argentine,73220,959,18.6,TransakAuto,Agence ALBERTVILLE,1
Tartaras,42800,958,16.2,Simplicicar,lyon-ouest,2
Mortefontaine-en-Thelle,60570,958,17.6,Simplicicar,beauvais,2
Poigny-la-Forêt,78125,957,7.8,TransakAuto,Agence RAMBOUILLET,1
Meillon,64510,957,10.3,TransakAuto,Agence PAU,2
Loupes,33370,957,13.7,AgenceAuto,bordeaux-rive-droite,5
Ban-sur-Meurthe-Clefcy,88230,957,15.4,AgenceAuto,saint-die-des-vosges,1
Souvignargues,30250,957,16.7,Simplicicar,vauvert,3
Saint-Romain-la-Virvée,33240,956,7.8,AgenceAuto,bordeaux-rive-droite,4
Moussoulens,11170,956,10.3,TransakAuto,Agence CARCASSONNE,2
Saint-Romain-les-Atheux,42660,956,11.2,TransakAuto,Agence SAINT ETIENNE,2
Eschbach,67360,955,5.5,TransakAuto,Agence HAGUENAU,1
Sermersheim,67230,955,10.9,AgenceAuto,selestat,2
Saint-Jean-de-la-Motte,72510,955,13.0,Simplicicar,la-fleche,1
Grézac,17120,955,15.0,Simplicicar,royan,1
Lirac,30126,955,15.6,TransakAuto,Agence ORANGE,2
Augy,89290,954,3.8,TransakAuto,Agence AUXERRE,1
Bray-et-Lû,95710,954,5.3,AgenceAuto,vernon,4
Moulineaux,76530,954,7.1,TransakAuto,Agence ELBEUF,2
Le Poët-Laval,26160,954,19.9,TransakAuto,Agence MONTELIMAR,1
Prey,27220,953,6.4,TransakAuto,Agence EVREUX,2
Saint-Haon-le-Vieux,42370,953,11.2,TransakAuto,Agence ROANNE,1
Lans,71380,952,3.0,AgenceAuto,chalon-sur-saone,2
Saint-Just,01250,952,6.3,TransakAuto,Agence BOURG-EN-BRESSE,2
Le Breuil-en-Auge,14130,952,6.4,TransakAuto,Agence DEAUVILLE,1
Éloie,90300,952,8.4,AgenceAuto,belfort,2
Bellefontaine,88370,952,17.5,AgenceAuto,epinal,1
Saint-Hilaire-les-Andrésis,45320,952,19.1,TransakAuto,Agence MONTARGIS,1
Charnoz-sur-Ain,01800,951,3.7,Simplicicar,meximieux,3
Arnouville-lès-Mantes,78790,951,8.7,AgenceAuto,epone,3
Villers-Saint-Sépulcre,60134,951,8.8,Simplicicar,beauvais,2
Royères,87400,951,13.1,TransakAuto,Agence LIMOGES,2
Véranne,42520,951,13.7,TransakAuto,Agence DAVEZIEUX,1
Le Fresne-Camilly,14480,951,16.8,TransakAuto,Agence CAEN,1
La Trinité-du-Mont,76170,951,18.4,TransakAuto,Agence YVETOT,1
Saint-Georges-sur-Fontaine,76690,950,9.3,TransakAuto,Agence ROUEN,1
Saulx-Marchais,78650,950,11.5,TransakAuto,Agence LES CLAYES SOUS BOIS,3
Chanat-la-Mouteyre,63530,950,11.8,TransakAuto,Agence CLERMONT FERRAND SUD,1
Logelheim,68280,950,11.8,Simplicicar,colmar,1
Saint-Pierre-du-Bosguérard,27370,950,12.2,TransakAuto,Agence ELBEUF,1
Fontenay-Saint-Père,78440,949,6.8,TransakAuto,Agence MANTES-LA-JOLIE,4
Granges-les-Beaumont,26600,949,10.2,TransakAuto,Agence ROMANS SUR ISERE,3
Lussat,63360,949,13.0,TransakAuto,Agence CLERMONT FERRAND SUD,1
Maulde,59158,949,13.2,TransakAuto,Agence VALENCIENNES,2
Gourlizon,29710,949,15.3,TransakAuto,Agence QUIMPER,2
Saint-Pompain,79160,949,17.1,TransakAuto,"Agence NAMUR, BELGIQUE",2
Chaudefonds-sur-Layon,49290,949,17.2,Simplicicar,angers,1
Fresnes-sur-Marne,77410,948,7.2,AgenceAuto,chessy,5
Charmeil,03110,947,3.3,Simplicicar,vichy,1
Monceaux,60940,947,7.3,AgenceAuto,senlis,5
Villechétif,10410,947,9.7,Simplicicar,troyes,3
Clayes,35590,947,9.9,TransakAuto,Agence RENNES OUEST,3
Villard,74420,947,10.3,TransakAuto,Agence THONON-LES-BAINS,5
Saint-Bauzille-de-la-Sylve,34230,947,17.6,TransakAuto,Agence SETE,1
Balgau,68740,947,19.5,AgenceAuto,mulhouse,1
Saint-Martin-Lestra,42110,947,19.5,Simplicicar,moto-veauche,1
Trégourez,29970,947,19.6,TransakAuto,Agence QUIMPER,1
Croutelle,86240,946,4.9,TransakAuto,Agence POITIERS,1
Le Plessis-Grohan,27180,946,6.4,TransakAuto,Agence EVREUX,2
Pouilloux,71230,946,8.9,AgenceAuto,montceau-les-mines,1
Cabrières-d'Aigues,84240,946,12.3,TransakAuto,Agence PERTUIS,1
Mespaul,29420,946,14.4,TransakAuto,Agence MORLAIX,1
Louisfert,44110,945,4.1,TransakAuto,Agence CHATEAUBRIANT,1
Tours-en-Savoie,73790,945,7.5,TransakAuto,Agence ALBERTVILLE,1
Odomez,59970,945,8.5,TransakAuto,Agence VALENCIENNES,2
Noailles,19600,945,9.3,TransakAuto,Agence BRIVE-LA-GAILLARDE,2
Tornac,30140,945,9.6,TransakAuto,Agence ALES,1
Trégomeur,22590,945,12.8,AgenceAuto,saint-brieuc,2
Tautavel,66720,945,15.9,TransakAuto,Agence PERPIGNAN NORD SAINT ESTEVE,1
Nordheim,67520,945,16.2,TransakAuto,Agence STRASBOURG NORD,2
Le Burgaud,31330,944,13.0,TransakAuto,Agence FRONTON,1
Ham-en-Artois,62190,944,14.3,TransakAuto,Agence BETHUNE,1
Loudes,43320,944,17.3,Simplicicar,puy-en-velay,1
Ormoy-la-Rivière,91150,943,5.9,TransakAuto,Agence ETAMPES,1
Quaix-en-Chartreuse,38950,943,8.8,TransakAuto,Agence GRENOBLE OUEST,3
Jugeals-Nazareth,19500,943,9.5,TransakAuto,Agence BRIVE-LA-GAILLARDE,2
Corpeau,21190,943,13.5,Simplicicar,beaune,3
Berrien,29690,943,19.7,TransakAuto,Agence MORLAIX,1
Saint-Martin-la-Garenne,78520,942,4.2,TransakAuto,Agence MANTES-LA-JOLIE,4
Mesnil-sur-l'Estrée,27650,942,5.2,TransakAuto,Agence DREUX,1
Sorrus,62170,942,6.8,TransakAuto,Agence LE TOUQUET,1
La Baume-de-Transit,26790,942,10.3,TransakAuto,Agence BOLLENE,1
Muespach,68640,942,12.3,AgenceAuto,saint-louis,2
Boissy-Fresnoy,60440,942,13.1,TransakAuto,Agence DAMMARTIN EN GOELE,1
Roquesérière,31380,942,13.2,AgenceAuto,toulouse-nord,3
Jonzier-Épagny,74520,942,16.9,TransakAuto,Agence ANNECY,3
Soultz-les-Bains,67120,942,19.5,AgenceAuto,strasbourg-nord,1
Gosnay,62199,941,1.9,TransakAuto,Agence BETHUNE,2
Bossey,74160,941,9.2,AgenceAuto,annemasse,5
Héricourt-en-Caux,76560,941,10.0,TransakAuto,Agence YVETOT,2
Autheuil-Authouillet,27490,941,11.5,Simplicicar,evreux,3
Valdampierre,60790,941,13.3,Simplicicar,beauvais,3
Cordelle,42123,941,13.5,TransakAuto,Agence ROANNE,1
Francourville,28700,941,15.1,TransakAuto,Agence CHARTRES,1
Barry-d'Islemade,82290,940,11.1,TransakAuto,Agence MONTAUBAN,1
Montperreux,25160,940,11.9,AgenceAuto,pontarlier,2
Perceneige,89260,940,18.0,TransakAuto,Agence SENS,1
Peyrieu,01300,940,18.1,TransakAuto,Agence CHAMBERY,2
Courlans,39570,938,4.0,AgenceAuto,lons-le-saunier,2
Vieux-Reng,59600,938,8.0,TransakAuto,Agence MAUBEUGE,1
La Chapelaude,03380,938,9.9,TransakAuto,Agence MONTLUCON,1
Odenas,69460,938,10.9,TransakAuto,Agence VILLEFRANCHE SUR SAONE,1
Bohas-Meyriat-Rignat,01250,938,15.1,TransakAuto,Agence BOURG-EN-BRESSE,2
Longes,69420,938,15.5,Simplicicar,vienne,2
Mélamare,76170,938,17.6,TransakAuto,Agence LE HAVRE,1
Estreux,59990,937,7.7,AgenceAuto,valenciennes,2
Pizay,01120,937,8.7,Simplicicar,meximieux,5
Neauphle-le-Vieux,78640,937,9.2,TransakAuto,Agence LES CLAYES SOUS BOIS,3
Beauchamps,80770,937,11.0,TransakAuto,"Agence MONS, BELGIQUE",1
Saint-Lubin-de-la-Haye,28410,937,16.9,TransakAuto,Agence DREUX,1
Tourmignies,59551,936,5.7,TransakAuto,Agence SECLIN,5
Vins-sur-Caramy,83170,936,9.2,TransakAuto,Agence BRIGNOLES,1
Juvigny,51150,936,12.7,AgenceAuto,chalons-en-champagne,1
Cruscades,11200,936,13.7,Simplicicar,narbonne,2
Walbach,68230,936,14.4,Simplicicar,colmar,1
Mercin-et-Vaux,02200,935,6.2,Simplicicar,soissons,1
Sarrigné,49800,935,9.0,AgenceAuto,angers,3
Mannevillette,76290,935,9.2,TransakAuto,Agence LE HAVRE,1
Crévic,54110,935,16.0,AgenceAuto,nancy,3
Faramans,01800,934,5.8,Simplicicar,meximieux,4
Vandières,54121,934,8.0,TransakAuto,Agence METZ,1
Ars-Laquenexy,57530,934,9.0,AgenceAuto,metz,2
Esmans,77940,934,10.1,TransakAuto,Agence FONTAINEBLEAU,1
Amagney,25220,934,11.6,TransakAuto,Agence BESANCON,2
Claveyson,26240,934,18.5,TransakAuto,Agence ROMANS SUR ISERE,1
Cardet,30350,933,7.4,TransakAuto,Agence ALES,1
Villers-Allerand,51500,933,10.4,Simplicicar,reims,2
Savignies,60650,933,10.8,TransakAuto,Agence BEAUVAIS,2
La Rivière-Drugeon,25560,933,11.4,Simplicicar,pontarlier,2
Granzay-Gript,79360,933,11.5,TransakAuto,Agence NIORT,2
Biozat,03800,933,12.5,Simplicicar,vichy,1
Maizières,54550,932,10.1,TransakAuto,Agence NANCY,3
Périgné,79170,932,19.6,TransakAuto,Agence NIORT,1
Saint-Christophe-sur-Dolaizon,43370,931,12.1,Simplicicar,puy-en-velay,1
Siouville-Hague,50340,931,18.2,TransakAuto,Agence CHERBOURG-EN-COTENTIN,1
Glos,14100,931,18.6,TransakAuto,Agence DEAUVILLE,1
Le Hézo,56450,930,7.3,Simplicicar,vannes,3
Le Tremblay-sur-Mauldre,78490,930,9.2,TransakAuto,Agence LES CLAYES SOUS BOIS,3
Landudal,29510,930,10.0,TransakAuto,Agence QUIMPER,2
Pardies,64150,930,15.0,TransakAuto,Agence PAU,2
Vers-sur-Selle,80480,929,3.0,AgenceAuto,amiens,2
La Bastidonne,84120,929,6.6,TransakAuto,Agence PERTUIS,3
Sermamagny,90300,929,8.6,AgenceAuto,belfort,2
Fatines,72470,929,13.2,TransakAuto,Agence LE MANS,1
Blou,49160,929,15.4,TransakAuto,Agence SAUMUR,1
Savy-Berlette,62690,929,15.6,TransakAuto,Agence BETHUNE,3
Prailles-La Couarde,79370,929,18.2,TransakAuto,"Agence NAMUR, BELGIQUE",2
Saint-Germain-des-Prés,81700,928,3.7,TransakAuto,Agence CASTRES,1
Beblenheim,68980,928,5.2,Simplicicar,colmar,2
Hardinvast,50690,928,7.1,TransakAuto,Agence CHERBOURG-EN-COTENTIN,1
Walbourg,67360,928,7.1,TransakAuto,Agence HAGUENAU,1
Lagarde-Marc-la-Tour,19150,928,8.3,AgenceAuto,tulle,2
Montreux-Vieux,68210,928,12.4,AgenceAuto,belfort,2
Kutzenhausen,67250,928,14.9,TransakAuto,Agence HAGUENAU,1
Leimbach,68800,928,15.9,AgenceAuto,mulhouse-sud,1
Rittershoffen,67690,928,18.6,TransakAuto,Agence HAGUENAU,1
Paucourt,45200,927,4.6,TransakAuto,Agence MONTARGIS,1
Sainte-Marie-la-Blanche,21200,927,5.7,Simplicicar,beaune,1
Saint-Pierre-la-Garenne,27600,927,8.1,Simplicicar,vernon,2
Saint-Hippolyte,68590,927,8.7,AgenceAuto,selestat,2
Saussemesnil,50700,927,11.2,TransakAuto,Agence CHERBOURG-EN-COTENTIN,1
Merkwiller-Pechelbronn,67250,927,13.0,TransakAuto,Agence HAGUENAU,1
Montaigut-le-Blanc,63320,927,19.0,TransakAuto,Agence CLERMONT FERRAND SUD,1
Brécy,18220,927,19.9,TransakAuto,Agence BOURGES,1
Saint-Geniès,24590,926,15.3,TransakAuto,Agence SARLAT,1
Charnas,07340,925,10.1,TransakAuto,Agence DAVEZIEUX,1
Pern-Lhospitalet,46170,925,15.0,TransakAuto,Agence CAHORS,1
Hénonville,60119,925,16.3,TransakAuto,Agence CERGY,2
Orvilliers,78910,925,16.3,TransakAuto,Agence MANTES-LA-JOLIE,2
Heiligenstein,67140,925,17.3,AgenceAuto,selestat,1
Bicqueley,54200,925,17.7,TransakAuto,Agence NANCY,3
Lucq-de-Béarn,64360,925,18.6,TransakAuto,Agence PAU,1
Chaumousey,88390,924,7.2,TransakAuto,Agence EPINAL,2
Saint-Ouen-du-Breuil,76890,924,10.9,AgenceAuto,yerville,3
Lisle,24350,924,11.7,TransakAuto,Agence PERIGUEUX,1
Saint-Sulpice-d'Arnoult,17250,924,15.2,TransakAuto,Agence SAINTES,1
Saint-Maime,04300,923,9.5,TransakAuto,Agence MANOSQUE,1
Saint-Yon,91650,923,12.5,TransakAuto,Agence ETAMPES,2
Chignin,73800,923,12.6,Simplicicar,aix-les-bains,2
Vendeuil,02800,923,13.8,TransakAuto,Agence SAINT-QUENTIN,2
Guibeville,91630,923,15.7,TransakAuto,Agence ETAMPES,4
Vion,07610,923,17.7,TransakAuto,Agence DAVEZIEUX,1
Mas-Saintes-Puelles,11400,923,18.2,TransakAuto,Agence VILLEFRANCHE-DE-LAURAGAIS,1
Beaussais-Vitré,79370,923,19.0,TransakAuto,Agence NIORT,2
Bretigny,21490,922,5.4,AgenceAuto,dijon,3
Wiwersheim,67370,922,9.1,TransakAuto,Agence STRASBOURG NORD,3
Louvil,59830,922,9.9,TransakAuto,Agence SECLIN,5
Élincourt-Sainte-Marguerite,60157,922,14.4,TransakAuto,Agence COMPIEGNE,2
Saintigny,28480,922,14.4,AgenceAuto,nogent-le-rotrou,1
Saint-Sylvestre,87240,922,15.1,TransakAuto,Agence LIMOGES,2
Chiré-en-Montreuil,86190,922,16.0,TransakAuto,Agence POITIERS,1
Aux Marais,60000,921,5.4,Simplicicar,beauvais,2
Villariès,31380,921,10.2,Simplicicar,toulouse-nord,4
Catus,46150,921,11.6,TransakAuto,Agence CAHORS,1
Beire-le-Châtel,21310,921,13.6,Simplicicar,dijon,3
La Roquette-sur-Var,06670,921,15.3,Simplicicar,nice,4
Molliens-Dreuil,80540,921,15.9,AgenceAuto,amiens,2
Saint-Nizier-le-Désert,01320,921,16.8,AgenceAuto,bourg-en-bresse,3
Saint-Sauveur-Marville,28170,921,17.2,TransakAuto,Agence DREUX,1
Pleudaniel,22740,921,18.2,TransakAuto,Agence BEGARD,1
Escoville,14850,920,2.9,TransakAuto,Agence CAEN,1
Cour-et-Buis,38122,920,11.8,TransakAuto,Agence VIENNE,2
Thiennes,59189,920,18.0,Simplicicar,saint-omer,2
Leyrieu,38460,919,5.2,TransakAuto,Agence ANTHON,4
Pihem,62570,919,7.8,Simplicicar,saint-omer,1
Pointis-Inard,31800,919,9.6,Simplicicar,https://www.simplicicar.com/content/170-oncession-st-gaudens,1
Fressain,59234,919,12.4,TransakAuto,Agence CAMBRAI,2
Bellefond,21490,918,3.1,AgenceAuto,dijon,3
Le Coudray-Macouard,49260,918,5.0,TransakAuto,Agence SAUMUR,1
Pradines,42630,918,12.2,TransakAuto,Agence ROANNE,1
Château-l'Abbaye,59230,917,11.5,TransakAuto,Agence VALENCIENNES,2
Larmor-Baden,56870,917,12.9,AgenceAuto,vannes,3
Castelnau-sur-Gupie,47180,917,14.9,TransakAuto,Agence LANGON,1
Peumerit,29710,917,16.3,AgenceAuto,quimper,2
Odars,31450,916,7.5,AgenceAuto,toulouse-sud-est-labege,5
Marcy,69480,916,10.1,TransakAuto,Agence CALUIRE-ET-CUIRE,5
Hondeghem,59190,916,18.4,Simplicicar,saint-omer,1
Saint-Rémy,01310,915,2.6,AgenceAuto,bourg-en-bresse,2
Coings,36130,915,8.3,TransakAuto,Agence CHATEAUROUX,2
Revonnas,01250,915,11.2,TransakAuto,Agence BOURG-EN-BRESSE,2
Frontenas,69620,915,11.3,TransakAuto,Agence VILLEFRANCHE SUR SAONE,4
Coltainville,28300,915,12.5,TransakAuto,Agence CHARTRES,1
Le Mesnil-Aubry,95720,914,7.0,AgenceAuto,la-croix-verte,3
Fontaine-les-Grès,10280,914,10.1,TransakAuto,Agence TROYES,3
Taponas,69220,914,13.9,TransakAuto,Agence VILLEFRANCHE SUR SAONE,2
Cremeaux,42260,914,18.9,TransakAuto,Agence ROANNE,1
Vincelles,89290,913,6.3,TransakAuto,Agence AUXERRE,1
Niedermodern,67350,913,8.0,TransakAuto,Agence HAGUENAU,1
Estrée-Blanche,62145,913,16.6,Simplicicar,saint-omer,1
Saint-Agnan,89340,913,17.5,TransakAuto,Agence FONTAINEBLEAU,1
La Chapelle-Rablais,77370,913,17.7,TransakAuto,Agence FONTAINEBLEAU,1
Saint-Alban-les-Eaux,42370,912,10.8,TransakAuto,Agence ROANNE,1
Berneuil-sur-Aisne,60350,912,15.4,Simplicicar,compiegne,2
Léaz,01200,912,18.0,TransakAuto,Agence GEX,2
Messia-sur-Sorne,39570,911,2.0,AgenceAuto,lons-le-saunier,2
Mastaing,59172,911,14.3,AgenceAuto,valenciennes,4
L'Éguille,17600,910,4.8,Simplicicar,royan,1
Murianette,38420,910,10.1,TransakAuto,Agence GRENOBLE OUEST,3
Saint Géry-Vers,46090,910,12.2,TransakAuto,Agence CAHORS,1
Rochefort-en-Yvelines,78730,910,12.7,TransakAuto,Agence RAMBOUILLET,2
Les Mesnuls,78490,910,13.6,TransakAuto,Agence LES CLAYES SOUS BOIS,2
Cheverny,41700,910,16.0,TransakAuto,Agence BLOIS,1
Bézenet,03170,910,19.2,TransakAuto,Agence MONTLUCON,1
Saint-Mesmin,10280,909,11.7,TransakAuto,Agence TROYES,3
Mons,83440,909,17.9,TransakAuto,Agence GRASSE,1
Saint-Germain-et-Mons,24520,908,4.5,TransakAuto,Agence BERGERAC,1
Nieurlet,59143,908,6.5,Simplicicar,saint-omer,1
Saint-Jacut-de-la-Mer,22750,908,16.0,TransakAuto,Agence SAINT-MALO,1
Neschers,63320,908,18.5,TransakAuto,Agence CLERMONT FERRAND SUD,1
Vignoles,21200,907,0.7,Simplicicar,beaune,1
Blaru,78270,907,6.4,Simplicicar,vernon,3
Baurech,33880,907,8.4,TransakAuto,Agence CADAUJAC,1
Tortequesne,62490,907,8.8,TransakAuto,Agence DOUAI,4
Vailly,74470,907,9.8,TransakAuto,Agence THONON-LES-BAINS,1
Ranguevaux,57700,907,11.4,TransakAuto,Agence SAINT-DIZIER,3
Vanosc,07690,907,12.9,TransakAuto,Agence DAVEZIEUX,1
Ronquerolles,95340,907,13.1,TransakAuto,Agence CERGY,6
Aspet,31160,907,13.1,Simplicicar,https://www.simplicicar.com/content/170-oncession-st-gaudens,1
Blessy,62120,907,14.3,Simplicicar,saint-omer,1
Izeure,21110,907,16.8,TransakAuto,Agence DIJON,2
Authume,39100,906,4.5,AgenceAuto,dole,1
Ermenonville,60950,906,4.9,TransakAuto,Agence DAMMARTIN EN GOELE,2
Domme,24250,906,6.4,TransakAuto,Agence SARLAT,1
Folgensbourg,68220,906,7.6,TransakAuto,Agence SAINT-LOUIS,2
Terres de Druance,14770,906,18.3,TransakAuto,Agence FLERS,1
Leyr,54760,906,18.6,TransakAuto,Agence METZ,3
Trédaniel,22510,906,19.9,TransakAuto,Agence SAINT-BRIEUC,2
Beauregard-Baret,26300,905,7.8,TransakAuto,Agence ROMANS SUR ISERE,1
Pontarmé,60520,905,10.8,AgenceAuto,senlis,4
Berchères-Saint-Germain,28300,905,12.3,TransakAuto,Agence CHARTRES,1
Saint-Denis-sur-Loire,41000,904,3.7,TransakAuto,Agence BLOIS,1
Queige,73720,904,9.5,TransakAuto,Agence ALBERTVILLE,1
Molles,03300,904,10.3,Simplicicar,vichy,1
Sainte-Mesme,78730,904,13.5,TransakAuto,Agence RAMBOUILLET,2
Aigneville,80210,904,16.5,TransakAuto,"Agence MONS, BELGIQUE",2
Langensoultzbach,67360,904,16.9,TransakAuto,Agence HAGUENAU,1
Guigneville-sur-Essonne,91590,904,17.0,TransakAuto,Agence ETAMPES,1
Saint-Léger-près-Troyes,10800,903,7.3,AgenceAuto,troyes,3
Nointel,95590,903,7.4,AgenceAuto,la-croix-verte,6
Saint-Armel,56450,903,8.8,Simplicicar,vannes,3
Malbuisson,25160,903,14.4,AgenceAuto,pontarlier,2
Bouhet,17540,903,16.2,TransakAuto,Agence LA ROCHELLE / AYTRE,1
Boissey-le-Châtel,27520,903,19.3,TransakAuto,Agence ELBEUF,1
Moisson,78840,902,5.2,AgenceAuto,vernon,4
Houdain-lez-Bavay,59570,902,12.7,TransakAuto,Agence MAUBEUGE,1
Marigny,79360,902,14.0,TransakAuto,Agence NIORT,1
Roderen,68800,902,15.9,AgenceAuto,mulhouse-sud,1
Grosrouvre,78490,902,17.3,TransakAuto,Agence LES CLAYES SOUS BOIS,2
Nielles-lès-Bléquin,62380,902,18.1,Simplicicar,saint-omer,1
Corronsac,31450,901,8.1,Simplicicar,toulouse-sud,6
Savigny-le-Sec,21380,901,9.5,AgenceAuto,dijon,3
Létra,69620,901,14.9,TransakAuto,Agence VILLEFRANCHE SUR SAONE,1
Saint-Ouen-de-Mimbré,72130,901,16.0,TransakAuto,Agence ALENCON,1
Le Petit-Fougeray,35320,901,16.0,Simplicicar,rennes,1
Mazaugues,83136,901,16.6,TransakAuto,Agence BRIGNOLES,1
Châteauneuf,73390,901,19.0,TransakAuto,Agence ALBERTVILLE,1
Saint-Germain-du-Salembre,24190,901,19.4,TransakAuto,Agence PERIGUEUX,1
Longueville-sur-Scie,76590,900,13.7,TransakAuto,Agence DIEPPE,1
Verruyes,79310,900,17.1,TransakAuto,"Agence NAMUR, BELGIQUE",1
Courson-les-Carrières,89560,900,17.4,TransakAuto,Agence AUXERRE,1
Héloup,61250,899,4.7,TransakAuto,Agence ALENCON,1
Caouënnec-Lanvézéac,22300,899,6.4,AgenceAuto,lannion,2
Ville-en-Sallaz,74250,899,8.5,Simplicicar,genevois,5
Saint-Pierre-de-Clairac,47270,899,11.2,TransakAuto,Agence AGEN,1
Rubrouck,59285,899,12.9,Simplicicar,saint-omer,2
Puymirol,47270,899,15.2,TransakAuto,Agence AGEN,1
Louvignies-Quesnoy,59530,899,18.4,AgenceAuto,valenciennes,1
Val de Drôme,14240,899,19.4,TransakAuto,Agence SAINT-LO,1
Mont-Cauvaire,76690,898,10.6,TransakAuto,Agence ROUEN,2
Thèze,64450,898,12.6,Simplicicar,pau,2
Commenailles,39140,898,16.3,AgenceAuto,lons-le-saunier,2
Atton,54700,897,4.7,TransakAuto,Agence METZ,1
Plachy-Buyon,80160,897,6.5,AgenceAuto,amiens,2
Patrimonio,20253,897,8.1,TransakAuto,Agence BASTIA,1
La Neuville-Roy,60190,897,16.3,TransakAuto,Agence COMPIEGNE,2
Saint-Arnoult-des-Bois,28190,897,16.5,TransakAuto,Agence CHARTRES,1
Igé,71960,897,17.7,TransakAuto,Agence MACON,1
Jungholtz,68500,897,18.8,AgenceAuto,mulhouse-sud,2
Savas,07430,896,5.2,TransakAuto,Agence DAVEZIEUX,1
Saint-Désert,71390,896,8.3,TransakAuto,Agence CHALON-SUR-SAONE,2
Saint-Étienne-du-Vauvray,27430,896,14.9,TransakAuto,Agence ELBEUF,1
Louresse-Rochemenier,49700,896,15.0,TransakAuto,Agence SAUMUR,1
Vinzier,74500,896,15.5,TransakAuto,Agence THONON-LES-BAINS,1
Rainvillers,60155,895,8.5,Simplicicar,beauvais,2
Ancinnes,72610,895,10.8,TransakAuto,Agence ALENCON,1
Chassemy,02370,895,10.8,Simplicicar,soissons,1
Astillé,53230,895,11.9,TransakAuto,Agence LAVAL,1
Soleymieu,38460,895,13.9,TransakAuto,Agence BOURGOIN-JAILLEU,3
Auvillar,82340,895,18.9,TransakAuto,Agence AGEN,1
Pogny,51240,894,11.3,AgenceAuto,chalons-en-champagne,1
Esquerchin,59553,893,2.9,TransakAuto,Agence DOUAI,6
Gourdon,71300,893,7.3,AgenceAuto,montceau-les-mines,1
Frencq,62630,893,17.1,TransakAuto,Agence LE TOUQUET,1
Cormes,72400,893,19.0,AgenceAuto,nogent-le-rotrou,1
Boisemont,95000,892,4.8,AgenceAuto,cergy-pontoise,6
La Croix-Helléan,56120,892,4.9,TransakAuto,Agence PLOERMEL,1
Saint-Didier-des-Bois,27370,892,7.3,TransakAuto,Agence ELBEUF,1
Augé,79400,892,11.0,TransakAuto,"Agence NAMUR, BELGIQUE",2
Marcellus,47200,892,11.1,TransakAuto,Agence LANGON,1
Saint-Désirat,07340,891,7.0,TransakAuto,Agence DAVEZIEUX,1
Clénay,21490,891,7.5,AgenceAuto,dijon,3
Sainneville,76430,891,8.2,TransakAuto,Agence LE HAVRE,1
Le Val-Doré,27190,890,12.6,TransakAuto,Agence EVREUX,2
Beton-Bazoches,77320,890,16.4,TransakAuto,Agence PROVINS,1
Ardillières,17290,890,19.6,TransakAuto,Agence LA ROCHELLE / AYTRE,1
Bougarber,64230,889,8.0,Simplicicar,pau,2
Port-Mort,27940,889,9.2,Simplicicar,vernon,2
Ceintrey,54134,889,10.7,TransakAuto,Agence NANCY,3
Walheim,68130,889,10.8,AgenceAuto,mulhouse-sud,2
Biziat,01290,889,12.1,TransakAuto,Agence MACON,2
Grilly,01220,889,12.5,AgenceAuto,saint-genis-pouilly,3
Saint-André-d'Allas,24200,888,7.3,TransakAuto,Agence SARLAT,1
Anhiers,59194,888,8.9,TransakAuto,Agence DOUAI,3
Gouy,76520,888,9.1,TransakAuto,Agence ELBEUF,2
Malves-en-Minervois,11600,888,12.1,Simplicicar,carcassonne,2
Villiers-le-Mahieu,78770,888,12.8,AgenceAuto,epone,4
Saint-Césaire,17770,888,13.8,TransakAuto,Agence SAINTES,1
Saint-Michel-sur-Rhône,42410,888,16.0,Simplicicar,vienne,2
Drucat,80132,887,2.6,TransakAuto,Agence ABBEVILLE,1
Vimont,14370,887,8.7,TransakAuto,Agence CAEN,1
Grammond,42140,887,12.8,TransakAuto,Agence SAINT ETIENNE,3
Amfreville-sur-Iton,27400,887,14.5,Simplicicar,evreux,3
Noyers-Saint-Martin,60480,887,16.7,TransakAuto,Agence BEAUVAIS,2
Dixmont,89500,887,17.2,TransakAuto,Agence SENS,1
Chemilly-sur-Yonne,89250,887,17.6,TransakAuto,Agence AUXERRE,1
Saumane-de-Vaucluse,84800,886,7.5,TransakAuto,Agence L&rsquo;ISLE SUR LA SORGUE,1
Saint-Pierre-de-Lages,31570,886,10.0,AgenceAuto,toulouse-sud-est-labege,4
Preuschdorf,67250,886,14.4,TransakAuto,Agence HAGUENAU,1
Correns,83570,886,14.6,TransakAuto,Agence BRIGNOLES,1
Lussault-sur-Loire,37400,886,15.2,AgenceAuto,tours,2
Beaux,43200,886,19.0,Simplicicar,puy-en-velay,1
Sort-en-Chalosse,40180,885,8.9,TransakAuto,Agence DAX,2
Attin,62170,885,11.6,TransakAuto,Agence LE TOUQUET,1
Saint-Paul-lès-Durance,13115,885,14.3,TransakAuto,Agence MANOSQUE,1
Valdurenque,81090,885,14.5,TransakAuto,Agence CASTRES,1
Angaïs,64510,885,16.3,TransakAuto,Agence PAU,2
Ambrault,36120,884,18.5,TransakAuto,Agence CHATEAUROUX,1
Mézières-lez-Cléry,45370,883,8.6,Simplicicar,orleans,2
Savas-Mépin,38440,883,10.5,TransakAuto,Agence VIENNE,3
Vérac,33240,883,13.0,TransakAuto,Agence LIBOURNE,3
Saint-Blimont,80960,883,14.4,TransakAuto,"Agence MONS, BELGIQUE",2
Villesèquelande,11170,882,7.0,TransakAuto,Agence CARCASSONNE,2
Bours,65460,882,7.6,TransakAuto,Agence TARBES,1
Ciry-Salsogne,02220,882,8.0,Simplicicar,soissons,1
Béthencourt-sur-Mer,80130,882,8.3,TransakAuto,"Agence MONS, BELGIQUE",1
Vieille-Chapelle,62136,882,15.0,TransakAuto,Agence BETHUNE,1
Ury,77760,882,18.0,TransakAuto,Agence FONTAINEBLEAU,1
Frœningen,68720,881,4.9,AgenceAuto,mulhouse-sud,2
Aressy,64320,881,8.5,TransakAuto,Agence PAU,2
Saint-Pierre-de-Manneville,76113,881,11.7,TransakAuto,Agence ELBEUF,2
Assé-le-Boisne,72130,881,14.1,TransakAuto,Agence ALENCON,1
Saint-Georges-Motel,27710,880,4.2,TransakAuto,Agence DREUX,1
Louvigny,57420,880,5.2,TransakAuto,Agence METZ,2
Juliénas,69840,880,6.4,TransakAuto,Agence MACON,1
Dounoux,88220,880,6.8,AgenceAuto,epinal,2
Saint-Augustin,62120,880,9.8,Simplicicar,saint-omer,1
Maison-Rouge,77370,880,10.6,TransakAuto,Agence PROVINS,1
Binges,21270,880,13.2,Simplicicar,dijon,3
Saint-Paul-Mont-Penit,85670,880,13.6,TransakAuto,Agence CHALLANS,1
Étaimpuis,76850,880,18.2,TransakAuto,Agence ROUEN,2
Abbecourt,60430,879,7.2,Simplicicar,beauvais,2
Gesnes-le-Gandelin,72130,879,9.0,TransakAuto,Agence ALENCON,1
La Comté,62150,879,9.1,TransakAuto,Agence BETHUNE,1
Parent,63270,879,16.6,TransakAuto,Agence CLERMONT FERRAND SUD,1
Le Haut Soultzbach,68780,879,18.1,AgenceAuto,mulhouse-sud,2
Mauzac-et-Grand-Castang,24150,879,18.2,TransakAuto,Agence BERGERAC,1
Lempaut,81700,878,6.7,TransakAuto,Agence CASTRES,1
Schaeffersheim,67150,878,9.9,Simplicicar,strasbourg,1
Saint-Gervais,95420,878,12.1,AgenceAuto,vernon,3
Ivry-le-Temple,60173,878,18.9,TransakAuto,Agence GISORS,3
Bazoches-lès-Bray,77118,878,19.8,TransakAuto,Agence PROVINS,1
Mornac-sur-Seudre,17113,877,5.1,Simplicicar,royan,1
Girancourt,88390,877,8.8,TransakAuto,Agence EPINAL,2
Floringhem,62550,877,10.7,TransakAuto,Agence BETHUNE,1
Saint-Clet,22260,877,14.2,TransakAuto,Agence BEGARD,1
Manhac,12160,877,14.8,Simplicicar,rodez,3
Puiseux-le-Hauberger,60540,877,16.8,Simplicicar,st-maximin,4
May-en-Multien,77145,877,18.4,TransakAuto,Agence MEAUX,1
Arbouans,25400,876,0.6,AgenceAuto,montbeliard,4
Bourguignon,25150,876,4.3,TransakAuto,Agence MONTBELIARD,3
Breistroff-la-Grande,57570,876,7.4,TransakAuto,Agence THIONVILLE,2
Chaspuzac,43320,876,16.1,Simplicicar,puy-en-velay,1
Doissin,38730,876,16.5,TransakAuto,Agence BOURGOIN-JAILLEU,1
Chaspinhac,43700,875,4.6,Simplicicar,puy-en-velay,1
Orphin,78125,875,5.6,TransakAuto,Agence RAMBOUILLET,1
Rontignon,64110,875,9.6,TransakAuto,Agence PAU,2
Saint-Maurice-Colombier,25260,875,10.7,TransakAuto,Agence MONTBELIARD,3
Optevoz,38460,875,11.7,TransakAuto,Agence ANTHON,3
Mars-la-Tour,54800,875,13.9,TransakAuto,Agence SAINT-DIZIER,1
Verzé,71960,875,15.0,TransakAuto,Agence MACON,1
Boutigny,77470,874,6.4,TransakAuto,Agence MEAUX,2
Magny-sur-Tille,21110,874,7.3,TransakAuto,Agence DIJON,3
Uzos,64110,874,8.2,TransakAuto,Agence PAU,2
Saulx,70240,874,11.5,AgenceAuto,vesoul,1
Saint-Ferréol,74210,874,14.6,TransakAuto,Agence ALBERTVILLE,1
Saint-Frégant,29260,874,19.9,TransakAuto,Agence BREST,1
Les Pujols,09100,873,7.5,Simplicicar,pamiers,1
Fontaine-le-Dun,76740,873,16.9,AgenceAuto,yerville,1
Beauregard,01480,872,4.0,TransakAuto,Agence VILLEFRANCHE SUR SAONE,4
Draillant,74550,872,4.2,TransakAuto,Agence THONON-LES-BAINS,3
Candresse,40180,872,4.3,TransakAuto,Agence DAX,2
Émancé,78125,872,7.0,TransakAuto,Agence RAMBOUILLET,1
Reyniès,82370,872,10.1,TransakAuto,Agence MONTAUBAN,3
Les Baux-Sainte-Croix,27180,871,5.0,TransakAuto,Agence EVREUX,2
Guitalens-L'Albarède,81220,871,10.6,TransakAuto,Agence CASTRES,1
Pougny,01550,871,11.7,TransakAuto,Agence GEX,2
Neauphlette,78980,871,11.9,TransakAuto,Agence MANTES-LA-JOLIE,4
Saint-Priest-Bramefant,63310,871,12.2,Simplicicar,vichy,1
Labarthe-Inard,31800,871,13.0,Simplicicar,https://www.simplicicar.com/content/170-oncession-st-gaudens,1
Avernes,95450,871,13.5,AgenceAuto,cergy-pontoise,7
Saint-Vaast-en-Cambrésis,59188,871,13.8,TransakAuto,Agence CAMBRAI,2
Fresnoy-en-Thelle,60530,871,15.3,Simplicicar,st-maximin,4
Bey,71620,870,5.3,AgenceAuto,chalon-sur-saone,2
Mûres,74540,870,10.1,AgenceAuto,annecy,3
Marsangy,89500,870,10.4,TransakAuto,Agence SENS,1
Serres-Morlaàs,64160,870,10.6,Simplicicar,pau,2
Trévignin,73100,870,12.7,TransakAuto,Agence CHAMBERY,2
Le Coudray-Saint-Germer,60850,870,13.2,TransakAuto,Agence GISORS,1
Les Mollettes,73800,870,19.6,Simplicicar,aix-les-bains,2
Rettel,57480,869,2.0,TransakAuto,"Agence BRUXELLES, BELGIQUE",2
Valentine,31800,869,2.0,Simplicicar,https://www.simplicicar.com/content/170-oncession-st-gaudens,1
Wintershouse,67590,869,4.4,TransakAuto,Agence HAGUENAU,3
Socx,59380,869,7.5,TransakAuto,Agence DUNKERQUE,3
Écrosnes,28320,869,9.8,TransakAuto,Agence RAMBOUILLET,1
Foussemagne,90150,869,10.7,AgenceAuto,belfort,2
Perrex,01540,869,14.2,TransakAuto,Agence MACON,3
Pange,57530,869,14.6,AgenceAuto,metz,1
Caujac,31190,869,14.9,TransakAuto,Agence EAUNES,1
Pouydesseaux,40120,869,15.0,TransakAuto,Agence MONT DE MARSAN,1
La Barben,13330,868,9.6,Simplicicar,salon,2
Brimeux,62170,868,13.3,TransakAuto,Agence LE TOUQUET,1
Saint-Michel-de-Rieufret,33720,868,14.1,TransakAuto,Agence CADAUJAC,1
Brélès,29810,868,17.4,TransakAuto,Agence BREST,3
Thourie,35134,868,17.4,TransakAuto,Agence CHATEAUBRIANT,1
Goyrans,31120,867,2.7,Simplicicar,toulouse-sud,6
Hon-Hergies,59570,867,10.8,TransakAuto,Agence MAUBEUGE,1
Montils,17800,867,15.2,TransakAuto,Agence SAINTES,1
Nébouzat,63210,867,16.2,TransakAuto,Agence CLERMONT FERRAND SUD,1
Polincove,62370,867,17.7,Simplicicar,saint-omer,1
Marches,26300,866,8.2,TransakAuto,Agence ROMANS SUR ISERE,3
Quérénaing,59269,865,7.2,AgenceAuto,valenciennes,2
Saint-Martin-le-Vieux,87700,865,14.8,AgenceAuto,limoges,2
Puyvert,84160,865,15.3,TransakAuto,Agence PERTUIS,1
Condé-Folie,80890,865,16.1,TransakAuto,Agence AMIENS,2
Saint-Laurent-les-Églises,87240,865,18.5,TransakAuto,Agence LIMOGES,1
Dannemois,91490,865,18.9,TransakAuto,Agence LIEUSAINT,1
Dommartin,25300,864,1.7,Simplicicar,pontarlier,2
Aussevielle,64230,864,7.0,TransakAuto,Agence PAU,2
Dénat,81120,864,7.9,TransakAuto,Agence ALBI,1
Les Ormes-sur-Voulzie,77134,864,12.3,TransakAuto,Agence PROVINS,1
Ferrette,68480,864,18.4,TransakAuto,Agence SAINT-LOUIS,2
Saramon,32450,864,19.7,TransakAuto,Agence AUCH,1
Vitrac,24200,863,2.4,TransakAuto,Agence SARLAT,1
Saint-Jean-de-Thurigneux,01390,863,6.3,TransakAuto,Agence LYON EST,4
Pelleautier,05000,863,11.1,TransakAuto,Agence GAP,1
Souvigné,79800,863,16.8,TransakAuto,"Agence NAMUR, BELGIQUE",2
Pact,38270,863,18.8,TransakAuto,Agence VIENNE,1
Marcenais,33620,863,19.5,TransakAuto,Agence LIBOURNE,1
Duran,32810,862,3.3,TransakAuto,Agence AUCH,1
Saint-Castin,64160,862,5.8,Simplicicar,pau,2
Lamarque-Pontacq,65380,862,13.7,TransakAuto,Agence TARBES,1
Hattstatt,68420,862,14.7,Simplicicar,colmar,1
Berchères-sur-Vesgre,28260,862,17.6,TransakAuto,Agence DREUX,2
Cuy,89140,861,6.0,TransakAuto,Agence SENS,1
Ferfay,62260,861,11.2,TransakAuto,Agence BETHUNE,1
Burgnac,87800,861,13.8,AgenceAuto,limoges,2
Hermival-les-Vaux,14100,861,14.8,TransakAuto,Agence DEAUVILLE,1
Meys,69610,861,16.5,Simplicicar,moto-veauche,2
Muids,27430,861,19.5,Simplicicar,vernon,1
L'Abergement-Clémenciat,01400,860,15.7,TransakAuto,Agence MACON,1
Le Gué-de-Longroi,28700,860,16.6,TransakAuto,Agence RAMBOUILLET,2
Le Vanneau-Irleau,79270,860,17.8,TransakAuto,Agence NIORT,1
Margerie-Chantagret,42560,860,18.2,Simplicicar,moto-veauche,2
Gonneville-sur-Honfleur,14600,859,11.4,TransakAuto,Agence DEAUVILLE,2
Saint-Julien-sur-Veyle,01540,859,13.9,TransakAuto,Agence MACON,3
Montrelais,44370,859,16.4,TransakAuto,Agence ANCENIS,1
Chavignon,02000,859,16.7,Simplicicar,soissons,1
Lanchères,80230,859,17.1,TransakAuto,"Agence MONS, BELGIQUE",1
Villiers-Adam,95840,858,4.5,AgenceAuto,la-croix-verte,6
Saint-Jean-de-Cornies,34160,858,8.6,AgenceAuto,montpellier-est,2
Quibou,50750,858,9.3,TransakAuto,Agence SAINT-LO,1
Ordan-Larroque,32350,858,9.7,TransakAuto,Agence AUCH,1
Alteckendorf,67270,857,11.5,TransakAuto,Agence HAGUENAU,2
Artzenheim,68320,857,12.1,Simplicicar,colmar,2
La Gresle,42460,857,17.6,TransakAuto,Agence ROANNE,1
Niederentzen,68127,857,18.0,AgenceAuto,mulhouse,2
Olby,63210,857,18.7,TransakAuto,Agence CLERMONT FERRAND SUD,1
Sideville,50690,856,7.5,TransakAuto,Agence CHERBOURG-EN-COTENTIN,1
Aubazines,19190,856,8.9,Simplicicar,brive,3
Adé,65100,856,10.1,TransakAuto,Agence TARBES,1
Docelles,88460,856,13.4,AgenceAuto,epinal,2
Doizieux,42740,856,15.0,TransakAuto,Agence SAINT ETIENNE,2
Gunsbach,68140,856,17.6,Simplicicar,colmar,1
Jolimetz,59530,856,19.1,AgenceAuto,valenciennes,1
Bascons,40090,855,8.0,TransakAuto,Agence MONT DE MARSAN,1
Roscanvel,29570,855,12.7,AgenceAuto,brest,3
La Rue-Saint-Pierre,60510,855,13.1,Simplicicar,beauvais,2
Bruc-sur-Aff,35550,855,14.9,TransakAuto,Agence REDON,1
Sainte-Hélène-du-Lac,73800,855,18.5,Simplicicar,aix-les-bains,2
Serbannes,03700,854,7.4,Simplicicar,vichy,1
Aincourt,95510,854,10.8,TransakAuto,Agence MANTES-LA-JOLIE,5
Voray-sur-l'Ognon,70190,854,12.2,TransakAuto,Agence BESANCON,3
Mittelwihr,68630,853,5.8,Simplicicar,colmar,2
Villiers-en-Désœuvre,27640,853,14.9,TransakAuto,Agence MANTES-LA-JOLIE,3
Sougy,45410,853,17.8,TransakAuto,Agence ORLEANS,1
Sauzet,30190,853,17.9,TransakAuto,Agence ALES,2
Vert,78930,852,6.4,TransakAuto,Agence MANTES-LA-JOLIE,4
Avilly-Saint-Léonard,60300,852,7.8,TransakAuto,Agence SAINT MAXIMIN,4
Massingy,74150,852,15.6,AgenceAuto,annecy,3
Fourquevaux,31450,851,10.9,AgenceAuto,toulouse-sud-est-labege,5
Épannes,79270,851,17.2,TransakAuto,Agence NIORT,1
Jaulzy,60350,851,19.8,Simplicicar,compiegne,1
Villamblard,24140,851,19.9,TransakAuto,Agence BERGERAC,1
Soisy-Bouy,77650,850,5.9,TransakAuto,Agence PROVINS,1
Clairefontaine-en-Yvelines,78120,850,6.6,TransakAuto,Agence RAMBOUILLET,1
Busset,03270,850,11.4,Simplicicar,vichy,1
Moulins-sur-Yèvre,18390,850,12.3,TransakAuto,Agence BOURGES,1
Pouligney-Lusans,25640,850,17.1,TransakAuto,Agence BESANCON,1
Saint-Sauveur,24520,849,3.9,TransakAuto,Agence BERGERAC,1
Villerbon,41000,849,6.6,TransakAuto,Agence BLOIS,1
Vétheuil,95510,849,7.3,TransakAuto,Agence MANTES-LA-JOLIE,4
Fontaine-sous-Jouy,27120,849,8.0,Simplicicar,evreux,3
Coquainvilliers,14130,849,9.2,TransakAuto,Agence DEAUVILLE,1
Sallenôves,74270,849,9.8,TransakAuto,Agence ANNECY,3
Saint-Baudille-de-la-Tour,38118,849,12.3,TransakAuto,Agence ANTHON,3
Lantignié,69430,849,16.8,TransakAuto,Agence MACON,2
Saint-Sauveur,29400,849,17.0,TransakAuto,Agence MORLAIX,1
Viglain,45600,849,17.4,TransakAuto,Agence VIERZON,1
Pécy,77970,849,19.5,TransakAuto,Agence PROVINS,1
Neuville-Saint-Amand,02100,848,4.1,TransakAuto,Agence SAINT-QUENTIN,2
Saint-Loup-de-Naud,77650,848,6.5,TransakAuto,Agence PROVINS,1
Siros,64230,848,6.7,TransakAuto,Agence PAU,2
Noyelles-sous-Bellonne,62490,848,7.0,TransakAuto,Agence DOUAI,4
Steinbrunn-le-Bas,68440,848,8.5,AgenceAuto,mulhouse-sud,4
Villons-les-Buissons,14610,848,10.5,TransakAuto,Agence CAEN,1
Pimprez,60170,848,17.2,TransakAuto,Agence COMPIEGNE,2
Érôme,26600,848,18.2,TransakAuto,Agence DAVEZIEUX,1
Saint-Christophe-sur-Guiers,38380,847,16.0,AgenceAuto,grenoble,2
Saint-Remèze,07700,847,19.8,TransakAuto,Agence BOLLENE,1
Tourgéville,14800,846,9.9,TransakAuto,Agence DEAUVILLE,1
Pierreclos,71960,846,12.7,TransakAuto,Agence MACON,1
Saint-Hilaire-la-Forêt,85440,846,18.0,TransakAuto,Agence LES SABLES D&rsquo;OLONNE,1
Caligny,61100,845,4.0,TransakAuto,Agence FLERS,1
Varzay,17460,845,7.6,TransakAuto,Agence SAINTES,1
Trespoux-Rassiels,46090,845,7.9,TransakAuto,Agence CAHORS,1
Les Déserts,73230,845,9.4,TransakAuto,Agence CHAMBERY,2
Beaucamps-Ligny,59134,845,10.0,AgenceAuto,lille-seclin,5
Camlez,22450,845,10.7,AgenceAuto,lannion,2
Morthomiers,18570,845,11.9,TransakAuto,Agence BOURGES,1
Saint-Martin-du-Bois,33910,845,12.9,TransakAuto,Agence LIBOURNE,1
Négreville,50260,845,15.4,TransakAuto,Agence CHERBOURG-EN-COTENTIN,1
Cravans,17260,845,16.7,TransakAuto,Agence SAINTES,1
Bambecque,59470,845,16.9,TransakAuto,Agence DUNKERQUE,3
Cerisé,61000,844,4.4,TransakAuto,Agence ALENCON,1
Crayssac,46150,844,9.2,TransakAuto,Agence CAHORS,1
Lépanges-sur-Vologne,88600,844,16.3,AgenceAuto,epinal,2
Boulon,14220,844,16.9,TransakAuto,Agence CAEN,1
Étouy,60600,844,18.6,Simplicicar,beauvais,2
Saint-Aubin-le-Cauf,76510,843,8.2,TransakAuto,Agence DIEPPE,1
Marsannay-le-Bois,21380,843,10.1,AgenceAuto,dijon,3
Saint-Didier-d'Aussiat,01340,843,15.8,TransakAuto,Agence BOURG-EN-BRESSE,2
Allery,80270,843,19.5,TransakAuto,Agence ABBEVILLE,1
Marcé,49140,843,19.6,AgenceAuto,angers,1
Touffreville-la-Corbeline,76190,842,4.4,TransakAuto,Agence YVETOT,2
Lignan-de-Bordeaux,33360,842,10.4,TransakAuto,Agence CADAUJAC,5
La Bourgonce,88470,842,13.3,AgenceAuto,saint-die-des-vosges,1
Sanilhac-Sagriès,30700,842,17.3,Simplicicar,nimes,3
Saint-Laurent,74800,841,4.5,Simplicicar,genevois,4
Étoutteville,76190,841,5.5,TransakAuto,Agence YVETOT,2
Venon,38610,841,9.0,TransakAuto,Agence GRENOBLE OUEST,3
Maron,54230,841,9.6,Simplicicar,nancy,3
Saint-André-de-Bâgé,01380,841,10.9,TransakAuto,Agence MACON,1
Mogneneins,01140,841,12.1,TransakAuto,Agence MACON,2
Surville,27400,841,12.9,TransakAuto,Agence ELBEUF,1
Haut-Bocage,03190,841,14.3,TransakAuto,Agence MONTLUCON,1
Le Pré-d'Auge,14340,841,15.3,TransakAuto,Agence DEAUVILLE,1
Arbin,73800,841,17.3,Simplicicar,aix-les-bains,2
Duerne,69850,841,18.9,Simplicicar,lyon-ouest,2
Le Vieil-Évreux,27930,840,3.6,Simplicicar,evreux,2
Mareuil-Caubert,80132,840,6.4,TransakAuto,Agence ABBEVILLE,1
La Genevraye,77690,840,9.0,TransakAuto,Agence FONTAINEBLEAU,1
Le Chay,17600,840,9.2,Simplicicar,royan,1
La Celle-les-Bordes,78720,840,9.7,TransakAuto,Agence RAMBOUILLET,1
Lizio,56460,840,11.0,TransakAuto,Agence PLOERMEL,1
Haux,33550,840,13.3,TransakAuto,Agence CADAUJAC,1
Vallans,79270,840,15.1,TransakAuto,Agence NIORT,1
Loguivy-Plougras,22780,840,18.7,TransakAuto,Agence BEGARD,1
Bois-Bernard,62320,839,8.2,TransakAuto,Agence LENS,4
Nérigean,33750,839,8.2,TransakAuto,Agence LIBOURNE,3
Condeissiat,01400,839,9.5,AgenceAuto,bourg-en-bresse,2
Vron,80120,839,13.0,TransakAuto,Agence LE TOUQUET,1
Corcelles-lès-Cîteaux,21910,839,16.3,TransakAuto,Agence DIJON,2
Mont-d'Origny,02390,839,16.7,TransakAuto,Agence SAINT-QUENTIN,2
La Foye-Monjault,79360,839,17.7,TransakAuto,Agence NIORT,1
Saint-Pôtan,22550,839,17.9,TransakAuto,Agence LAMBALLE,1
Noyelles-lès-Seclin,59139,838,2.1,AgenceAuto,lille-seclin,5
Hatrize,54800,838,7.3,TransakAuto,Agence SAINT-DIZIER,1
Dauphin,04300,838,9.1,TransakAuto,Agence MANOSQUE,1
Glisolles,27190,838,11.3,TransakAuto,Agence EVREUX,2
Millam,59143,838,13.2,Simplicicar,saint-omer,3
Schirrhoffen,67240,838,13.6,TransakAuto,Agence HAGUENAU,1
Torchefelon,38690,838,13.7,TransakAuto,Agence BOURGOIN-JAILLEU,1
Pey,40300,838,16.2,TransakAuto,Agence CAPBRETON,3
Sainte-Croix-du-Mont,33410,838,19.8,TransakAuto,Agence LANGON,1
Broué,28410,837,12.6,TransakAuto,Agence DREUX,1
Holque,59143,837,13.6,Simplicicar,saint-omer,2
La Chapelle-Saint-Laud,49140,837,17.9,Simplicicar,la-fleche,1
Luze,70400,836,4.7,AgenceAuto,hericourt,4
Escamps,89240,836,9.6,TransakAuto,Agence AUXERRE,1
Elnes,62380,836,11.6,Simplicicar,saint-omer,1
Langolen,29510,836,15.0,TransakAuto,Agence QUIMPER,2
Durmenach,68480,836,15.6,AgenceAuto,saint-louis,2
Rampillon,77370,836,16.6,TransakAuto,Agence PROVINS,1
Maisons-du-Bois-Lièvremont,25650,835,7.4,AgenceAuto,pontarlier,2
Dizimieu,38460,835,9.2,Simplicicar,nord-isere,3
Samazan,47250,835,15.7,TransakAuto,Agence LANGON,1
Naisey-les-Granges,25360,835,17.3,TransakAuto,Agence BESANCON,1
Villemade,82130,834,10.1,TransakAuto,Agence MONTAUBAN,2
Mortefontaine,60128,834,10.6,TransakAuto,Agence DAMMARTIN EN GOELE,4
Saint-Jean-de-Chevelu,73170,834,11.4,TransakAuto,Agence CHAMBERY,2
Puisseguin,33570,834,12.9,TransakAuto,Agence LIBOURNE,1
Grézieu-le-Marché,69610,834,15.7,Simplicicar,moto-veauche,2
Misy-sur-Yonne,77130,834,18.7,TransakAuto,Agence FONTAINEBLEAU,1
Leutenheim,67480,834,19.0,TransakAuto,Agence HAGUENAU,1
Cheminot,57420,833,2.3,TransakAuto,Agence METZ,2
Bougue,40090,833,6.5,TransakAuto,Agence MONT DE MARSAN,1
Le Tourne,33550,833,11.1,TransakAuto,Agence CADAUJAC,1
Limony,07340,833,11.4,TransakAuto,Agence DAVEZIEUX,1
Arsy,60190,832,5.9,TransakAuto,Agence COMPIEGNE,3
Les Trois-Pierres,76430,832,15.3,TransakAuto,Agence LE HAVRE,1
Saint-Germain-de-la-Coudre,61130,831,17.1,AgenceAuto,nogent-le-rotrou,1
Grèges,76370,830,4.3,TransakAuto,Agence DIEPPE,1
Montagny-les-Lanches,74600,830,5.0,AgenceAuto,annecy,3
Douelle,46140,830,5.7,TransakAuto,Agence CAHORS,1
Ners,30360,830,9.7,TransakAuto,Agence ALES,1
Verchaix,74440,830,11.5,TransakAuto,Agence SALLANCHES,1
Saillenard,71580,830,12.9,AgenceAuto,lons-le-saunier,3
Machemont,60150,830,13.6,TransakAuto,Agence COMPIEGNE,2
Saint-Hilaire-Cottes,62120,830,15.3,TransakAuto,Agence BETHUNE,1
Bulles,60130,830,16.5,Simplicicar,beauvais,2
Lupstein,67490,830,20.0,TransakAuto,Agence STRASBOURG NORD,1
Farges-lès-Chalon,71150,829,4.1,TransakAuto,Agence CHALON-SUR-SAONE,2
Monbazillac,24240,829,8.4,TransakAuto,Agence BERGERAC,1
Montolieu,11170,829,13.7,TransakAuto,Agence CARCASSONNE,2
Villers-sur-le-Roule,27940,829,15.2,Simplicicar,vernon,1
Locronan,29180,829,15.7,TransakAuto,Agence QUIMPER,2
Clessé,71260,829,18.7,TransakAuto,Agence MACON,1
Hesdigneul-lès-Béthune,62196,828,1.3,TransakAuto,Agence BETHUNE,2
Blangy-le-Château,14130,828,6.8,TransakAuto,Agence DEAUVILLE,1
Ville-sur-Jarnioux,69640,828,9.6,TransakAuto,Agence VILLEFRANCHE SUR SAONE,3
Misson,40290,828,13.8,TransakAuto,Agence DAX,2
Nibas,80390,828,14.9,TransakAuto,"Agence MONS, BELGIQUE",2
Ballon,17290,828,15.4,TransakAuto,Agence LA ROCHELLE / AYTRE,1
Plats,07300,828,15.6,Simplicicar,valence,1
Noailhac,81490,828,18.1,TransakAuto,Agence CASTRES,1
Abergement-la-Ronce,39500,827,9.3,AgenceAuto,dole,1
Hondouville,27400,827,14.2,Simplicicar,evreux,3
Valderiès,81350,827,15.0,TransakAuto,Agence ALBI,1
Poueyferré,65100,827,15.1,TransakAuto,Agence TARBES,1
Lachapelle-Saint-Pierre,60730,827,16.4,Simplicicar,st-maximin,3
Saint-Symphorien-de-Marmagne,71710,827,16.4,AgenceAuto,montceau-les-mines,1
La Buissière,38530,827,16.6,AgenceAuto,grenoble,2
Coaraze,06390,827,19.5,Simplicicar,nice,1
Bonnay,25870,826,9.2,TransakAuto,Agence BESANCON,3
Griselles,45210,826,9.5,TransakAuto,Agence MONTARGIS,1
Marcillac-Saint-Quentin,24200,826,10.0,TransakAuto,Agence SARLAT,1
Saint-Nazaire-en-Royans,26190,826,11.5,TransakAuto,Agence ROMANS SUR ISERE,1
Saales,67420,826,13.4,AgenceAuto,saint-die-des-vosges,1
Notre-Dame-de-Bliquetuit,76940,826,13.9,TransakAuto,Agence YVETOT,1
Dohem,62380,826,13.9,Simplicicar,saint-omer,1
Sougé-le-Ganelon,72130,826,15.6,TransakAuto,Agence ALENCON,1
Pont-Noyelles,80115,826,15.8,TransakAuto,Agence AMIENS,2
Pointis-de-Rivière,31210,825,4.3,Simplicicar,https://www.simplicicar.com/content/170-oncession-st-gaudens,1
Bernoy-le-Château,02200,825,6.6,Simplicicar,soissons,1
Noordpeene,59670,825,9.4,Simplicicar,saint-omer,1
Bonneville-la-Louvet,14130,825,9.7,TransakAuto,Agence DEAUVILLE,1
Curtafond,01310,825,10.4,TransakAuto,Agence BOURG-EN-BRESSE,2
Saint-Étienne-en-Bresse,71370,825,14.3,AgenceAuto,louhans,2
Montaulin,10270,825,14.5,AgenceAuto,troyes,3
Poligny,77167,825,15.9,TransakAuto,Agence FONTAINEBLEAU,1
Gouvix,14680,825,17.6,TransakAuto,Agence CAEN,1
Sainte-Marie-Cappel,59670,825,18.8,Simplicicar,saint-omer,1
Mottier,38260,825,19.8,TransakAuto,Agence BOURGOIN-JAILLEU,1
Dorans,90400,824,3.2,AgenceAuto,belfort,4
La Bouillie,22240,824,8.6,TransakAuto,Agence LAMBALLE,1
Noailly,42640,824,9.1,TransakAuto,Agence ROANNE,1
Coin-lès-Cuvry,57420,824,9.6,TransakAuto,Agence METZ,2
Zimmerbach,68230,824,12.8,Simplicicar,colmar,1
Saint-Vincent-de-Barrès,07210,824,18.9,TransakAuto,Agence MONTELIMAR,1
Vantoux,57070,823,4.6,AgenceAuto,metz,2
Étouvans,25260,823,5.1,TransakAuto,Agence MONTBELIARD,3
Plassay,17250,823,10.7,TransakAuto,Agence SAINTES,1
La Quinte,72550,823,12.8,TransakAuto,Agence LE MANS,1
Ondes,31330,822,6.0,TransakAuto,Agence FRONTON,2
Lehaucourt,02420,822,7.9,TransakAuto,Agence SAINT-QUENTIN,2
Petit-Landau,68490,822,10.2,AgenceAuto,mulhouse,4
Saint-Joseph,50700,822,12.8,TransakAuto,Agence CHERBOURG-EN-COTENTIN,1
Goxwiller,67210,822,18.3,AgenceAuto,selestat,2
Saint-Nectaire,63710,822,20.0,TransakAuto,Agence CLERMONT FERRAND SUD,1
Saint-Sulpice,73160,821,4.9,Simplicicar,aix-les-bains,2
Acy-en-Multien,60620,821,15.2,TransakAuto,Agence DAMMARTIN EN GOELE,2
Heudebouville,27400,821,18.8,Simplicicar,evreux,3
Brullioles,69690,821,18.9,TransakAuto,Agence CALUIRE-ET-CUIRE,1
Chaintreaux,77460,821,19.9,TransakAuto,Agence FONTAINEBLEAU,1
La Feuillade,24120,820,15.2,TransakAuto,Agence BRIVE-LA-GAILLARDE,2
Arrest,80820,820,15.3,TransakAuto,Agence ABBEVILLE,2
Santenay,21590,820,16.2,TransakAuto,Agence CHALON-SUR-SAONE,2
Arros-de-Nay,64800,820,17.7,TransakAuto,Agence PAU,1
Faverolles,28210,820,18.3,TransakAuto,Agence RAMBOUILLET,2
Saint-Sulpice-des-Landes,35390,820,18.8,TransakAuto,Agence CHATEAUBRIANT,1
Nivigne et Suran,01250,820,18.9,TransakAuto,Agence BOURG-EN-BRESSE,1
Saint-Brice,77160,819,3.2,TransakAuto,Agence PROVINS,1
Leuc,11250,819,7.9,Simplicicar,carcassonne,2
Carency,62144,819,10.0,TransakAuto,Agence LENS,4
Anisy,14610,819,10.8,TransakAuto,Agence CAEN,1
Serres-sur-Arget,09000,819,15.0,Simplicicar,pamiers,1
Dingy-en-Vuache,74520,819,17.6,TransakAuto,Agence GEX,3
Ruffieux,73310,819,19.7,AgenceAuto,annecy,2
Orival,76500,818,2.8,TransakAuto,Agence ELBEUF,2
Tincques,62127,818,15.8,TransakAuto,Agence BETHUNE,1
Quincy,18120,818,16.0,TransakAuto,Agence BOURGES,1
Ballersdorf,68210,818,16.3,AgenceAuto,mulhouse-sud,1
Criquetot-sur-Ouville,76760,817,2.4,AgenceAuto,yerville,2
Gravelotte,57130,817,9.9,TransakAuto,Agence SAINT-DIZIER,2
Billy,03260,817,10.1,Simplicicar,vichy,1
Thivencelle,59163,817,12.9,TransakAuto,Agence VALENCIENNES,2
Les Gras,25790,817,15.9,AgenceAuto,pontarlier,2
Parly,89240,817,19.4,TransakAuto,Agence AUXERRE,1
Pouilley-Français,25410,816,1.4,Simplicicar,besancon,4
Noyelles-sur-Escaut,59159,816,6.1,TransakAuto,Agence CAMBRAI,1
Dormelles,77130,816,7.4,TransakAuto,Agence FONTAINEBLEAU,1
Virandeville,50690,816,10.8,TransakAuto,Agence CHERBOURG-EN-COTENTIN,1
Montgaillard,65200,816,11.5,TransakAuto,Agence TARBES,1
Grazac,31190,816,13.2,TransakAuto,Agence EAUNES,1
Montbrehain,02110,816,14.2,TransakAuto,Agence SAINT-QUENTIN,2
Chambost-Allières,69870,816,15.3,TransakAuto,Agence VILLEFRANCHE SUR SAONE,1
Lampaul-Ploudalmézeau,29830,816,20.0,TransakAuto,Agence BREST,1
Vauchelles-les-Quesnoy,80132,815,5.0,TransakAuto,Agence ABBEVILLE,1
Bertangles,80260,815,5.2,TransakAuto,Agence AMIENS,2
Ville-Saint-Jacques,77130,815,5.2,TransakAuto,Agence FONTAINEBLEAU,1
Salles-Arbuissonnas-en-Beaujolais,69460,815,7.2,TransakAuto,Agence VILLEFRANCHE SUR SAONE,1
Merceuil,21190,815,7.7,Simplicicar,beaune,3
Machault,77133,815,9.2,TransakAuto,Agence FONTAINEBLEAU,1
Osthoffen,67990,815,12.8,AgenceAuto,strasbourg-nord,3
Aujargues,30250,815,14.5,TransakAuto,Agence LUNEL,4
Dompierre-sur-Helpe,59440,815,16.9,TransakAuto,Agence MAUBEUGE,1
Athée,21130,815,18.2,AgenceAuto,dole,1
Thiembronne,62560,815,19.9,Simplicicar,saint-omer,1
Le Boulay-Morin,27930,814,5.4,Simplicicar,evreux,2
Guéhenno,56420,814,9.8,TransakAuto,Agence PLOERMEL,1
Orist,40300,814,13.4,AgenceAuto,dax,3
Bligny-sur-Ouche,21360,814,17.9,Simplicicar,beaune,1
Berneuil-en-Bray,60390,813,7.9,Simplicicar,beauvais,2
Castels et Bézenac,24220,813,11.9,TransakAuto,Agence SARLAT,1
Pinterville,27400,813,17.2,TransakAuto,Agence ELBEUF,2
Rasteau,84110,813,17.2,TransakAuto,Agence ORANGE,1
Tréveneuc,22410,813,20.0,AgenceAuto,saint-brieuc,1
Sotteville-sous-le-Val,76410,812,5.4,TransakAuto,Agence ELBEUF,2
Cournon,56200,812,7.8,TransakAuto,Agence REDON,1
Saint-Clair-de-Halouze,61490,812,10.2,TransakAuto,Agence FLERS,1
Vaire,25220,812,10.9,TransakAuto,Agence BESANCON,2
Septmoncel les Molunes,39310,812,15.4,TransakAuto,Agence GEX,2
Flaujac-Poujols,46090,811,9.4,TransakAuto,Agence CAHORS,1
Menthonnex-sous-Clermont,74270,811,10.7,TransakAuto,Agence ANNECY,3
Pazayac,24120,811,16.3,TransakAuto,Agence BRIVE-LA-GAILLARDE,2
Vézelin-sur-Loire,42260,811,19.5,TransakAuto,Agence ROANNE,1
Charly-Oradour,57640,810,7.3,AgenceAuto,metz,2
Savenès,82600,810,9.0,TransakAuto,Agence FRONTON,1
Tramolé,38300,810,9.2,TransakAuto,Agence BOURGOIN-JAILLEU,1
Bellignies,59570,810,14.3,TransakAuto,Agence MAUBEUGE,2
Champeaux,77720,810,17.7,AgenceAuto,gretz-armainvilliers,3
Osenbach,68570,810,19.2,Simplicicar,colmar,1
Courcelles-lès-Gisors,60240,809,4.4,TransakAuto,Agence GISORS,2
Lullin,74470,809,7.6,TransakAuto,Agence THONON-LES-BAINS,1
Capian,33550,809,16.5,TransakAuto,Agence CADAUJAC,1
Grosville,50340,809,17.0,TransakAuto,Agence CHERBOURG-EN-COTENTIN,1
La Chapelle-Glain,44670,809,17.7,TransakAuto,Agence CHATEAUBRIANT,1
Maresches,59990,808,8.7,AgenceAuto,valenciennes,2
Badevel,25490,808,9.1,AgenceAuto,montbeliard,4
Urschenheim,68320,808,9.6,Simplicicar,colmar,1
Préchacq-les-Bains,40465,808,10.8,TransakAuto,Agence DAX,2
Guillerval,91690,808,10.8,TransakAuto,Agence ETAMPES,1
Le Mesnil-Réaume,76260,808,10.8,TransakAuto,"Agence MONS, BELGIQUE",1
Prunay-en-Yvelines,78660,808,10.8,TransakAuto,Agence RAMBOUILLET,1
Fresney-le-Puceux,14680,808,15.0,TransakAuto,Agence CAEN,1
Zellwiller,67140,808,15.4,AgenceAuto,selestat,2
Wallon-Cappel,59190,808,15.4,Simplicicar,saint-omer,1
Lanvaudan,56240,808,17.6,Simplicicar,lorient,2
Caugé,27180,807,8.7,TransakAuto,Agence EVREUX,2
Gressy,77410,807,10.0,TransakAuto,Agence CHELLES,5
Montpouillan,47200,807,13.6,TransakAuto,Agence LANGON,1
Gueberschwihr,68420,807,16.0,Simplicicar,colmar,1
Offwiller,67340,807,18.0,TransakAuto,Agence HAGUENAU,1
Saliès,81990,806,1.9,TransakAuto,Agence ALBI,1
Villette-lès-Dole,39100,806,4.3,AgenceAuto,dole,1
Saint-Servant,56120,806,8.6,TransakAuto,Agence PLOERMEL,1
Genneville,14600,806,9.7,TransakAuto,Agence DEAUVILLE,2
Saint-Martin-de-Bernegoue,79230,806,10.2,TransakAuto,Agence NIORT,2
Charmes-sur-l'Herbasse,26260,806,13.4,TransakAuto,Agence ROMANS SUR ISERE,1
Terrats,66300,806,15.0,TransakAuto,Agence PERPIGNAN NORD SAINT ESTEVE,2
Lachelle,60190,805,3.6,TransakAuto,Agence COMPIEGNE,2
Cierrey,27930,805,6.7,Simplicicar,evreux,3
Grussenheim,68320,805,8.5,Simplicicar,colmar,2
Lavoûte-sur-Loire,43800,805,8.6,Simplicicar,puy-en-velay,1
Saint-Martin-de-la-Brasque,84760,805,10.3,TransakAuto,Agence PERTUIS,2
Menville,31530,805,10.4,TransakAuto,Agence TOULOUSE OUEST,4
Lainville-en-Vexin,78440,805,10.5,AgenceAuto,epone,5
Cléty,62380,805,11.0,Simplicicar,saint-omer,1
Bonzac,33910,805,11.1,TransakAuto,Agence LIBOURNE,1
Étrépilly,77139,805,12.5,TransakAuto,Agence MEAUX,2
Ormoy-Villers,60800,805,13.9,TransakAuto,Agence DAMMARTIN EN GOELE,1
Sévignacq,64160,805,13.9,Simplicicar,pau,1
Tours-en-Vimeu,80210,805,15.2,TransakAuto,Agence ABBEVILLE,1
Barbaira,11800,805,16.9,Simplicicar,carcassonne,2
Kerlaz,29100,805,18.3,TransakAuto,Agence QUIMPER,1
Troisvilles,59980,805,18.8,TransakAuto,Agence CAMBRAI,1
Pont-en-Royans,38680,805,19.2,TransakAuto,Agence ROMANS SUR ISERE,1
Mésigny,74330,804,7.6,TransakAuto,Agence ANNECY,3
Saint-Pierre-Bois,67220,804,9.7,AgenceAuto,selestat,1
Neffes,05000,804,10.0,TransakAuto,Agence GAP,1
Waldwisse,57480,804,12.0,TransakAuto,"Agence BRUXELLES, BELGIQUE",1
Escurolles,03110,804,12.5,Simplicicar,vichy,1
Allerey-sur-Saône,71350,804,14.0,Simplicicar,beaune,3
Émerchicourt,59580,804,15.2,TransakAuto,Agence CAMBRAI,4
Cauneille,40300,804,15.6,TransakAuto,Agence DAX,2
Cramoisy,60660,803,5.0,Simplicicar,st-maximin,3
Saint-Rémy-Boscrocourt,76260,803,5.8,TransakAuto,"Agence MONS, BELGIQUE",1
Galfingue,68990,803,6.5,AgenceAuto,mulhouse-sud,2
Elsenheim,67390,803,9.6,Simplicicar,colmar,2
Les Maillys,21130,803,14.3,AgenceAuto,dole,1
Guilligomarc'h,29300,803,18.5,Simplicicar,lorient,1
Marcq,78770,802,11.2,AgenceAuto,epone,4
Rantzwiller,68510,802,11.4,AgenceAuto,mulhouse-sud,4
Le Castéra,31530,802,12.0,TransakAuto,Agence TOULOUSE OUEST,2
Rouvres,28260,802,12.4,TransakAuto,Agence DREUX,1
Acquin-Westbécourt,62380,802,13.1,Simplicicar,saint-omer,1
Turenne,19500,801,11.6,TransakAuto,Agence BRIVE-LA-GAILLARDE,2
Bonnac,09100,801,13.1,Simplicicar,pamiers,1
Mittainvilliers-Vérigny,28190,801,13.5,TransakAuto,Agence CHARTRES,1
Dommartin-lès-Cuiseaux,71480,801,15.5,AgenceAuto,louhans,1
Saulnières,35320,801,18.7,Simplicicar,rennes,1
La Rue-Saint-Pierre,76690,800,14.4,TransakAuto,Agence ROUEN,1
Coise,69590,800,15.8,Simplicicar,moto-veauche,3
Sandouville,76430,799,8.7,TransakAuto,Agence LE HAVRE,1
Corent,63730,799,11.9,TransakAuto,Agence CLERMONT FERRAND SUD,1
Canals,82170,798,2.4,TransakAuto,Agence FRONTON,2
Saint-Côme-et-Maruéjols,30870,798,12.6,Simplicicar,nimes,4
Plounérin,22780,798,18.5,TransakAuto,Agence BEGARD,1
Saint-Bonnet-du-Gard,30210,798,19.0,AgenceAuto,nimes,2
Saint-Victor-Malescours,43140,798,19.5,TransakAuto,Agence SAINT ETIENNE,1
Lemps,07610,798,19.9,TransakAuto,Agence DAVEZIEUX,1
Poincy,77470,797,5.7,TransakAuto,Agence MEAUX,3
Hamel,59151,797,10.1,TransakAuto,Agence DOUAI,4
Le Pin,14590,797,12.9,TransakAuto,Agence DEAUVILLE,1
Souillé,72380,797,15.2,TransakAuto,Agence LE MANS,1
Graignes-Mesnil-Angot,50620,797,17.0,TransakAuto,Agence SAINT-LO,1
Saint-Hilaire-du-Maine,53380,797,19.5,TransakAuto,Agence LAVAL,1
Landrais,17290,797,19.6,TransakAuto,Agence LA ROCHELLE / AYTRE,1
Banville,14480,797,19.7,TransakAuto,Agence CAEN,1
Pessines,17810,796,4.5,TransakAuto,Agence SAINTES,1
Saint-Martin-le-Châtel,01310,796,10.9,TransakAuto,Agence BOURG-EN-BRESSE,2
Pechs-de-l'Espérance,24370,796,13.5,TransakAuto,Agence SARLAT,1
La Chapelle-Vendômoise,41330,795,11.8,TransakAuto,Agence BLOIS,1
Bootzheim,67390,795,13.1,AgenceAuto,selestat,2
Valflaunès,34270,795,17.5,AgenceAuto,montpellier-est,1
Lias,32600,794,4.0,AgenceAuto,toulouse-fontenilles,2
Roclincourt,62223,794,4.2,Simplicicar,arras,4
Saiguède,31470,794,4.5,AgenceAuto,toulouse-fontenilles,2
Lessy,57160,794,5.0,AgenceAuto,metz,2
Taillebourg,17350,794,11.8,TransakAuto,Agence SAINTES,1
Nancras,17600,794,14.5,Simplicicar,royan,2
Lavalette,31590,793,6.5,AgenceAuto,toulouse-nord,4
Jambville,78440,793,9.8,AgenceAuto,epone,7
Bosgouet,27310,793,14.9,TransakAuto,Agence ELBEUF,1
Monthou-sur-Bièvre,41120,793,17.0,TransakAuto,Agence BLOIS,1
Bellecombe-en-Bauges,73340,793,17.8,AgenceAuto,annecy,3
Saint-Martin-sur-le-Pré,51520,792,5.9,AgenceAuto,chalons-en-champagne,1
Vaux,57130,792,8.1,AgenceAuto,metz,3
Courçay,37310,792,13.7,Simplicicar,tours,3
Émanville,76570,791,7.3,AgenceAuto,yerville,3
Fresnicourt-le-Dolmen,62150,791,7.5,TransakAuto,Agence BETHUNE,2
Craywick,59279,791,9.9,TransakAuto,Agence DUNKERQUE,3
Glisy,80440,791,10.7,AgenceAuto,amiens,2
Chênex,74520,791,14.7,TransakAuto,Agence GEX,3
Locquénolé,29670,790,6.2,TransakAuto,Agence MORLAIX,1
Champey,70400,790,6.7,AgenceAuto,hericourt,4
Lesdins,02100,790,7.0,TransakAuto,Agence SAINT-QUENTIN,2
Culin,38300,790,8.6,TransakAuto,Agence BOURGOIN-JAILLEU,1
Ressons-le-Long,02290,790,14.8,Simplicicar,soissons,1
Plesder,35720,790,16.5,AgenceAuto,saint-malo,1
Monferran-Savès,32490,790,16.7,AgenceAuto,toulouse-fontenilles,1
Maisonsgoutte,67220,790,17.8,AgenceAuto,selestat,1
Sainte-Ouenne,79220,789,8.6,TransakAuto,"Agence NAMUR, BELGIQUE",2
Mélicocq,60150,789,10.8,TransakAuto,Agence COMPIEGNE,2
Saint-André-sur-Cailly,76690,789,11.7,TransakAuto,Agence ROUEN,1
Gajan,30730,789,13.2,Simplicicar,nimes,3
La Laupie,26740,789,15.8,TransakAuto,Agence MONTELIMAR,1
Villethierry,89140,789,17.4,TransakAuto,Agence SENS,1
Muille-Villette,80400,789,19.5,AgenceAuto,saint-quentin,1
Thun-l'Évêque,59141,788,6.0,TransakAuto,Agence CAMBRAI,1
Vandoncourt,25230,788,7.5,AgenceAuto,montbeliard,4
Voiteur,39210,788,7.6,TransakAuto,Agence LONS LE SAUNIER,2
Ferrières-sur-Ariège,09000,788,13.7,Simplicicar,pamiers,1
Geay,17250,788,14.9,TransakAuto,Agence SAINTES,1
Torcy-le-Grand,76590,788,15.3,TransakAuto,Agence DIEPPE,1
Ry,76116,787,16.4,TransakAuto,Agence ROUEN,1
Monoblet,30170,787,17.2,TransakAuto,Agence ALES,1
Aillas,33124,786,6.0,TransakAuto,Agence LANGON,1
Préserville,31570,786,10.3,AgenceAuto,toulouse-sud-est-labege,5
Sainte-Barbe,57640,786,11.5,AgenceAuto,metz,1
Motteville,76970,785,4.1,AgenceAuto,yerville,2
Gargas,31620,785,9.6,Simplicicar,toulouse-nord,4
Torteron,18320,785,10.9,AgenceAuto,nevers,1
Ouerre,28500,785,11.6,TransakAuto,Agence DREUX,1
Jeandelaincourt,54114,785,13.4,TransakAuto,Agence METZ,1
Bourdeilles,24310,785,15.8,TransakAuto,Agence PERIGUEUX,1
Puycornet,82220,785,17.8,TransakAuto,Agence MONTAUBAN,2
Oulchy-le-Château,02210,785,18.1,Simplicicar,soissons,1
Seychalles,63190,785,18.4,TransakAuto,Agence CLERMONT FERRAND SUD,1
Pallud,73200,784,4.1,TransakAuto,Agence ALBERTVILLE,1
La Selle-en-Hermoy,45210,784,8.4,TransakAuto,Agence MONTARGIS,1
Saint-Étienne-la-Varenne,69460,784,10.3,TransakAuto,Agence VILLEFRANCHE SUR SAONE,1
Cagnotte,40300,784,11.2,TransakAuto,Agence DAX,2
Neugartheim-Ittlenheim,67370,784,13.2,TransakAuto,Agence STRASBOURG NORD,2
Saint-Pierre-de-Mésage,38220,784,15.9,TransakAuto,Agence GRENOBLE OUEST,1
Courtois-sur-Yonne,89100,783,4.1,TransakAuto,Agence SENS,1
Coulanges-la-Vineuse,89580,783,4.8,TransakAuto,Agence AUXERRE,1
Ponts-et-Marais,76260,783,5.7,TransakAuto,"Agence MONS, BELGIQUE",1
Louvetot,76490,783,6.9,TransakAuto,Agence YVETOT,2
Bouvaincourt-sur-Bresle,80220,783,8.5,TransakAuto,"Agence MONS, BELGIQUE",1
Izier,21110,783,8.9,TransakAuto,Agence DIJON,3
Lynde,59173,783,12.2,Simplicicar,saint-omer,1
Acq,62144,783,12.3,Simplicicar,arras,4
Épretot,76430,782,8.6,TransakAuto,Agence LE HAVRE,1
Quatzenheim,67117,782,10.8,TransakAuto,Agence STRASBOURG NORD,3
Aigremont,30350,782,13.9,TransakAuto,Agence ALES,1
Domessargues,30350,782,14.3,TransakAuto,Agence ALES,1
Serves-sur-Rhône,26600,782,16.5,TransakAuto,Agence DAVEZIEUX,1
Chamboret,87140,782,19.2,TransakAuto,Agence LIMOGES,1
Moon-sur-Elle,50680,781,11.7,TransakAuto,Agence SAINT-LO,1
Corbère,66130,781,17.7,TransakAuto,Agence PERPIGNAN NORD SAINT ESTEVE,1
Wentzwiller,68220,780,5.2,TransakAuto,Agence SAINT-LOUIS,2
Villette-sur-Ain,01320,780,12.8,Simplicicar,meximieux,1
Combas,30250,780,18.8,Simplicicar,nimes,1
Urville,14190,779,18.6,TransakAuto,Agence CAEN,1
Domats,89150,779,19.6,TransakAuto,Agence SENS,1
Nayemont-les-Fosses,88100,778,3.6,AgenceAuto,saint-die-des-vosges,1
Villaines-sous-Bois,95570,778,4.3,AgenceAuto,la-croix-verte,6
Bazincourt-sur-Epte,27140,778,4.9,TransakAuto,Agence GISORS,1
Allonville,80260,778,9.3,TransakAuto,Agence AMIENS,2
Bermerain,59213,778,11.1,AgenceAuto,valenciennes,2
Thieux,77230,778,11.4,TransakAuto,Agence DAMMARTIN EN GOELE,5
La Terrasse-sur-Dorlay,42740,778,14.5,TransakAuto,Agence SAINT ETIENNE,1
Mazères,33210,778,17.3,TransakAuto,Agence LANGON,1
Filstroff,57320,778,17.5,TransakAuto,"Agence BRUXELLES, BELGIQUE",1
Laissaud,73800,778,19.4,Simplicicar,aix-les-bains,2
Montagny-lès-Beaune,21200,777,4.5,Simplicicar,beaune,1
Succieu,38300,777,9.7,TransakAuto,Agence BOURGOIN-JAILLEU,1
Alix,69380,777,10.8,TransakAuto,Agence VILLEFRANCHE SUR SAONE,4
Bény,01370,777,13.0,TransakAuto,Agence BOURG-EN-BRESSE,2
Espinasses,05190,777,13.0,TransakAuto,Agence GAP,1
Saint-Péravy-la-Colombe,45310,777,18.4,Simplicicar,orleans,2
Lay,42470,777,18.5,TransakAuto,Agence ROANNE,1
Les Combes,25500,777,19.2,AgenceAuto,pontarlier,2
Ver-lès-Chartres,28630,776,5.5,TransakAuto,Agence CHARTRES,1
Poyartin,40380,776,13.8,TransakAuto,Agence DAX,2
La Brosse-Montceaux,77940,776,14.2,TransakAuto,Agence FONTAINEBLEAU,1
Saint-Prix,03120,776,19.4,Simplicicar,vichy,1
Miniac-sous-Bécherel,35190,776,19.6,TransakAuto,Agence RENNES OUEST,1
Garrigues-Sainte-Eulalie,30190,776,20.0,Simplicicar,nimes,1
Huest,27930,775,1.9,Simplicicar,evreux,2
Dalou,09120,775,3.7,Simplicicar,pamiers,1
Rancé,01390,775,7.1,TransakAuto,Agence LYON EST,5
Saint-Vincent-de-Barbeyrargues,34730,775,9.1,AgenceAuto,montpellier-est,4
Rombach-le-Franc,68660,775,16.0,AgenceAuto,selestat,2
Saint-Ours,73410,775,17.2,AgenceAuto,annecy,4
Saint-Lubin-en-Vergonnois,41190,774,10.3,TransakAuto,Agence BLOIS,1
Bettant,01500,774,13.2,Simplicicar,meximieux,1
Grand-Auverné,44520,774,15.0,TransakAuto,Agence CHATEAUBRIANT,1
Soppe-le-Bas,68780,774,15.0,AgenceAuto,mulhouse-sud,1
Arvieu,12120,774,19.5,TransakAuto,Agence RODEZ,1
Larnod,25720,773,6.0,Simplicicar,caen,4
Haudivillers,60510,773,11.0,TransakAuto,Agence BEAUVAIS,2
Brannay,89150,773,12.4,TransakAuto,Agence SENS,1
Saint-Aulaire,19130,773,15.9,TransakAuto,Agence BRIVE-LA-GAILLARDE,2
Plesnois,57140,772,6.0,AgenceAuto,metz,2
Monchy-Humières,60113,772,8.5,TransakAuto,Agence COMPIEGNE,2
Verquières,13670,772,12.7,TransakAuto,Agence L&rsquo;ISLE SUR LA SORGUE,2
Chevincourt,60150,772,13.3,TransakAuto,Agence COMPIEGNE,2
Hagenbach,68210,772,13.6,AgenceAuto,mulhouse-sud,1
Vieux-Manoir,76750,772,17.0,TransakAuto,Agence ROUEN,1
Vacquières,34270,772,17.6,AgenceAuto,montpellier-est,2
Wilwisheim,67270,772,19.3,TransakAuto,Agence HAGUENAU,2
Saint-Étienne-Lardeyrol,43260,771,5.4,Simplicicar,puy-en-velay,1
La Baronnie,27220,771,10.0,TransakAuto,Agence EVREUX,2
Vénérand,17100,771,10.9,TransakAuto,Agence SAINTES,1
Brillon,59178,771,11.2,TransakAuto,Agence VALENCIENNES,2
Wargnies-le-Petit,59144,771,14.8,AgenceAuto,valenciennes,3
Pelves,62118,770,8.0,TransakAuto,Agence ARRAS,4
Saint-Cyr,71240,770,12.2,AgenceAuto,chalon-sur-saone,2
Salles-sur-l'Hers,11410,770,14.0,TransakAuto,Agence VILLEFRANCHE-DE-LAURAGAIS,1
Le Mesnil-Théribus,60240,770,15.3,TransakAuto,Agence GISORS,3
Coulomby,62380,770,18.9,Simplicicar,saint-omer,1
Wittersdorf,68130,769,13.3,AgenceAuto,mulhouse-sud,1
Séguret,84110,769,18.9,TransakAuto,Agence ORANGE,1
Muzy,27650,768,3.2,TransakAuto,Agence DREUX,1
Piscop,95350,768,5.8,TransakAuto,Agence ENGHIEN-LES-BAINS,8
Gavrelle,62580,768,6.6,Simplicicar,arras,4
Saint-Étienne-au-Temple,51460,768,8.5,AgenceAuto,chalons-en-champagne,1
Monsteroux-Milieu,38122,768,9.4,TransakAuto,Agence VIENNE,2
Mackenheim,67390,768,13.5,AgenceAuto,selestat,2
Arc-sous-Cicon,25520,768,14.2,Simplicicar,pontarlier,2
Chavannes,26260,768,15.0,TransakAuto,Agence ROMANS SUR ISERE,1
Wuenheim,68500,768,17.0,AgenceAuto,mulhouse-sud,2
Carsan,30130,768,19.2,TransakAuto,Agence BOLLENE,1
Saint-Vital,73460,767,6.2,TransakAuto,Agence ALBERTVILLE,1
Pournoy-la-Grasse,57420,767,10.6,TransakAuto,Agence METZ,2
Beaumont-sur-Vesle,51360,767,17.1,Simplicicar,reims,2
Chemy,59147,766,4.3,TransakAuto,Agence SECLIN,7
Villeconin,91580,766,5.2,TransakAuto,Agence ETAMPES,1
Hagenthal-le-Haut,68220,766,7.8,TransakAuto,Agence SAINT-LOUIS,2
Mesnil-Panneville,76570,766,7.8,AgenceAuto,yerville,2
Bouvines,59830,766,9.6,AgenceAuto,wasquehal,6
Belleau,54610,766,11.1,TransakAuto,Agence METZ,1
Boëseghem,59189,766,14.4,Simplicicar,saint-omer,1
Bondigoux,31340,766,20.0,TransakAuto,Agence FRONTON,1
Gellainville,28630,765,6.0,TransakAuto,Agence CHARTRES,1
Landisacq,61100,765,6.6,TransakAuto,Agence FLERS,1
Kriegsheim,67170,765,7.9,TransakAuto,Agence HAGUENAU,3
Bagnols,69620,765,11.7,TransakAuto,Agence CALUIRE-ET-CUIRE,3
Clévilliers,28300,765,15.1,TransakAuto,Agence CHARTRES,1
Monneville,60240,765,15.7,TransakAuto,Agence GISORS,3
Le Juch,29100,765,16.2,TransakAuto,Agence QUIMPER,2
Le Tablier,85310,765,17.8,TransakAuto,Agence LA ROCHE SUR YON,1
Lully,74890,764,1.4,TransakAuto,Agence THONON-LES-BAINS,3
Lescout,81110,764,3.9,TransakAuto,Agence CASTRES,1
Breuil-Bois-Robert,78930,764,6.7,TransakAuto,Agence MANTES-LA-JOLIE,4
Aurensan,65390,764,10.7,TransakAuto,Agence TARBES,1
Hérissart,80260,764,15.7,TransakAuto,Agence AMIENS,1
Desingy,74270,764,16.1,TransakAuto,Agence ANNECY,3
Talais,33590,764,18.2,Simplicicar,royan,1
Brin-sur-Seille,54280,764,19.3,AgenceAuto,nancy,2
Vauxbuin,02200,763,4.5,Simplicicar,soissons,1
Lesches,77450,763,4.7,AgenceAuto,chessy,4
Malrevers,43800,763,5.1,Simplicicar,puy-en-velay,1
Denney,90160,763,5.9,AgenceAuto,belfort,3
Montret,71440,763,9.6,AgenceAuto,louhans,2
Malicorne,03600,763,14.3,TransakAuto,Agence MONTLUCON,1
Grand-Camp,76170,763,15.7,TransakAuto,Agence YVETOT,1
Échenon,21170,763,16.3,AgenceAuto,dole,1
Blandy,77115,763,18.3,TransakAuto,Agence LIEUSAINT,3
Saint-Gravé,56220,763,18.3,TransakAuto,Agence REDON,1
Saint-Martin-de-la-Lieue,14100,763,19.2,TransakAuto,Agence DEAUVILLE,1
Ginestet,24130,762,10.0,TransakAuto,Agence BERGERAC,1
Florentin,81150,762,10.1,TransakAuto,Agence ALBI,1
Ternand,69620,762,15.8,TransakAuto,Agence VILLEFRANCHE SUR SAONE,1
Dahlenheim,67310,762,16.4,AgenceAuto,strasbourg-nord,3
Lignerolles,03410,760,9.4,TransakAuto,Agence MONTLUCON,1
Ambutrix,01500,760,11.0,Simplicicar,meximieux,1
Isles-les-Meldeuses,77440,760,12.5,TransakAuto,Agence MEAUX,1
Trébons,65200,760,14.0,TransakAuto,Agence TARBES,1
Sansais,79270,760,14.2,TransakAuto,Agence NIORT,2
Hangest-sur-Somme,80310,760,14.5,TransakAuto,Agence AMIENS,2
Gironville-sur-Essonne,91720,760,17.7,TransakAuto,Agence ETAMPES,1
Plougonver,22810,760,18.0,TransakAuto,Agence BEGARD,1
La Clisse,17600,759,7.1,TransakAuto,Agence SAINTES,1
Villemer,77250,759,7.7,TransakAuto,Agence FONTAINEBLEAU,1
Pisany,17600,759,10.8,TransakAuto,Agence SAINTES,2
Sainte-Anne-sur-Gervonde,38440,759,11.2,TransakAuto,Agence BOURGOIN-JAILLEU,1
Ganac,09000,759,15.8,Simplicicar,pamiers,1
Chuyer,42410,759,17.2,Simplicicar,vienne,2
Saint-Aubin-d'Écrosville,27110,759,18.8,TransakAuto,Agence ELBEUF,2
Gauriac,33710,759,19.5,TransakAuto,Agence BORDEAUX RIVE DROITE,2
Vinzelles,71680,758,1.8,TransakAuto,Agence MACON,1
Téthieu,40990,758,7.7,TransakAuto,Agence DAX,2
Saulnot,70400,758,10.3,AgenceAuto,hericourt,4
Saint-Fromond,50620,758,14.1,TransakAuto,Agence SAINT-LO,1
La Chaussée-sur-Marne,51240,758,15.6,AgenceAuto,chalons-en-champagne,1
Serraval,74230,758,16.6,TransakAuto,Agence ALBERTVILLE,1
Awoingt,59400,757,4.3,TransakAuto,Agence CAMBRAI,1
Soindres,78200,757,5.0,TransakAuto,Agence MANTES-LA-JOLIE,3
Rully,60810,757,9.7,AgenceAuto,senlis,6
La Chapelle-de-Surieu,38150,757,13.8,TransakAuto,Agence VIENNE,2
Sainte-Marguerite-d'Elle,14330,757,15.1,TransakAuto,Agence SAINT-LO,1
Brains-sur-Gée,72550,757,15.6,TransakAuto,Agence LE MANS,1
Chevrier,74520,757,16.6,TransakAuto,Agence GEX,2
Salmiech,12120,757,18.1,TransakAuto,Agence RODEZ,3
Nerville-la-Forêt,95590,756,3.3,AgenceAuto,la-croix-verte,6
Saint-Maurice-de-Rémens,01500,756,7.8,Simplicicar,meximieux,1
Diors,36130,756,8.2,TransakAuto,Agence CHATEAUROUX,2
Ouilly-le-Vicomte,14100,756,11.7,TransakAuto,Agence DEAUVILLE,1
Staple,59190,756,13.0,Simplicicar,saint-omer,1
Durfort-et-Saint-Martin-de-Sossenac,30170,756,13.7,TransakAuto,Agence ALES,1
Dampierre-sur-Avre,28350,756,15.3,TransakAuto,Agence DREUX,1
Bernay-Neuvy-en-Champagne,72240,756,19.1,TransakAuto,Agence LE MANS,1
Esserts-Blay,73540,755,5.2,TransakAuto,Agence ALBERTVILLE,1
Geyssans,26750,755,7.4,TransakAuto,Agence ROMANS SUR ISERE,1
Gimel-les-Cascades,19800,755,7.7,AgenceAuto,tulle,1
Pommérieux,57420,755,7.9,TransakAuto,Agence METZ,2
Évecquemont,78740,754,8.4,AgenceAuto,cergy-pontoise,7
Féy,57420,754,10.0,TransakAuto,Agence METZ,2
Saint-Denis-de-Méré,14110,754,11.2,TransakAuto,Agence FLERS,1
Compans,77290,754,12.5,TransakAuto,Agence CHELLES,5
Chasteaux,19600,754,13.2,TransakAuto,Agence BRIVE-LA-GAILLARDE,2
Dampierre-sur-Linotte,70230,753,11.0,AgenceAuto,vesoul,1
Narcastet,64510,753,11.3,TransakAuto,Agence PAU,2
Buire-le-Sec,62870,753,12.0,TransakAuto,Agence LE TOUQUET,1
Saint-Maurice-de-Cazevieille,30360,753,14.9,TransakAuto,Agence ALES,1
Armeau,89500,753,17.8,TransakAuto,Agence SENS,1
Soulignonne,17250,752,10.7,TransakAuto,Agence SAINTES,1
Galargues,34160,752,12.9,TransakAuto,Agence LUNEL,2
Bordes,65190,752,13.9,TransakAuto,Agence TARBES,1
Chabrillan,26400,752,17.6,TransakAuto,Agence VALENCE,1
Pontigny,89230,752,20.0,TransakAuto,Agence AUXERRE,1
Fay,72550,751,8.5,TransakAuto,Agence LE MANS,1
Degré,72550,751,11.1,TransakAuto,Agence LE MANS,1
Saulnières,28500,751,11.8,TransakAuto,Agence DREUX,1
Mont-Notre-Dame,02220,751,18.4,Simplicicar,soissons,1
Mirepeisset,11120,750,14.4,Simplicicar,narbonne,2
Béceleuf,79160,750,14.9,TransakAuto,"Agence NAMUR, BELGIQUE",2
Thiescourt,60310,750,18.0,TransakAuto,Agence COMPIEGNE,2
Francescas,47600,750,18.9,TransakAuto,Agence AGEN,1
Saint-Pandelon,40180,749,3.8,TransakAuto,Agence DAX,2
Chalmaison,77650,749,8.4,TransakAuto,Agence PROVINS,1
Huppy,80140,749,12.7,TransakAuto,Agence ABBEVILLE,1
Croignon,33750,749,13.7,TransakAuto,Agence LIBOURNE,4
Badens,11800,749,15.9,Simplicicar,carcassonne,2
Saint-Affrique-les-Montagnes,81290,748,6.8,TransakAuto,Agence CASTRES,1
Schweighouse-Thann,68520,748,8.7,AgenceAuto,mulhouse-sud,2
Gommerville,76430,748,12.4,TransakAuto,Agence LE HAVRE,1
Wanquetin,62123,748,13.7,TransakAuto,Agence ARRAS,2
Saint-Vaast-d'Équiqueville,76510,748,16.9,TransakAuto,Agence DIEPPE,1
Hautecourt-Romanèche,01250,748,18.2,TransakAuto,Agence BOURG-EN-BRESSE,2
Rivas,42340,747,3.2,Simplicicar,moto-veauche,3
Précy-sur-Marne,77410,747,6.3,AgenceAuto,chessy,5
Étigny,89510,747,7.5,TransakAuto,Agence SENS,1
Wittersheim,67670,747,8.3,TransakAuto,Agence HAGUENAU,3
Saint-Paul-sur-Yenne,73170,747,10.8,TransakAuto,Agence CHAMBERY,2
Squiffiec,22200,747,11.6,TransakAuto,Agence BEGARD,1
La Boissière-École,78125,747,13.3,TransakAuto,Agence RAMBOUILLET,1
Boutenac,11200,747,14.6,TransakAuto,Agence NARBONNE,2
Moissieu-sur-Dolon,38270,747,15.0,TransakAuto,Agence VIENNE,2
Roiffé,86120,747,16.8,TransakAuto,Agence SAUMUR,1
Saint-Caprais,18400,747,18.4,TransakAuto,Agence BOURGES,1
Puyravault,17700,747,19.3,TransakAuto,Agence LA ROCHELLE / AYTRE,1
Condé-sur-Marne,51150,747,19.4,AgenceAuto,chalons-en-champagne,1
Fontet,33190,746,2.2,TransakAuto,Agence LANGON,1
Luemschwiller,68720,746,9.0,AgenceAuto,mulhouse-sud,3
Martainville-Épreville,76116,746,14.0,TransakAuto,Agence ROUEN,1
Houx,28130,746,15.5,TransakAuto,Agence RAMBOUILLET,2
La Combe-de-Lancey,38190,745,9.0,TransakAuto,Agence GRENOBLE EST,3
Lachapelle-sous-Chaux,90300,745,11.4,AgenceAuto,belfort,2
Saint-Laurent-de-Gosse,40390,745,13.8,TransakAuto,Agence CAPBRETON,2
Saint-Victor-l'Abbaye,76890,745,17.7,AgenceAuto,yerville,1
Avolsheim,67120,745,18.8,AgenceAuto,strasbourg-nord,3
Pessat-Villeneuve,63200,745,19.3,TransakAuto,Agence CLERMONT FERRAND SUD,1
Autruy-sur-Juine,45480,745,19.8,TransakAuto,Agence ETAMPES,1
Thorée-les-Pins,72800,744,10.3,Simplicicar,la-fleche,1
Hennezis,27700,744,10.5,Simplicicar,vernon,2
Issigeac,24560,744,14.4,TransakAuto,Agence BERGERAC,1
Le Bonhomme,68650,744,14.4,AgenceAuto,saint-die-des-vosges,1
Mouettes,27220,744,14.7,TransakAuto,Agence DREUX,2
Bernac-Debat,65360,743,6.8,TransakAuto,Agence TARBES,1
Chalain-le-Comtal,42600,743,11.5,Simplicicar,moto-veauche,2
Steinsoultz,68640,743,14.1,AgenceAuto,saint-louis,2
Bouglainval,28130,743,14.6,TransakAuto,Agence CHARTRES,1
Tillenay,21130,743,15.7,AgenceAuto,dole,1
Sainte-Sabine-sur-Longève,72380,743,18.3,TransakAuto,Agence LE MANS,1
Wickerschwihr,68320,742,4.4,Simplicicar,colmar,2
Notre-Dame-de-la-Mer,78270,742,6.4,Simplicicar,vernon,3
Lougres,25260,742,8.5,TransakAuto,Agence MONTBELIARD,3
Saint-Germain-Laxis,77950,742,10.9,TransakAuto,Agence LIEUSAINT,3
Île-Tudy,29980,742,12.9,AgenceAuto,quimper,2
Weckolsheim,68600,742,15.8,Simplicicar,colmar,1
Messey-sur-Grosne,71390,742,16.6,TransakAuto,Agence CHALON-SUR-SAONE,2
Izel-lès-Hameau,62690,742,19.6,Simplicicar,arras,2
Bois-Jérôme-Saint-Ouen,27620,741,5.4,AgenceAuto,vernon,3
Canly,60680,741,6.2,TransakAuto,Agence COMPIEGNE,3
Rombies-et-Marchipont,59990,741,10.8,AgenceAuto,valenciennes,2
La Bourdinière-Saint-Loup,28360,741,12.1,TransakAuto,Agence CHARTRES,1
Marcq-en-Ostrevent,59252,741,12.5,TransakAuto,Agence CAMBRAI,4
Espiet,33420,741,12.8,TransakAuto,Agence LIBOURNE,1
Sigoyer,05130,741,14.4,TransakAuto,Agence GAP,1
Bourg-Beaudouin,27380,741,17.6,TransakAuto,Agence ROUEN,1
Saint-Just-d'Avray,69870,741,19.2,TransakAuto,Agence VILLEFRANCHE SUR SAONE,1
Ruffey-lès-Beaune,21200,740,3.9,Simplicicar,beaune,1
Cambron,80132,740,5.3,TransakAuto,Agence ABBEVILLE,1
Les Essards,17250,740,10.5,TransakAuto,Agence SAINTES,1
Petit-Palais-et-Cornemps,33570,740,15.7,TransakAuto,Agence LIBOURNE,1
Saint-Étienne-d'Orthe,40300,740,17.5,TransakAuto,Agence CAPBRETON,3
Bonson,06830,740,19.0,Simplicicar,nice,3
Villeneuve-du-Paréage,09100,739,11.1,Simplicicar,pamiers,1
Champdeuil,77390,739,11.7,TransakAuto,Agence BRIE-COMTE-ROBERT,3
Valfleury,42320,739,12.1,TransakAuto,Agence SAINT ETIENNE,3
Torcieu,01230,739,16.0,Simplicicar,meximieux,1
Roville-devant-Bayon,54290,739,19.2,TransakAuto,Agence NANCY,1
Houchin,62620,738,3.0,TransakAuto,Agence BETHUNE,2
Bussy-Saint-Martin,77600,738,5.3,TransakAuto,Agence CHELLES,8
Saint-Faust,64110,738,5.5,TransakAuto,Agence PAU,2
Ruffey-sur-Seille,39140,738,6.5,AgenceAuto,lons-le-saunier,2
Saint-Angel,03170,738,7.4,TransakAuto,Agence MONTLUCON,1
Belleville-en-Caux,76890,738,9.1,AgenceAuto,yerville,2
Germigny-sur-Loire,58320,738,11.0,AgenceAuto,nevers,1
Viterne,54123,738,13.0,TransakAuto,Agence NANCY,3
Moncontour,22510,738,17.9,AgenceAuto,saint-brieuc,2
Autrêches,60350,738,18.6,Simplicicar,soissons,1
Helfrantzkirch,68510,737,9.4,AgenceAuto,saint-louis,3
Châteauvilain,38300,737,10.6,TransakAuto,Agence BOURGOIN-JAILLEU,1
Le Triadou,34270,737,11.9,AgenceAuto,montpellier-est,4
Les Rues-des-Vignes,59258,737,12.1,TransakAuto,Agence CAMBRAI,1
La Sauvetat,63730,737,12.9,TransakAuto,Agence CLERMONT FERRAND SUD,1
Daours,80800,737,14.9,AgenceAuto,amiens,2
Sellières,39230,737,16.6,TransakAuto,Agence LONS LE SAUNIER,2
Condé-Northen,57220,737,19.0,AgenceAuto,metz,1
Miramont-de-Comminges,31800,736,6.6,Simplicicar,https://www.simplicicar.com/content/170-oncession-st-gaudens,1
Clermont,40180,736,10.7,TransakAuto,Agence DAX,2
Fiquefleur-Équainville,27210,736,15.3,TransakAuto,Agence LE HAVRE,2
Sixt-Fer-à-Cheval,74740,736,18.1,TransakAuto,Agence SALLANCHES,1
Beynac,87700,735,11.3,AgenceAuto,limoges,2
Mâron,36120,735,12.0,TransakAuto,Agence CHATEAUROUX,2
Pomport,24240,735,12.5,TransakAuto,Agence BERGERAC,1
Saint-Léger-aux-Bois,60170,735,14.9,TransakAuto,Agence COMPIEGNE,2
Brûlain,79230,735,15.2,TransakAuto,Agence NIORT,1
Gundolsheim,68250,735,17.4,AgenceAuto,mulhouse,1
Mareil-en-France,95850,734,8.7,AgenceAuto,la-croix-verte,4
Cercier,74350,734,9.8,TransakAuto,Agence ANNECY,3
Ettendorf,67350,734,11.6,TransakAuto,Agence HAGUENAU,1
Bayon-sur-Gironde,33710,734,16.9,TransakAuto,Agence BORDEAUX RIVE DROITE,2
La Petite-Raon,88210,734,17.1,AgenceAuto,saint-die-des-vosges,1
Saint-Julien-de-Cassagnas,30500,734,18.5,TransakAuto,Agence ALES,1
Entraigues,63720,734,18.7,TransakAuto,Agence CLERMONT FERRAND SUD,1
Chanteloup-les-Bois,49340,734,18.9,TransakAuto,Agence CHOLET,1
Nonglard,74330,733,3.6,TransakAuto,Agence ANNECY,3
Dambenois,25600,733,7.5,AgenceAuto,belfort,4
Contamine-Sarzin,74270,733,11.8,TransakAuto,Agence ANNECY,3
Saint-Hilaire-sur-Helpe,59440,733,16.6,TransakAuto,Agence MAUBEUGE,1
Chélieu,38730,733,19.4,TransakAuto,Agence BOURGOIN-JAILLEU,1
Montesquieu,47130,733,19.8,TransakAuto,Agence AGEN,1
Valaurie,26230,732,8.6,TransakAuto,Agence BOLLENE,2
Vandeins,01660,732,8.8,AgenceAuto,bourg-en-bresse,2
Woignarue,80460,732,10.3,TransakAuto,"Agence MONS, BELGIQUE",1
Sainte-Catherine-de-Fierbois,37800,732,12.5,Simplicicar,tours,2
Pin,70150,732,12.6,AgenceAuto,besancon-valentin,4
Ozan,01190,732,18.0,TransakAuto,Agence MACON,1
Biras,24310,731,9.7,TransakAuto,Agence PERIGUEUX,1
Virson,17290,731,14.3,TransakAuto,Agence LA ROCHELLE / AYTRE,1
Cailly,76690,731,15.2,TransakAuto,Agence ROUEN,1
Soultzbach-les-Bains,68230,731,17.1,Simplicicar,colmar,1
Mercatel,62217,730,6.1,TransakAuto,Agence ARRAS,2
Recologne,25170,730,8.7,AgenceAuto,besancon-valentin,4
Lantéfontaine,54150,730,10.0,TransakAuto,Agence SAINT-DIZIER,1
Montbrun-Lauragais,31450,730,10.4,AgenceAuto,toulouse-sud-est-labege,4
Belle-Église,60540,730,15.3,TransakAuto,Agence CERGY,5
Chaudeney-sur-Moselle,54200,730,18.8,Simplicicar,nancy,3
Flocques,76260,729,3.4,TransakAuto,"Agence MONS, BELGIQUE",1
Ectot-l'Auber,76760,729,3.7,AgenceAuto,yerville,2
Le Mesnil-au-Val,50110,729,7.3,TransakAuto,Agence CHERBOURG-EN-COTENTIN,1
Baron,60300,729,9.0,TransakAuto,Agence DAMMARTIN EN GOELE,2
Tréméreuc,22490,729,10.1,AgenceAuto,saint-malo,2
Balschwiller,68210,729,11.8,AgenceAuto,mulhouse-sud,1
Haraucourt,54110,729,12.9,AgenceAuto,nancy,3
Theuville,28150,729,14.7,TransakAuto,Agence CHARTRES,1
Chambley-Bussières,54890,729,17.4,TransakAuto,Agence SAINT-DIZIER,2
Calorguen,22100,729,19.1,AgenceAuto,saint-malo,1
Saint-Georges-sur-Moulon,18110,728,7.5,TransakAuto,Agence BOURGES,1
Besson,03210,728,9.9,TransakAuto,Agence MOULINS,1
Générargues,30140,727,5.6,TransakAuto,Agence ALES,1
Claviers,83830,727,14.1,TransakAuto,Agence DRAGUIGNAN,1
Andoins,64420,727,14.4,Simplicicar,pau,2
Vieux,14930,727,14.7,TransakAuto,Agence CAEN,1
Gilly-lès-Cîteaux,21640,727,17.2,TransakAuto,Agence DIJON,3
Villers-Saint-Frambourg-Ognon,60810,726,4.0,AgenceAuto,senlis,6
Pommiers,02200,726,6.0,Simplicicar,soissons,1
Fleury-la-Montagne,71340,726,16.4,TransakAuto,Agence ROANNE,1
Mondeville,91590,726,17.5,TransakAuto,Agence LIEUSAINT,1
Estrun,59295,725,8.6,TransakAuto,Agence CAMBRAI,3
Frontenaud,71580,725,10.9,AgenceAuto,louhans,1
Bourseville,80130,725,11.2,TransakAuto,"Agence MONS, BELGIQUE",1
Albussac,19380,725,13.1,AgenceAuto,tulle,3
Grand'Landes,85670,725,15.0,TransakAuto,Agence CHALLANS,1
Montbouy,45230,725,15.5,TransakAuto,Agence MONTARGIS,1
Champfromier,01410,725,15.8,TransakAuto,Agence GEX,2
Fayet,02100,724,3.9,AgenceAuto,saint-quentin,2
Villecerf,77250,724,4.7,TransakAuto,Agence FONTAINEBLEAU,1
Villeneuve-sur-Verberie,60410,724,7.1,AgenceAuto,senlis,5
Oudrenne,57970,724,7.6,TransakAuto,"Agence BRUXELLES, BELGIQUE",2
Montilly-sur-Noireau,61100,723,4.5,TransakAuto,Agence FLERS,1
Gognies-Chaussée,59600,723,4.9,TransakAuto,Agence MAUBEUGE,1
Les Haies,69420,723,11.3,Simplicicar,vienne,3
Parmilieu,38390,723,14.0,Simplicicar,meximieux,3
Oberentzen,68127,723,17.6,AgenceAuto,mulhouse,1
Peyssies,31390,723,18.5,TransakAuto,Agence EAUNES,1
La Chapelle-Moulière,86210,723,18.6,TransakAuto,Agence POITIERS,1
Momères,65360,722,4.8,TransakAuto,Agence TARBES,1
Michelbach-le-Bas,68730,722,5.3,AgenceAuto,saint-louis,2
Berry-au-Bac,02190,722,15.8,TransakAuto,Agence REIMS,2
Lamagdelaine,46090,721,5.9,TransakAuto,Agence CAHORS,1
Gevry,39100,721,6.7,AgenceAuto,dole,1
Verderel-lès-Sauqueuse,60112,721,8.1,TransakAuto,Agence BEAUVAIS,2
Courcoury,17100,721,8.6,TransakAuto,Agence SAINTES,1
Minversheim,67270,721,9.9,TransakAuto,Agence HAGUENAU,3
Vraiville,27370,721,10.2,TransakAuto,Agence ELBEUF,1
Bazoches-sur-Guyonne,78490,721,11.3,TransakAuto,Agence LES CLAYES SOUS BOIS,3
Landes-le-Gaulois,41190,721,14.7,TransakAuto,Agence BLOIS,1
Pléboulle,22550,721,16.3,TransakAuto,Agence LAMBALLE,1
Limons,63290,721,18.3,Simplicicar,vichy,1
Brocas,40420,721,18.7,TransakAuto,Agence MONT DE MARSAN,1
Bages,11100,720,5.1,TransakAuto,Agence NARBONNE,2
Belmont-d'Azergues,69380,720,5.7,TransakAuto,Agence CALUIRE-ET-CUIRE,6
Rubempré,80260,720,12.8,TransakAuto,Agence AMIENS,2
La Rivière,38210,720,15.2,TransakAuto,Agence GRENOBLE OUEST,1
La Chavanne,73800,720,17.9,Simplicicar,aix-les-bains,2
Schœnenbourg,67250,720,18.8,TransakAuto,Agence HAGUENAU,1
Escolives-Sainte-Camille,89290,719,2.1,TransakAuto,Agence AUXERRE,1
Montégut,32550,719,6.1,TransakAuto,Agence AUCH,1
Nouilly,57645,719,6.3,AgenceAuto,metz,1
Morillon,74440,719,7.3,TransakAuto,Agence SALLANCHES,1
Annoisin-Chatelans,38460,719,7.6,TransakAuto,Agence ANTHON,4
Allenjoie,25490,719,8.0,AgenceAuto,montbeliard,4
Ourton,62460,719,8.8,TransakAuto,Agence BETHUNE,1
Silly-sur-Nied,57530,719,14.3,AgenceAuto,metz,1
Nucourt,95420,719,15.1,TransakAuto,Agence GISORS,3
Geloux,40090,719,15.7,TransakAuto,Agence MONT DE MARSAN,1
Mazaye,63230,719,18.8,TransakAuto,Agence CLERMONT FERRAND SUD,1
Tréauville,50340,719,19.3,TransakAuto,Agence CHERBOURG-EN-COTENTIN,1
Le Martinet,30960,719,19.4,TransakAuto,Agence ALES,1
Montacher-Villegardin,89150,719,19.5,TransakAuto,Agence SENS,1
Rieucros,09500,718,10.5,Simplicicar,pamiers,1
Sexey-aux-Forges,54550,718,11.1,Simplicicar,nancy,3
Gas,28320,718,13.0,TransakAuto,Agence RAMBOUILLET,1
Ris,63290,718,16.4,Simplicicar,vichy,1
Vénès,81440,718,17.9,TransakAuto,Agence ALBI,2
Budelière,23170,718,18.7,TransakAuto,Agence MONTLUCON,1
Frolois,54160,717,7.1,TransakAuto,Agence NANCY,3
Belloy-sur-Somme,80310,717,7.3,TransakAuto,Agence AMIENS,2
Montgé-en-Goële,77230,717,7.3,TransakAuto,Agence DAMMARTIN EN GOELE,4
Illhaeusern,68970,717,7.5,Simplicicar,colmar,2
Heuqueville,76280,717,11.9,TransakAuto,Agence LE HAVRE,1
Vescemont,90200,717,15.8,AgenceAuto,belfort,1
Plouégat-Moysan,29650,717,17.6,TransakAuto,Agence MORLAIX,1
Couthenans,70400,716,3.3,AgenceAuto,hericourt,4
Dampniat,19360,716,5.0,Simplicicar,brive,3
Beaurepaire-en-Bresse,71580,716,10.6,AgenceAuto,lons-le-saunier,3
Crèvecœur-sur-l'Escaut,59258,716,10.8,TransakAuto,Agence CAMBRAI,1
Arces,17120,716,15.2,Simplicicar,royan,1
Serbonnes,89140,716,15.3,TransakAuto,Agence SENS,1
Rosières,81400,716,16.5,TransakAuto,Agence ALBI,1
Soleymieux,42560,716,17.8,Simplicicar,veauche,2
Grandvillers,88600,716,18.6,AgenceAuto,epinal,1
Mazerolles,40090,715,4.0,TransakAuto,Agence MONT DE MARSAN,1
Vernéville,57130,715,7.0,TransakAuto,Agence SAINT-DIZIER,2
Meyrals,24220,715,14.0,TransakAuto,Agence SARLAT,1
Fabas,82170,714,4.4,TransakAuto,Agence FRONTON,2
Marolles,41330,714,6.2,TransakAuto,Agence BLOIS,1
Châtres,77610,714,7.1,AgenceAuto,gretz-armainvilliers,3
Versonnex,74150,714,11.2,TransakAuto,Agence ANNECY,3
Marsaz,26260,714,15.2,TransakAuto,Agence ROMANS SUR ISERE,1
Campagnan,34230,714,17.5,TransakAuto,Agence SETE,1
Les Clefs,74230,714,19.5,AgenceAuto,annecy,2
Heudicourt,27860,713,10.4,TransakAuto,Agence GISORS,1
Étuz,70150,713,13.7,AgenceAuto,besancon-valentin,3
Saint-Caprais-de-Lerm,47270,713,14.2,TransakAuto,Agence AGEN,1
Asnans-Beauvoisin,39120,713,17.8,AgenceAuto,dole,1
Fréjeville,81570,712,5.1,TransakAuto,Agence CASTRES,1
Burdignin,74420,712,7.8,TransakAuto,Agence THONON-LES-BAINS,4
Loffre,59182,712,9.6,TransakAuto,Agence DOUAI,1
Trèves,69420,712,14.4,Simplicicar,vienne,3
Saint-Hilaire,11250,712,14.9,Simplicicar,carcassonne,2
Zinswiller,67110,712,15.5,TransakAuto,Agence HAGUENAU,1
Garnerans,01140,711,5.4,TransakAuto,Agence MACON,1
Villeroy,77410,711,7.1,TransakAuto,Agence MEAUX,4
Épieds,49260,711,12.0,TransakAuto,Agence SAUMUR,1
Gourhel,56800,711,16.5,TransakAuto,Agence PLOERMEL,1
Aulnay-sur-Iton,27180,710,7.7,TransakAuto,Agence EVREUX,2
Labessière-Candeil,81300,710,14.7,TransakAuto,Agence ALBI,1
Honnecourt-sur-Escaut,59266,710,15.9,TransakAuto,Agence CAMBRAI,1
Notre-Dame-du-Pé,72300,710,18.4,Simplicicar,la-fleche,1
Saint-Biez-en-Belin,72220,710,19.0,TransakAuto,Agence LE MANS,1
Montcet,01310,709,6.5,AgenceAuto,bourg-en-bresse,2
La Ferrière-Bochard,61420,709,8.4,TransakAuto,Agence ALENCON,1
Oye-et-Pallet,25160,709,8.4,AgenceAuto,pontarlier,2
Grisy-les-Plâtres,95810,709,8.5,AgenceAuto,cergy-pontoise,4
Désandans,25750,709,8.7,AgenceAuto,hericourt,4
Louans,37320,709,10.2,Simplicicar,tours,3
Diéval,62460,709,10.8,TransakAuto,Agence BETHUNE,1
L'Orée-d'Écouves,61320,709,11.6,TransakAuto,Agence ALENCON,1
Uhrwiller,67350,709,13.9,TransakAuto,Agence HAGUENAU,1
Couze-et-Saint-Front,24150,709,14.3,TransakAuto,Agence BERGERAC,1
Bren,26260,709,15.9,TransakAuto,Agence ROMANS SUR ISERE,1
Chevenoz,74500,709,17.2,TransakAuto,Agence THONON-LES-BAINS,1
Lahourcade,64150,709,17.4,TransakAuto,Agence PAU,2
Lamonzie-Montastruc,24520,708,6.3,TransakAuto,Agence BERGERAC,1
Saint-Laurent-en-Caux,76560,708,9.1,AgenceAuto,yerville,2
Travaillan,84850,708,9.7,TransakAuto,Agence ORANGE,1
Le Douhet,17100,708,9.9,TransakAuto,Agence SAINTES,1
Vignoux-sous-les-Aix,18110,708,10.0,TransakAuto,Agence BOURGES,1
Marigny-Saint-Marcel,74150,708,10.2,AgenceAuto,annecy,3
Anceaumeville,76710,708,11.0,TransakAuto,Agence ROUEN,2
Écharcon,91540,708,12.8,TransakAuto,Agence LIEUSAINT,5
Préaux,07290,708,13.7,TransakAuto,Agence DAVEZIEUX,1
Berzé-la-Ville,71960,708,14.7,TransakAuto,Agence MACON,1
Saint-Simon-de-Pellouaille,17260,708,14.7,TransakAuto,Agence SAINTES,1
Chaumot,89500,708,15.1,TransakAuto,Agence SENS,1
Châtres,10510,708,19.3,TransakAuto,Agence TROYES,1
Breilly,80470,707,5.3,TransakAuto,Agence AMIENS,2
Fontvannes,10190,707,10.5,AgenceAuto,troyes,3
Cruviers-Lascours,30360,707,12.6,TransakAuto,Agence ALES,1
Montaut,09700,707,13.9,Simplicicar,pamiers,1
Berthenay,37510,707,14.5,TransakAuto,Agence TOURS SUD,3
Cuinzier,42460,707,18.3,TransakAuto,Agence ROANNE,1
Seraucourt-le-Grand,02790,706,7.4,AgenceAuto,saint-quentin,2
La Bouille,76530,706,9.0,TransakAuto,Agence ELBEUF,2
Cognat-Lyonne,03110,706,10.5,Simplicicar,vichy,1
Cevins,73730,706,11.5,TransakAuto,Agence ALBERTVILLE,1
Villiers-sous-Grez,77760,706,16.2,TransakAuto,Agence FONTAINEBLEAU,1
Chamelet,69620,706,16.3,TransakAuto,Agence VILLEFRANCHE SUR SAONE,1
Millonfosse,59178,705,8.5,TransakAuto,Agence VALENCIENNES,2
Villevieux,39140,705,9.1,AgenceAuto,lons-le-saunier,2
Lissac-sur-Couze,19600,705,11.0,TransakAuto,Agence BRIVE-LA-GAILLARDE,2
Canaples,80670,705,12.6,TransakAuto,Agence AMIENS,1
Croix-Mare,76190,704,4.3,TransakAuto,Agence YVETOT,2
Saint-Appolinard,42520,704,10.3,TransakAuto,Agence DAVEZIEUX,1
Curienne,73190,704,10.5,Simplicicar,aix-les-bains,2
Brunémont,59151,704,12.7,TransakAuto,Agence CAMBRAI,2
Hondainville,60250,704,16.2,Simplicicar,beauvais,4
Marcilly-lès-Buxy,71390,704,17.7,AgenceAuto,montceau-les-mines,2
Honguemare-Guenouville,27310,704,17.7,TransakAuto,Agence ELBEUF,1
Barguelonne-en-Quercy,46800,704,18.0,TransakAuto,Agence CAHORS,1
Hattenville,76640,704,18.3,TransakAuto,Agence YVETOT,1
Tramain,22640,704,19.9,TransakAuto,Agence LAMBALLE,1
Lederzeele,59143,703,8.9,Simplicicar,saint-omer,1
Boult,70190,703,15.0,TransakAuto,Agence BESANCON,2
Bouzel,63910,703,16.0,TransakAuto,Agence CLERMONT FERRAND SUD,1
Quiéry-la-Motte,62490,702,4.0,TransakAuto,Agence DOUAI,4
Sauveterre-de-Comminges,31510,702,5.4,Simplicicar,https://www.simplicicar.com/content/170-oncession-st-gaudens,1
Fêche-l'Église,90100,702,10.7,AgenceAuto,montbeliard,4
Illiat,01140,702,10.9,TransakAuto,Agence MACON,1
Ruffigné,44660,702,11.6,TransakAuto,Agence CHATEAUBRIANT,1
Nanteau-sur-Lunain,77710,702,13.2,TransakAuto,Agence FONTAINEBLEAU,1
Villard-sur-Doron,73270,702,13.6,TransakAuto,Agence ALBERTVILLE,1
Catenay,76116,702,16.3,TransakAuto,Agence ROUEN,1
Brancourt-en-Laonnois,02320,702,16.8,Simplicicar,soissons,1
Cuq-Toulza,81470,702,19.4,TransakAuto,Agence CASTRES,1
Perdreauville,78200,701,6.3,TransakAuto,Agence MANTES-LA-JOLIE,4
Parnans,26750,701,8.0,TransakAuto,Agence ROMANS SUR ISERE,1
Vernajoul,09000,701,8.2,Simplicicar,pamiers,1
Chenebier,70400,701,8.7,AgenceAuto,hericourt,3
Saulon-la-Rue,21910,701,10.3,TransakAuto,Agence DIJON,3
Fixin,21220,701,12.2,TransakAuto,Agence DIJON,3
Genouilleux,01090,701,14.4,TransakAuto,Agence VILLEFRANCHE SUR SAONE,2
Fatouville-Grestain,27210,701,15.0,TransakAuto,Agence LE HAVRE,2
Brignon,30190,701,15.1,TransakAuto,Agence ALES,1
Notre-Dame-d'Aliermont,76510,701,17.1,TransakAuto,Agence DIEPPE,1
Vaudes,10260,701,18.1,AgenceAuto,troyes,1
Trilbardou,77450,700,4.0,TransakAuto,Agence MEAUX,4
Rochefort-sur-Nenon,39700,700,6.1,AgenceAuto,dole,1
Marieulles,57420,700,7.5,TransakAuto,Agence METZ,2
Montpellier-de-Médillan,17260,700,14.0,TransakAuto,Agence SAINTES,1
Paraza,11200,700,16.6,Simplicicar,narbonne,2
Fontanès,30250,700,17.9,TransakAuto,Agence LUNEL,3
Mairieux,59600,699,3.9,TransakAuto,Agence MAUBEUGE,1
Oisy,59195,699,4.2,AgenceAuto,valenciennes,2
La Chaussée-Tirancourt,80310,699,5.0,TransakAuto,Agence AMIENS,2
Estibeaux,40290,699,14.1,TransakAuto,Agence DAX,2
Esprels,70110,699,16.6,AgenceAuto,vesoul,1
Saint-Jean-d'Angle,17620,699,19.0,Simplicicar,royan,1
Berville-en-Caux,76560,698,6.4,AgenceAuto,yerville,2
Les Granges-Gontardes,26290,698,6.5,TransakAuto,Agence MONTELIMAR,2
Marcenod,42140,698,13.7,TransakAuto,Agence SAINT ETIENNE,3
Beuste,64800,698,18.4,TransakAuto,Agence PAU,2
Montaut-les-Créneaux,32810,697,7.9,TransakAuto,Agence AUCH,1
Saint-Hostien,43260,697,8.2,Simplicicar,puy-en-velay,1
Moulins-le-Carbonnel,72130,697,9.3,TransakAuto,Agence ALENCON,1
Ceyssat,63210,697,15.3,TransakAuto,Agence CLERMONT FERRAND SUD,1
Canappeville,27400,697,15.6,Simplicicar,evreux,3
Le Cours,56230,697,18.4,Simplicicar,vannes,2
Marseillette,11800,697,18.7,Simplicicar,carcassonne,2
Gâvres,56680,696,6.9,TransakAuto,Agence LORIENT,2
Panossas,38460,696,8.9,Simplicicar,nord-isere,4
Rosel,14740,696,12.6,TransakAuto,Agence CAEN,1
Germigny-des-Prés,45110,696,12.6,TransakAuto,Agence VIERZON,1
Yssandon,19310,696,14.9,TransakAuto,Agence BRIVE-LA-GAILLARDE,2
Lampertsloch,67250,696,16.7,TransakAuto,Agence HAGUENAU,1
Guainville,28260,696,16.8,TransakAuto,Agence MANTES-LA-JOLIE,2
Tilloy-lez-Cambrai,59554,695,3.2,TransakAuto,Agence CAMBRAI,1
Friaucourt,80460,695,7.2,TransakAuto,"Agence MONS, BELGIQUE",1
Auppegard,76730,695,10.4,TransakAuto,Agence DIEPPE,1
Mecquignies,59570,695,10.6,TransakAuto,Agence MAUBEUGE,1
Oltingue,68480,695,13.1,TransakAuto,Agence SAINT-LOUIS,2
Saint-Cernin-de-Larche,19600,695,15.4,TransakAuto,Agence BRIVE-LA-GAILLARDE,2
Montestruc-sur-Gers,32390,695,15.6,TransakAuto,Agence AUCH,1
Chailly-en-Gâtinais,45260,694,19.5,TransakAuto,Agence MONTARGIS,1
Cerisy-Belle-Étoile,61100,693,4.2,TransakAuto,Agence FLERS,1
Escherange,57330,693,6.8,TransakAuto,Agence THIONVILLE,1
Moyenneville,80870,693,8.4,TransakAuto,Agence ABBEVILLE,1
Caurel,51110,693,9.4,TransakAuto,Agence REIMS,2
Steinbrunn-le-Haut,68440,693,9.4,AgenceAuto,mulhouse-sud,4
Grézillac,33420,693,10.5,TransakAuto,Agence LIBOURNE,1
Ponthévrard,78730,693,10.7,TransakAuto,Agence RAMBOUILLET,1
Lavardin,72240,693,14.2,TransakAuto,Agence LE MANS,1
La Rouvière,30190,693,14.4,Simplicicar,nimes,3
Loisy,71290,693,16.6,AgenceAuto,louhans,1
Taller,40260,693,17.2,AgenceAuto,dax,1
Poyanne,40380,693,18.1,TransakAuto,Agence DAX,1
Monteils,30360,692,9.5,TransakAuto,Agence ALES,1
Barran,32350,692,12.5,TransakAuto,Agence AUCH,1
Saint-Jean-du-Doigt,29630,692,13.1,TransakAuto,Agence MORLAIX,1
Saint-Denis-sur-Coise,42140,692,13.1,Simplicicar,moto-veauche,3
Kirchheim,67520,692,17.7,AgenceAuto,strasbourg-nord,2
Montvicq,03170,692,18.0,TransakAuto,Agence MONTLUCON,1
Le Monteil,43700,691,3.9,Simplicicar,puy-en-velay,1
Rumaucourt,62860,691,14.0,TransakAuto,Agence CAMBRAI,4
Louailles,72300,691,14.7,Simplicicar,la-fleche,1
Tamerville,50700,691,14.8,TransakAuto,Agence CHERBOURG-EN-COTENTIN,1
Boissy-le-Sec,91870,690,5.4,TransakAuto,Agence ETAMPES,1
Navès,81710,690,7.0,TransakAuto,Agence CASTRES,1
Fontanès,42140,690,9.4,TransakAuto,Agence SAINT ETIENNE,3
Bellegarde-Marsal,81430,690,10.3,TransakAuto,Agence ALBI,1
Romans,79260,690,12.4,TransakAuto,"Agence NAMUR, BELGIQUE",2
Saint-Martin-de-Bréthencourt,78660,690,14.1,TransakAuto,Agence RAMBOUILLET,2
Avezé,72400,690,14.2,AgenceAuto,nogent-le-rotrou,1
Changy,42310,690,14.6,TransakAuto,Agence ROANNE,1
Limendous,64420,690,18.7,Simplicicar,pau,2
Oudezeele,59670,690,19.8,TransakAuto,Agence DUNKERQUE,1
Mousseaux-sur-Seine,78270,689,5.9,TransakAuto,Agence MANTES-LA-JOLIE,4
Cattenières,59217,689,8.6,TransakAuto,Agence CAMBRAI,1
Val-de-la-Haye,76380,689,9.5,TransakAuto,Agence ELBEUF,2
Gaillon-sur-Montcient,78250,689,9.7,AgenceAuto,epone,6
Saint-Pont,03110,689,10.6,Simplicicar,vichy,1
Saint-Vincent-Cramesnil,76430,689,11.5,TransakAuto,Agence LE HAVRE,1
Béthencourt,59540,689,13.6,TransakAuto,Agence CAMBRAI,1
Tréglonou,29870,689,14.2,TransakAuto,Agence BREST,3
Voué,10150,689,15.8,Simplicicar,troyes,2
Vaux-et-Chantegrue,25160,689,17.0,AgenceAuto,pontarlier,2
Retzwiller,68210,689,17.3,AgenceAuto,belfort,2
Briastre,59730,689,18.2,TransakAuto,Agence CAMBRAI,1
Frotey-lès-Lure,70200,689,18.7,AgenceAuto,hericourt,1
Saint-Martin-de-Castillon,84750,689,19.8,TransakAuto,Agence PERTUIS,1
Sevenans,90400,688,2.6,AgenceAuto,belfort,4
Hautot-Saint-Sulpice,76190,688,7.0,TransakAuto,Agence YVETOT,2
Saint-Alban-de-Montbel,73610,688,10.1,Simplicicar,aix-les-bains,2
Divajeu,26400,688,19.5,TransakAuto,Agence VALENCE,1
Vuillecin,25300,687,2.0,Simplicicar,pontarlier,2
Crissey,39100,687,4.0,AgenceAuto,dole,1
Urvillers,02690,687,6.2,TransakAuto,Agence SAINT-QUENTIN,2
Cornille,24750,687,10.8,TransakAuto,Agence PERIGUEUX,1
Labruyère,60140,687,11.6,AgenceAuto,senlis,3
Durningen,67270,687,12.1,TransakAuto,Agence STRASBOURG NORD,2
Ludes,51500,687,12.7,Simplicicar,reims,2
La Chapelle-Saint-Martin-en-Plaine,41500,687,15.3,TransakAuto,Agence BLOIS,1
Néron,28210,687,19.4,TransakAuto,Agence CHARTRES,1
Pressagny-l'Orgueilleux,27510,686,3.5,Simplicicar,vernon,2
Souzay-Champigny,49400,686,6.8,TransakAuto,Agence SAUMUR,1
Groléjac,24250,686,7.7,TransakAuto,Agence SARLAT,1
Morsbronn-les-Bains,67360,686,9.0,TransakAuto,Agence HAGUENAU,1
Pernois,80670,686,12.7,TransakAuto,Agence AMIENS,1
Saint-Waast,59570,686,14.8,TransakAuto,Agence MAUBEUGE,2
Primarette,38270,686,14.8,TransakAuto,Agence VIENNE,2
Breitenbach,67220,686,17.1,AgenceAuto,selestat,1
Le Châtelard,73630,686,19.0,TransakAuto,Agence ALBERTVILLE,1
Lormaye,28210,686,19.0,TransakAuto,Agence DREUX,1
Sainte-Suzanne-sur-Vire,50750,685,3.6,TransakAuto,Agence SAINT-LO,1
L'Épine,51460,685,6.3,AgenceAuto,chalons-en-champagne,1
Légny,69620,685,13.9,TransakAuto,Agence CALUIRE-ET-CUIRE,3
Savigny-en-Septaine,18390,685,17.2,TransakAuto,Agence BOURGES,1
Travecy,02800,685,17.9,AgenceAuto,saint-quentin,2
Seninghem,62380,685,18.0,Simplicicar,saint-omer,1
Faucigny,74130,684,4.5,Simplicicar,genevois,4
Saint-Avit,40090,684,6.3,TransakAuto,Agence MONT DE MARSAN,1
Flavacourt,60590,684,7.8,TransakAuto,Agence GISORS,1
Sainte-Honorine-la-Chardonne,61430,684,8.6,TransakAuto,Agence FLERS,1
Corcelles-les-Monts,21160,684,10.7,AgenceAuto,dijon,3
Thimory,45260,684,15.6,TransakAuto,Agence MONTARGIS,1
Saint-Georges-de-Noisné,79400,684,15.8,TransakAuto,"Agence NAMUR, BELGIQUE",1
Villers-Guislain,59297,684,16.9,TransakAuto,Agence CAMBRAI,1
Audincthun,62560,684,19.9,Simplicicar,saint-omer,1
Montgaillard-Lauragais,31290,683,2.6,TransakAuto,Agence VILLEFRANCHE-DE-LAURAGAIS,1
Lorry-Mardigny,57420,683,5.1,TransakAuto,Agence METZ,2
Caubios-Loos,64230,683,6.1,Simplicicar,pau,2
Loures-Barousse,65370,683,8.6,Simplicicar,https://www.simplicicar.com/content/170-oncession-st-gaudens,1
Camblain-l'Abbé,62690,683,13.5,TransakAuto,Agence BETHUNE,4
Auzouville-sur-Ry,76116,683,14.9,TransakAuto,Agence ROUEN,1
Fresnoy-Folny,76660,683,18.9,TransakAuto,"Agence MONS, BELGIQUE",1
Tressan,34230,683,19.4,TransakAuto,Agence SETE,1
Busy,25320,682,5.3,Simplicicar,caen,4
Écuires,62170,682,8.8,TransakAuto,Agence LE TOUQUET,1
Pernant,02200,682,8.8,Simplicicar,soissons,1
Luchy,60360,682,12.2,TransakAuto,Agence BEAUVAIS,2
Le Vernet,09700,682,14.6,Simplicicar,pamiers,1
Châlons-du-Maine,53470,682,16.1,TransakAuto,Agence LAVAL,1
Cazedarnes,34460,682,16.7,TransakAuto,Agence BEZIERS,1
Gruchet-Saint-Siméon,76810,682,17.7,TransakAuto,Agence DIEPPE,2
Errouville,54680,682,19.0,TransakAuto,Agence THIONVILLE,1
Mousseaux-lès-Bray,77480,682,19.1,TransakAuto,Agence PROVINS,1
Malling,57480,681,5.0,TransakAuto,"Agence BRUXELLES, BELGIQUE",2
Limersheim,67150,681,7.4,Simplicicar,strasbourg,1
La Charmée,71100,681,8.2,TransakAuto,Agence CHALON-SUR-SAONE,2
Chainaz-les-Frasses,74540,681,14.6,AgenceAuto,annecy,3
La Croix-en-Brie,77370,681,17.2,TransakAuto,Agence PROVINS,1
Houdancourt,60710,680,10.1,AgenceAuto,senlis,5
Villepot,44110,680,11.3,TransakAuto,Agence CHATEAUBRIANT,1
Lagupie,47180,680,12.4,TransakAuto,Agence LANGON,1
Champis,07440,680,14.0,Simplicicar,valence,2
Saint-Maclou,27210,680,17.6,TransakAuto,Agence DEAUVILLE,1
Monchy-le-Preux,62118,679,6.8,TransakAuto,Agence ARRAS,4
Auradé,32600,679,7.9,AgenceAuto,toulouse-fontenilles,2
Huchenneville,80132,679,9.2,TransakAuto,Agence ABBEVILLE,1
Saint-Pierre-de-Rivière,09000,679,12.4,Simplicicar,pamiers,1
Mariol,03270,679,13.8,Simplicicar,vichy,1
Saint-Léger,17800,679,15.7,TransakAuto,Agence SAINTES,1
Saint-Barthélemy-Lestra,42110,679,17.7,Simplicicar,moto-veauche,1
Bessey-lès-Cîteaux,21110,679,19.3,TransakAuto,Agence DIJON,1
Varanges,21110,678,11.7,TransakAuto,Agence DIJON,3
Frangy-en-Bresse,71330,678,12.8,AgenceAuto,louhans,3
Anglesqueville-l'Esneval,76280,678,13.2,TransakAuto,Agence LE HAVRE,1
Saint-Bauzély,30730,678,16.8,Simplicicar,nimes,1
Griesbach-au-Val,68140,678,18.9,Simplicicar,colmar,1
Averdon,41330,677,9.8,TransakAuto,Agence BLOIS,1
Porcheux,60390,677,11.9,TransakAuto,Agence GISORS,3
Maringes,42140,677,12.4,Simplicicar,moto-veauche,2
Glun,07300,677,12.6,Simplicicar,valence,2
Sennely,45240,677,13.8,TransakAuto,Agence VIERZON,1
La Saulsotte,10400,677,15.6,TransakAuto,Agence PROVINS,1
La Feuillée,29690,677,19.7,TransakAuto,Agence MORLAIX,1
Pugey,25720,676,7.6,Simplicicar,caen,4
Ames,62190,676,12.7,TransakAuto,Agence BETHUNE,1
Habarcq,62123,676,14.4,Simplicicar,arras,3
Saint-Allouestre,56500,675,12.9,TransakAuto,Agence PLOERMEL,1
Diebolsheim,67230,675,15.0,AgenceAuto,selestat,1
Azas,31380,675,15.3,AgenceAuto,toulouse-nord,2
Valeille,42110,675,15.9,Simplicicar,moto-veauche,2
Recques-sur-Hem,62890,675,16.7,Simplicicar,saint-omer,1
Varambon,01160,675,17.1,Simplicicar,meximieux,3
Champagneux,73240,675,17.3,Simplicicar,aix-les-bains,2
Crugny,51170,675,17.5,Simplicicar,reims,1
La Chapelle-aux-Bois,88240,675,18.0,AgenceAuto,epinal,2
Vallan,89580,674,4.4,TransakAuto,Agence AUXERRE,1
Montigny-Lengrain,02290,674,18.7,Simplicicar,soissons,1
Cayres,43510,674,18.7,Simplicicar,puy-en-velay,1
Arquenay,53170,674,18.9,TransakAuto,Agence LAVAL,1
Hunting,57480,673,4.0,TransakAuto,"Agence BRUXELLES, BELGIQUE",2
La Brûlatte,53410,673,11.9,TransakAuto,Agence LAVAL,1
Bretx,31530,673,12.6,TransakAuto,Agence TOULOUSE OUEST,4
Gabaston,64160,673,13.5,Simplicicar,pau,2
Adainville,78113,673,15.6,TransakAuto,Agence RAMBOUILLET,1
Muncq-Nieurlet,62890,673,15.6,Simplicicar,saint-omer,1
Simandre-sur-Suran,01250,673,16.6,TransakAuto,Agence BOURG-EN-BRESSE,2
Clarac,31210,672,6.0,Simplicicar,https://www.simplicicar.com/content/170-oncession-st-gaudens,1
Massillargues-Attuech,30140,672,7.7,TransakAuto,Agence ALES,1
Montagny-en-Vexin,60240,672,10.2,TransakAuto,Agence GISORS,2
Faux-en-Périgord,24560,672,10.8,TransakAuto,Agence BERGERAC,1
Saint-Pierre-es-Champs,60850,672,15.9,TransakAuto,Agence GISORS,1
Ainhoa,64250,672,16.7,TransakAuto,Agence BIDART &#8211; SAINT-JEAN-DE-LUZ,2
Bayet,03500,672,17.6,Simplicicar,vichy,1
Avaray,41500,672,19.7,TransakAuto,Agence BLOIS,1
Auffreville-Brasseuil,78930,671,5.5,TransakAuto,Agence MANTES-LA-JOLIE,4
Aubertin,64290,671,6.7,TransakAuto,Agence PAU,2
Montailleur,73460,671,9.3,TransakAuto,Agence ALBERTVILLE,1
Oisseau-le-Petit,72610,671,9.4,TransakAuto,Agence ALENCON,1
Carlux,24370,671,10.2,TransakAuto,Agence SARLAT,1
Meyssiez,38440,671,11.8,TransakAuto,Agence VIENNE,2
Pujo,65500,671,14.3,TransakAuto,Agence TARBES,1
Maves,41500,671,15.3,TransakAuto,Agence BLOIS,1
Ancy,69490,671,15.9,TransakAuto,Agence CALUIRE-ET-CUIRE,1
Collorgues,30190,671,19.4,TransakAuto,Agence ALES,1
Bienvillers-au-Bois,62111,671,19.6,TransakAuto,Agence ARRAS,2
Brosville,27930,670,10.7,Simplicicar,evreux,2
Erchin,59169,670,11.3,TransakAuto,Agence DOUAI,2
Villers-au-Tertre,59234,670,12.4,TransakAuto,Agence DOUAI,2
Néry,60320,670,13.7,AgenceAuto,senlis,3
Brouzet-lès-Alès,30580,670,16.3,TransakAuto,Agence ALES,1
Fresnoy-la-Rivière,60127,670,16.5,Simplicicar,compiegne,2
Gennes,25660,669,8.6,TransakAuto,Agence BESANCON,3
Montceaux-lès-Meaux,77470,669,9.7,TransakAuto,Agence MEAUX,2
Bouville,91880,669,10.1,TransakAuto,Agence ETAMPES,1
Vuillafans,25840,669,17.1,Simplicicar,pontarlier,2
Payrac,46350,669,19.9,TransakAuto,Agence SARLAT,1
Brevans,39100,668,2.9,AgenceAuto,dole,1
Confort,01200,668,17.3,TransakAuto,Agence GEX,2
Conliège,39570,667,4.1,TransakAuto,Agence LONS LE SAUNIER,2
Mongauzy,33190,667,6.2,TransakAuto,Agence LANGON,1
Montsecret-Clairefougère,61800,667,8.5,TransakAuto,Agence FLERS,1
La Chapelle-sur-Oreuse,89260,667,10.1,TransakAuto,Agence SENS,1
Saint-André-d'Huiriat,01290,667,10.5,TransakAuto,Agence MACON,1
Les Monts-Ronds,25620,667,10.9,TransakAuto,Agence BESANCON,4
Faye-sur-Ardin,79160,667,11.5,TransakAuto,"Agence NAMUR, BELGIQUE",2
Villemanoche,89140,667,13.8,TransakAuto,Agence SENS,1
Bannost-Villegagnon,77970,667,14.8,TransakAuto,Agence PROVINS,1
Saint-Pons-de-Mauchiens,34230,667,15.2,TransakAuto,Agence SETE,2
Grignols,24110,667,16.0,TransakAuto,Agence PERIGUEUX,1
Bragny-sur-Saône,71350,667,16.2,Simplicicar,beaune,2
Thury-sous-Clermont,60250,667,16.6,TransakAuto,Agence SAINT MAXIMIN,4
Lamoura,39310,667,19.5,TransakAuto,Agence GEX,2
Davayé,71960,666,6.5,TransakAuto,Agence MACON,1
Elzange,57970,666,10.5,TransakAuto,"Agence BRUXELLES, BELGIQUE",2
Saint-Gilles-de-la-Neuville,76430,666,13.9,TransakAuto,Agence LE HAVRE,1
Vérin,42410,666,14.2,Simplicicar,vienne,2
Roppentzwiller,68480,666,15.8,AgenceAuto,saint-louis,2
Poilly-sur-Tholon,89110,666,19.2,TransakAuto,Agence AUXERRE,1
Nanton,71240,666,19.7,TransakAuto,Agence CHALON-SUR-SAONE,1
Uhlwiller,67350,665,4.7,TransakAuto,Agence HAGUENAU,2
Monbéqui,82170,665,7.7,TransakAuto,Agence FRONTON,2
Sailly-en-Ostrevent,62490,665,10.1,TransakAuto,Agence DOUAI,4
La Villeneuve-en-Chevrie,78270,665,10.4,Simplicicar,vernon,3
Massérac,44290,665,10.8,TransakAuto,Agence REDON,1
Autouillet,78770,665,13.3,AgenceAuto,epone,4
Andon,06750,665,16.0,TransakAuto,Agence GRASSE,1
Chambéon,42110,665,17.1,Simplicicar,moto-veauche,1
Saint-Jean-de-la-Neuville,76210,665,17.7,TransakAuto,Agence LE HAVRE,1
Marchésieux,50190,665,19.3,TransakAuto,Agence SAINT-LO,1
Carlus,81990,664,3.9,TransakAuto,Agence ALBI,1
La Pierre,38570,664,4.7,TransakAuto,Agence GRENOBLE EST,2
Le Val-David,27120,664,7.8,Simplicicar,evreux,2
Monthieux,01390,664,8.4,TransakAuto,Agence LYON EST,4
Cruguel,56420,664,8.5,TransakAuto,Agence PLOERMEL,1
Vieilley,25870,664,11.0,TransakAuto,Agence BESANCON,2
Pouyastruc,65350,664,11.4,TransakAuto,Agence TARBES,1
Brochon,21220,664,12.6,TransakAuto,Agence DIJON,3
Peypin-d'Aigues,84240,664,14.1,TransakAuto,Agence PERTUIS,2
Berville-sur-Mer,27210,664,14.8,TransakAuto,Agence LE HAVRE,2
Magny,28120,664,16.6,TransakAuto,Agence CHARTRES,1
Bélarga,34230,664,17.6,TransakAuto,Agence SETE,1
Jeuxey,88000,663,5.0,AgenceAuto,epinal,2
Cagnoncles,59161,663,5.8,TransakAuto,Agence CAMBRAI,1
Bresson,38320,663,6.9,TransakAuto,Agence GRENOBLE OUEST,3
Collemiers,89100,663,7.8,TransakAuto,Agence SENS,1
Quiestède,62120,663,8.1,Simplicicar,saint-omer,1
Saint-Pardon-de-Conques,33210,663,12.2,TransakAuto,Agence LANGON,1
Montalzat,82270,663,15.0,AgenceAuto,montauban,1
Brachy,76730,663,15.1,TransakAuto,Agence DIEPPE,2
Cursan,33670,663,15.2,TransakAuto,Agence LIBOURNE,4
La Trinité-Porhoët,56490,663,16.1,TransakAuto,Agence PLOERMEL,1
Lobsann,67250,663,16.7,TransakAuto,Agence HAGUENAU,1
Lansac,33710,663,17.1,TransakAuto,Agence BORDEAUX RIVE DROITE,2
Tantonville,54116,663,17.6,TransakAuto,Agence NANCY,3
Gommerville,28310,663,18.9,TransakAuto,Agence ETAMPES,1
Fienvillers,80750,663,19.1,TransakAuto,Agence AMIENS,1
Lessard-le-National,71530,662,9.2,TransakAuto,Agence CHALON-SUR-SAONE,3
Sainte-Austreberthe,76570,662,9.6,AgenceAuto,yerville,3
Longchamps,27150,662,14.1,TransakAuto,Agence GISORS,1
Beauchalot,31360,662,15.9,Simplicicar,https://www.simplicicar.com/content/170-oncession-st-gaudens,1
Bréville-les-Monts,14860,661,6.7,TransakAuto,Agence CAEN,1
Génébrières,82230,661,8.3,AgenceAuto,montauban,2
Saint-Aubin,91190,661,8.7,AgenceAuto,palaiseau,7
Mietesheim,67580,661,9.0,TransakAuto,Agence HAGUENAU,1
Biville-la-Baignarde,76890,661,13.9,AgenceAuto,yerville,1
Authezat,63114,661,14.0,TransakAuto,Agence CLERMONT FERRAND SUD,1
Thézy-Glimont,80440,661,15.2,AgenceAuto,amiens,1
Fontaines-en-Sologne,41250,661,19.5,TransakAuto,Agence BLOIS,1
Sainte-Croix-sur-Buchy,76750,661,19.7,TransakAuto,Agence ROUEN,1
Saint-Clair-sur-les-Monts,76190,660,2.1,TransakAuto,Agence YVETOT,2
Omissy,02100,660,4.2,TransakAuto,Agence SAINT-QUENTIN,2
Willerval,62580,660,6.8,TransakAuto,Agence LENS,4
Blacqueville,76190,660,8.1,TransakAuto,Agence YVETOT,2
Ebblinghem,59173,660,11.0,Simplicicar,saint-omer,1
Saint-Julien-de-Lampon,24370,660,11.4,TransakAuto,Agence SARLAT,1
Cieurac,46230,660,12.5,TransakAuto,Agence CAHORS,1
Obies,59570,660,12.7,TransakAuto,Agence MAUBEUGE,1
Duntzenheim,67270,660,14.5,TransakAuto,Agence STRASBOURG NORD,3
Neuillay-les-Bois,36500,660,14.9,AgenceAuto,chateauroux,2
Ville-en-Tardenois,51170,660,15.3,Simplicicar,reims,1
Marchémoret,77230,659,4.6,TransakAuto,Agence DAMMARTIN EN GOELE,3
Sciecq,79000,659,6.7,TransakAuto,"Agence NAMUR, BELGIQUE",2
Crochte,59380,659,8.5,TransakAuto,Agence DUNKERQUE,3
Thil-Manneville,76730,659,11.0,TransakAuto,Agence DIEPPE,1
Château-sur-Epte,27420,659,11.0,AgenceAuto,vernon,3
Veckring,57920,659,12.0,TransakAuto,"Agence BRUXELLES, BELGIQUE",2
Nauroy,02420,659,12.4,TransakAuto,Agence SAINT-QUENTIN,2
Guilly,45600,659,12.7,TransakAuto,Agence VIERZON,1
Mittainville,78125,659,13.9,TransakAuto,Agence RAMBOUILLET,1
Gouy-Saint-André,62870,659,18.7,TransakAuto,Agence LE TOUQUET,1
Mers-sur-Indre,36230,659,19.6,TransakAuto,Agence CHATEAUROUX,1
Salans,39700,658,4.6,Simplicicar,besancon,4
Saint-Pierre-d'Entremont,61800,658,7.3,TransakAuto,Agence FLERS,1
Santeuil,95640,658,10.4,AgenceAuto,cergy-pontoise,3
Sainte-Marthe,47430,658,19.6,TransakAuto,Agence LANGON,1
Sillegny,57420,657,5.7,TransakAuto,Agence METZ,2
Noyelles-sur-Selle,59282,657,11.0,AgenceAuto,valenciennes,3
Dun,09600,657,13.2,Simplicicar,pamiers,1
Puilacher,34230,657,17.9,TransakAuto,Agence SETE,1
Saint-Hymer,14130,656,5.5,TransakAuto,Agence DEAUVILLE,1
Bernolsheim,67170,656,9.3,TransakAuto,Agence HAGUENAU,3
Moussey,10800,656,10.2,AgenceAuto,troyes,3
Esnes,59127,656,11.1,TransakAuto,Agence CAMBRAI,1
Bourgneuf,73390,656,14.8,TransakAuto,Agence ALBERTVILLE,1
Saint-Jean-de-Daye,50620,656,15.3,TransakAuto,Agence SAINT-LO,1
Quittebeuf,27110,656,15.9,Simplicicar,evreux,2
Saint-Just,18340,656,18.1,TransakAuto,Agence BOURGES,1
Préval,72400,656,18.2,AgenceAuto,nogent-le-rotrou,1
Le Tilleul,76790,656,18.9,TransakAuto,Agence LE HAVRE,1
Rouvignies,59220,655,4.0,AgenceAuto,valenciennes,2
Sainte-Croix-en-Bresse,71470,655,7.8,AgenceAuto,louhans,1
Issus,31450,655,10.3,TransakAuto,Agence EAUNES,4
Saint-Bonnet-de-Chavagne,38840,655,12.2,TransakAuto,Agence ROMANS SUR ISERE,1
Waltenheim-sur-Zorn,67670,655,12.5,TransakAuto,Agence STRASBOURG NORD,3
Fouju,77390,655,15.1,TransakAuto,Agence LIEUSAINT,3
Écuillé,49460,655,15.4,TransakAuto,Agence ANGERS,3
Valines,80210,655,15.6,TransakAuto,Agence ABBEVILLE,2
Merck-Saint-Liévin,62560,655,15.7,Simplicicar,saint-omer,1
Traenheim,67310,655,19.6,AgenceAuto,strasbourg-nord,2
Chèzeneuve,38300,654,5.7,TransakAuto,Agence BOURGOIN-JAILLEU,1
Mergey,10600,654,5.8,TransakAuto,Agence TROYES,3
Sigloy,45110,654,9.0,TransakAuto,Agence VIERZON,1
Bieujac,33210,654,9.1,TransakAuto,Agence LANGON,1
Janvry,91640,654,10.5,AgenceAuto,palaiseau,4
Saint-Vaast-de-Longmont,60410,654,11.9,Simplicicar,compiegne,3
Saint-Germain-le-Châtelet,90110,654,12.9,AgenceAuto,belfort,2
Peyzieux-sur-Saône,01140,654,14.6,TransakAuto,Agence MACON,2
Chartainvilliers,28130,654,14.9,TransakAuto,Agence CHARTRES,1
Le Bocasse,76690,654,15.1,AgenceAuto,yerville,2
Hartmannswiller,68500,654,15.6,AgenceAuto,mulhouse-sud,2
Hanvoile,60650,654,17.8,TransakAuto,Agence BEAUVAIS,2
Baccon,45130,654,18.0,Simplicicar,orleans,1
Mareil-sur-Loir,72200,653,7.7,Simplicicar,la-fleche,1
Tupin-et-Semons,69420,653,9.7,Simplicicar,vienne,2
Gaillères,40090,653,10.0,TransakAuto,Agence MONT DE MARSAN,1
Kindwiller,67350,653,11.5,TransakAuto,Agence HAGUENAU,1
Brissy-Hamégicourt,02240,653,13.2,TransakAuto,Agence SAINT-QUENTIN,2
Villy-le-Bouveret,74350,653,14.1,TransakAuto,Agence ANNECY,6
Riespach,68640,653,18.7,AgenceAuto,saint-louis,2
Le Mont-Saint-Adrien,60650,652,6.6,TransakAuto,Agence BEAUVAIS,2
Vieille-Église-en-Yvelines,78125,652,6.8,TransakAuto,Agence RAMBOUILLET,2
Brueil-en-Vexin,78440,652,7.0,AgenceAuto,epone,5
Saint-Germain-la-Ville,51240,652,7.5,AgenceAuto,chalons-en-champagne,1
Gauville-la-Campagne,27930,652,7.7,Simplicicar,evreux,2
Champagne,07340,652,8.5,TransakAuto,Agence DAVEZIEUX,1
Barges,21910,652,12.0,TransakAuto,Agence DIJON,3
Chavannes-sur-l'Étang,68210,652,13.3,AgenceAuto,belfort,1
Gonneville-sur-Mer,14510,652,17.3,TransakAuto,Agence DEAUVILLE,1
Chantérac,24190,652,18.0,TransakAuto,Agence PERIGUEUX,1
Fleury-en-Bière,77930,652,19.2,TransakAuto,Agence LIEUSAINT,1
Le Born,31340,652,19.4,AgenceAuto,montauban,2
Le Temple,33680,652,19.7,Simplicicar,merignac,1
Évans,39700,651,5.5,Simplicicar,besancon,3
Fauverney,21110,651,7.2,TransakAuto,Agence DIJON,3
Ambérieux,69480,651,7.3,Simplicicar,lyon-nord,5
Saint-Gondran,35630,651,13.3,TransakAuto,Agence RENNES OUEST,2
Payrignac,46300,651,14.4,TransakAuto,Agence SARLAT,1
Kuttolsheim,67520,651,15.1,TransakAuto,Agence STRASBOURG NORD,2
Normanville,76640,651,16.3,TransakAuto,Agence YVETOT,1
Dolus-le-Sec,37310,651,18.2,Simplicicar,tours,1
Saint-Ybars,09210,651,19.6,TransakAuto,Agence EAUNES,1
Goussonville,78930,650,5.4,AgenceAuto,epone,4
Jossigny,77600,650,5.6,AgenceAuto,chessy,6
Saint-Martin-du-Bec,76133,650,9.4,TransakAuto,Agence LE HAVRE,1
Bourgheim,67140,650,16.8,AgenceAuto,selestat,2
Morgny,27150,650,17.6,TransakAuto,Agence GISORS,1
Tendu,36200,650,17.9,AgenceAuto,chateauroux,1
Monte,20290,650,19.6,TransakAuto,Agence BASTIA,1
Massignieu-de-Rives,01300,650,20.0,TransakAuto,Agence CHAMBERY,1
Ouville-l'Abbaye,76760,649,3.3,AgenceAuto,yerville,2
Wahlenheim,67170,649,7.9,TransakAuto,Agence HAGUENAU,3
Thoury-Férottes,77940,649,10.5,TransakAuto,Agence FONTAINEBLEAU,1
Maslives,41250,649,10.6,TransakAuto,Agence BLOIS,1
Bonnebosq,14340,649,10.8,TransakAuto,Agence DEAUVILLE,1
Montmiral,26750,649,12.3,TransakAuto,Agence ROMANS SUR ISERE,1
Mentque-Nortbécourt,62890,649,12.3,Simplicicar,saint-omer,1
Étroussat,03140,649,18.4,Simplicicar,vichy,1
Dinozé,88000,648,4.2,AgenceAuto,epinal,2
Sainte-Geneviève-lès-Gasny,27620,648,4.5,AgenceAuto,vernon,3
Sainte-Nathalène,24200,648,6.3,TransakAuto,Agence SARLAT,1
Pessan,32550,648,8.1,TransakAuto,Agence AUCH,1
Sainte-Marie,25113,648,9.1,TransakAuto,Agence MONTBELIARD,4
La Voivre,88470,648,10.6,AgenceAuto,saint-die-des-vosges,1
Dangy,50750,648,12.2,TransakAuto,Agence SAINT-LO,1
Laons,28270,648,13.3,TransakAuto,Agence DREUX,1
Malleval,42520,648,14.5,TransakAuto,Agence DAVEZIEUX,1
Entremont-le-Vieux,73670,648,15.0,Simplicicar,aix-les-bains,2
Réméréville,54110,648,15.8,AgenceAuto,nancy,3
Madaillan,47360,648,19.7,TransakAuto,Agence AGEN,1
Orx,40230,647,3.1,TransakAuto,Agence CAPBRETON,2
Jablines,77450,647,4.1,AgenceAuto,chessy,5
Saligny,89100,647,4.7,TransakAuto,Agence SENS,1
Hermé,77114,647,9.0,TransakAuto,Agence PROVINS,1
Moyvillers,60190,647,9.7,TransakAuto,Agence COMPIEGNE,3
Magnicourt-en-Comte,62127,647,12.2,TransakAuto,Agence BETHUNE,1
Rethondes,60153,647,12.4,Simplicicar,compiegne,2
Saint-Sever-de-Saintonge,17800,647,12.4,TransakAuto,Agence SAINTES,1
Traubach-le-Haut,68210,647,16.4,AgenceAuto,mulhouse-sud,2
Guitrancourt,78440,646,5.6,AgenceAuto,epone,5
Cerfontaine,59680,646,5.7,TransakAuto,Agence MAUBEUGE,1
Villiers-Fossard,50680,646,7.1,TransakAuto,Agence SAINT-LO,1
Longevelle-sur-Doubs,25260,646,10.5,TransakAuto,Agence MONTBELIARD,3
Neubois,67220,646,10.7,AgenceAuto,selestat,1
Aunay-sous-Crécy,28500,646,11.4,TransakAuto,Agence DREUX,1
Commeny,95450,646,13.3,AgenceAuto,cergy-pontoise,6
Noidans-le-Ferroux,70130,646,17.4,AgenceAuto,vesoul,1
Cébazan,34360,646,17.8,TransakAuto,Agence BEZIERS,1
Sevelinges,42460,646,18.8,TransakAuto,Agence ROANNE,1
Coulandon,03000,645,7.7,TransakAuto,Agence MOULINS,1
Tonnoy,54210,645,9.6,TransakAuto,Agence NANCY,3
Boulot,70190,645,12.9,TransakAuto,Agence BESANCON,3
Marseilles-lès-Aubigny,18320,645,13.5,AgenceAuto,nevers,1
Moustéru,22200,645,14.2,TransakAuto,Agence BEGARD,1
Bailleul-le-Soc,60190,645,14.2,TransakAuto,Agence COMPIEGNE,3
Dierre,37150,645,17.1,AgenceAuto,tours,2
Sainte-Juliette-sur-Viaur,12120,645,17.4,TransakAuto,Agence RODEZ,3
Chaumont,89340,645,18.1,TransakAuto,Agence SENS,1
Sorde-l'Abbaye,40300,645,19.7,TransakAuto,Agence DAX,1
Heimersdorf,68560,645,19.7,AgenceAuto,mulhouse-sud,1
Chalautre-la-Grande,77171,644,11.2,TransakAuto,Agence PROVINS,1
West-Cappel,59380,644,12.9,TransakAuto,Agence DUNKERQUE,3
Ventenac-en-Minervois,11120,644,13.6,Simplicicar,narbonne,2
Heilles,60250,644,14.9,Simplicicar,beauvais,4
Saint-Denis-sur-Scie,76890,644,15.8,AgenceAuto,yerville,1
Cressanges,03240,644,17.2,TransakAuto,Agence MOULINS,1
Talmontiers,60590,643,11.8,TransakAuto,Agence GISORS,1
La Forêt-du-Parc,27220,642,10.0,TransakAuto,Agence EVREUX,2
Saint-Jammes,64160,642,10.3,Simplicicar,pau,2
Dieffenbach-au-Val,67220,642,10.8,AgenceAuto,selestat,1
Balanzac,17600,642,14.0,TransakAuto,Agence SAINTES,2
Yronde-et-Buron,63270,642,19.2,TransakAuto,Agence CLERMONT FERRAND SUD,1
La Tourette,42380,642,19.9,Simplicicar,veauche,1
Rustroff,57480,641,1.1,TransakAuto,"Agence BRUXELLES, BELGIQUE",2
Saint-Sigismond,74300,641,3.5,TransakAuto,Agence SALLANCHES,2
Vieux-Mesnil,59138,641,6.3,TransakAuto,Agence MAUBEUGE,1
Encausse-les-Thermes,31160,641,6.6,Simplicicar,https://www.simplicicar.com/content/170-oncession-st-gaudens,1
Labbeville,95690,641,7.7,TransakAuto,Agence CERGY,4
Heidwiller,68720,641,9.7,AgenceAuto,mulhouse-sud,2
Bruniquel,82800,641,9.8,AgenceAuto,montauban,1
Bois-l'Évêque,76160,641,10.7,TransakAuto,Agence ROUEN,1
Pujo-le-Plan,40190,641,11.6,TransakAuto,Agence MONT DE MARSAN,1
Le Cloître-Saint-Thégonnec,29410,641,13.1,TransakAuto,Agence MORLAIX,1
Montagnac-sur-Auvignon,47600,641,17.5,TransakAuto,Agence AGEN,1
Verel-Pragondran,73230,640,5.0,TransakAuto,Agence CHAMBERY,2
Ranspach-le-Bas,68730,640,6.3,AgenceAuto,saint-louis,2
Janville,60150,640,7.8,TransakAuto,Agence COMPIEGNE,2
Sepmeries,59269,640,9.5,AgenceAuto,valenciennes,2
Fonds-Saint-Denis,97250,640,11.9,AgenceAuto,martinique,1
Fréterive,73250,640,14.4,TransakAuto,Agence ALBERTVILLE,1
Romans,01400,640,15.7,AgenceAuto,bourg-en-bresse,2
Benoîtville,50340,640,16.8,TransakAuto,Agence CHERBOURG-EN-COTENTIN,1
Romegoux,17250,640,17.0,TransakAuto,Agence SAINTES,1
Courcebœufs,72290,640,17.4,TransakAuto,Agence LE MANS,1
Vieux-Ferrette,68480,640,18.5,TransakAuto,Agence SAINT-LOUIS,2
Juvigny,74100,639,2.8,AgenceAuto,annemasse,4
Rouffiac,81150,639,6.4,TransakAuto,Agence ALBI,1
Rivecourt,60126,639,6.7,Simplicicar,compiegne,3
Saint-Philbert-des-Champs,14130,639,9.3,TransakAuto,Agence DEAUVILLE,1
Lommoye,78270,639,11.4,TransakAuto,Agence MANTES-LA-JOLIE,3
Neuf-Marché,76220,639,16.6,TransakAuto,Agence GISORS,1
Rébénacq,64260,639,17.4,TransakAuto,Agence PAU,1
Wangen,67520,639,19.4,TransakAuto,Agence STRASBOURG NORD,2
Rou-Marson,49400,638,3.4,TransakAuto,Agence SAUMUR,1
Jumeauville,78580,638,6.5,AgenceAuto,epone,4
Deaux,30360,638,7.5,TransakAuto,Agence ALES,1
Montbeugny,03340,638,11.2,TransakAuto,Agence MOULINS,1
Sacy-le-Petit,60190,638,11.6,TransakAuto,Agence COMPIEGNE,5
Bricquebosq,50340,638,13.9,TransakAuto,Agence CHERBOURG-EN-COTENTIN,1
Nespouls,19600,638,14.3,TransakAuto,Agence BRIVE-LA-GAILLARDE,2
Signy-Signets,77640,638,15.1,TransakAuto,Agence MEAUX,1
Chapelle-Voland,39140,638,18.5,AgenceAuto,lons-le-saunier,1
Fenioux,79160,638,19.6,TransakAuto,"Agence NAMUR, BELGIQUE",1
Savignac,33124,637,5.8,TransakAuto,Agence LANGON,1
Preixan,11250,637,7.7,Simplicicar,carcassonne,2
La Chapelle-du-Bois-des-Faulx,27930,637,9.0,Simplicicar,evreux,2
Cessey-sur-Tille,21110,637,11.0,TransakAuto,Agence DIJON,3
Benney,54740,637,11.3,TransakAuto,Agence NANCY,3
Capens,31410,637,12.8,TransakAuto,Agence EAUNES,1
Longroy,76260,637,14.2,TransakAuto,"Agence MONS, BELGIQUE",1
Notre-Dame-de-Cenilly,50210,637,17.5,TransakAuto,Agence SAINT-LO,1
Bonningues-lès-Ardres,62890,637,17.6,Simplicicar,saint-omer,1
Moulézan,30350,637,17.8,TransakAuto,Agence ALES,1
Clerlande,63720,637,19.3,TransakAuto,Agence CLERMONT FERRAND SUD,1
Maillé,86190,637,19.7,TransakAuto,Agence POITIERS,1
Apremont,60300,636,3.5,TransakAuto,Agence SAINT MAXIMIN,3
Vétrigne,90300,636,7.0,AgenceAuto,belfort,2
Michelbach-le-Haut,68220,636,7.2,AgenceAuto,saint-louis,2
Noyelles-sur-Mer,80860,636,10.2,TransakAuto,Agence ABBEVILLE,1
Matougues,51510,636,11.7,AgenceAuto,chalons-en-champagne,1
Souligné-Flacé,72210,636,12.5,TransakAuto,Agence LE MANS,1
Saint-Vincent-la-Commanderie,26300,636,13.9,TransakAuto,Agence ROMANS SUR ISERE,3
Comps-la-Grand-Ville,12120,636,14.9,TransakAuto,Agence RODEZ,3
Witternesse,62120,636,15.4,Simplicicar,saint-omer,1
Belmont,38690,636,15.8,TransakAuto,Agence BOURGOIN-JAILLEU,1
Mousseaux-Neuville,27220,636,16.4,TransakAuto,Agence DREUX,3
Heugleville-sur-Scie,76720,636,17.8,AgenceAuto,yerville,1
Orschwiller,67600,635,7.3,AgenceAuto,selestat,2
Surin,79220,635,10.9,TransakAuto,"Agence NAMUR, BELGIQUE",2
Chevenon,58160,635,11.8,AgenceAuto,nevers,1
Mérobert,91780,635,12.0,TransakAuto,Agence ETAMPES,1
Fouchy,67220,635,16.8,AgenceAuto,selestat,2
Gavrus,14210,635,18.5,TransakAuto,Agence CAEN,1
Fontaine-Mâcon,10400,635,19.5,TransakAuto,Agence PROVINS,1
Bréxent-Énocq,62170,634,11.9,TransakAuto,Agence LE TOUQUET,1
La Sône,38840,634,15.6,TransakAuto,Agence ROMANS SUR ISERE,1
Trégarantec,29260,634,18.6,TransakAuto,Agence BREST,2
Triors,26750,633,4.8,TransakAuto,Agence ROMANS SUR ISERE,1
Ponlat-Taillebourg,31210,633,7.4,Simplicicar,https://www.simplicicar.com/content/170-oncession-st-gaudens,1
Montigny-lès-Vesoul,70000,633,8.0,AgenceAuto,vesoul,1
Saint-Eusèbe,74150,633,8.5,TransakAuto,Agence ANNECY,3
Gunstett,67360,633,10.0,TransakAuto,Agence HAGUENAU,1
Bouranton,10270,633,11.9,Simplicicar,troyes,3
Châteaudouble,26120,633,13.3,TransakAuto,Agence VALENCE,3
Werentzhouse,68480,633,13.9,TransakAuto,Agence SAINT-LOUIS,2
Aurice,40500,633,14.0,TransakAuto,Agence MONT DE MARSAN,1
Recloses,77760,633,15.0,TransakAuto,Agence FONTAINEBLEAU,1
Le Biot,74430,633,17.3,TransakAuto,Agence THONON-LES-BAINS,1
Brassac,09000,633,17.3,Simplicicar,pamiers,1
Boffres,07440,633,18.6,Simplicicar,valence,1
Villebougis,89150,632,9.9,TransakAuto,Agence SENS,1
Graincourt-lès-Havrincourt,62147,632,10.2,TransakAuto,Agence CAMBRAI,1
Vis-en-Artois,62156,632,10.5,TransakAuto,Agence ARRAS,3
Saussenac,81350,632,13.3,TransakAuto,Agence ALBI,1
Saint-Paul,61100,631,5.8,TransakAuto,Agence FLERS,1
Chaussy,95710,631,6.5,AgenceAuto,vernon,5
La Baffe,88460,631,8.0,AgenceAuto,epinal,2
La Roche-Noire,63800,631,9.2,TransakAuto,Agence CLERMONT FERRAND SUD,1
Courbeveille,53230,631,10.4,TransakAuto,Agence LAVAL,1
Lavilletertre,60240,631,15.0,TransakAuto,Agence GISORS,3
Vry,57640,631,15.3,AgenceAuto,metz,1
Berny-Rivière,02290,631,15.4,Simplicicar,soissons,1
Gréolières,06620,631,17.4,TransakAuto,Agence GRASSE,1
Quéant,62860,631,17.9,TransakAuto,Agence CAMBRAI,3
Athesans-Étroitefontaine,70110,631,18.9,AgenceAuto,hericourt,1
Dung,25550,630,5.8,AgenceAuto,montbeliard,4
Notre-Dame-de-l'Isle,27940,630,6.8,Simplicicar,vernon,2
Île-aux-Moines,56780,630,10.5,AgenceAuto,vannes,3
Cescau,64170,630,11.4,Simplicicar,pau,2
Banvou,61450,630,11.9,TransakAuto,Agence FLERS,1
Deluz,25960,630,14.3,TransakAuto,Agence BESANCON,1
Bouglon,47250,630,18.4,TransakAuto,Agence LANGON,1
Chevagnes,03230,630,18.4,TransakAuto,Agence MOULINS,1
Tréguidel,22290,630,18.4,AgenceAuto,saint-brieuc,2
Farbus,62580,629,6.8,TransakAuto,Agence LENS,4
Parigny,42120,629,8.8,TransakAuto,Agence ROANNE,1
Émagny,25170,629,9.1,AgenceAuto,besancon-valentin,4
Parignargues,30730,629,11.9,Simplicicar,nimes,4
Saint-Denis-lès-Sens,89100,628,3.6,TransakAuto,Agence SENS,1
Hébécourt,27150,628,9.3,TransakAuto,Agence GISORS,1
Mialet,30140,628,11.4,TransakAuto,Agence ALES,1
Le Maisnil,59134,628,13.1,AgenceAuto,lille-seclin,5
Bouafles,27700,628,13.3,Simplicicar,vernon,1
Les Écrennes,77820,628,14.2,TransakAuto,Agence FONTAINEBLEAU,1
Laval-sur-Vologne,88600,628,17.9,AgenceAuto,epinal,1
Vogelgrun,68600,628,19.7,Simplicicar,colmar,1
Hunspach,67250,628,19.9,TransakAuto,Agence HAGUENAU,1
Ranspach-le-Haut,68220,627,8.3,AgenceAuto,saint-louis,3
Saint-Thomas,31470,627,8.7,AgenceAuto,toulouse-fontenilles,2
Brégy,60440,627,9.4,TransakAuto,Agence DAMMARTIN EN GOELE,2
Berru,51420,627,10.7,TransakAuto,Agence REIMS,2
Gentelles,80800,627,15.2,AgenceAuto,amiens,2
Varennes,82370,627,15.5,TransakAuto,Agence MONTAUBAN,3
Reviers,14470,627,17.6,TransakAuto,Agence CAEN,1
Brevilliers,70400,626,2.3,AgenceAuto,hericourt,4
Wancourt,62128,626,5.3,TransakAuto,Agence ARRAS,4
Émiéville,14630,626,5.9,TransakAuto,Agence CAEN,1
Laglorieuse,40090,626,7.7,TransakAuto,Agence MONT DE MARSAN,1
Uchacq-et-Parentis,40090,626,7.9,TransakAuto,Agence MONT DE MARSAN,1
Gilocourt,60129,626,12.8,Simplicicar,compiegne,2
Querrieu,80115,626,12.9,TransakAuto,Agence AMIENS,2
Barzun,64530,626,15.1,TransakAuto,Agence TARBES,1
Saint-Ennemond,03400,626,15.7,TransakAuto,Agence MOULINS,1
Bettelainville,57640,626,16.1,AgenceAuto,metz,1
La Malhoure,22640,626,17.2,TransakAuto,Agence LAMBALLE,1
Lauret,34270,626,19.3,AgenceAuto,montpellier-est,1
Missy-sur-Aisne,02880,625,6.3,Simplicicar,soissons,1
Saint-Nazaire-de-Pézan,34400,625,6.5,TransakAuto,Agence LUNEL,3
Vallangoujard,95810,625,7.3,TransakAuto,Agence CERGY,4
Limoges-Fourches,77550,625,7.6,TransakAuto,Agence LIEUSAINT,3
Saint-Haon-le-Châtel,42370,625,9.9,TransakAuto,Agence ROANNE,1
Féricy,77133,625,10.9,TransakAuto,Agence FONTAINEBLEAU,1
Saint-Maurice-sur-Adour,40270,625,11.0,TransakAuto,Agence MONT DE MARSAN,1
Vaunaveys-la-Rochette,26400,625,12.6,TransakAuto,Agence VALENCE,2
Ollé,28120,625,12.9,TransakAuto,Agence CHARTRES,1
Saint-Symphorien,35630,625,13.6,TransakAuto,Agence RENNES OUEST,2
Saint-Martin-de-Brômes,04800,625,14.7,TransakAuto,Agence MANOSQUE,1
Vibeuf,76760,624,3.8,AgenceAuto,yerville,2
Aumelas,34230,624,12.2,TransakAuto,Agence SETE,2
Pont-de-Poitte,39130,624,14.4,TransakAuto,Agence LONS LE SAUNIER,2
Cassen,40380,624,14.5,TransakAuto,Agence DAX,2
Boullay-les-Troux,91470,624,15.8,AgenceAuto,palaiseau,4
Saint-Germain-du-Bel-Air,46310,624,18.7,TransakAuto,Agence CAHORS,1
Yvecrique,76560,623,5.8,AgenceAuto,yerville,2
Sainte-Ruffine,57130,623,6.2,AgenceAuto,metz,3
Thanvillé,67220,623,10.1,AgenceAuto,selestat,1
Labarde,33460,623,15.9,TransakAuto,Agence BORDEAUX RIVE DROITE,5
La Chapelle-sur-Aveyron,45230,623,16.7,TransakAuto,Agence MONTARGIS,1
Drouvin-le-Marais,62131,622,3.7,TransakAuto,Agence BETHUNE,2
Charpont,28500,622,8.9,TransakAuto,Agence DREUX,1
Rosoy,60140,622,10.3,AgenceAuto,senlis,3
Montferrand,11320,622,11.9,TransakAuto,Agence VILLEFRANCHE-DE-LAURAGAIS,1
Sainte-Foy,76590,622,13.7,TransakAuto,Agence DIEPPE,1
Escragnolles,06460,622,13.9,TransakAuto,Agence GRASSE,1
Pailhès,34490,622,14.3,TransakAuto,Agence BEZIERS,1
Saint-Julien-sur-Bibost,69690,622,16.3,TransakAuto,Agence CALUIRE-ET-CUIRE,1
Lauraguel,11300,622,17.0,Simplicicar,carcassonne,2
Agnez-lès-Duisans,62161,621,11.3,Simplicicar,arras,3
Montigny-aux-Amognes,58130,621,11.7,AgenceAuto,nevers,1
Chamousset,73390,621,16.0,TransakAuto,Agence ALBERTVILLE,1
Yermenonville,28130,621,16.4,TransakAuto,Agence RAMBOUILLET,2
Frozes,86190,621,16.5,TransakAuto,Agence POITIERS,1
Baneins,01990,621,18.0,TransakAuto,Agence MACON,2
Trouhans,21170,621,18.8,AgenceAuto,dole,1
Camps-sur-l'Isle,33660,621,19.2,TransakAuto,Agence LIBOURNE,1
Naves,59161,620,6.5,TransakAuto,Agence CAMBRAI,1
Champfleury,51500,620,6.5,Simplicicar,reims,2
Saint-Vaize,17100,620,9.1,TransakAuto,Agence SAINTES,1
Erquinghem-le-Sec,59320,620,9.2,AgenceAuto,lille-seclin,5
Saint-Martin-Petit,47180,620,11.0,TransakAuto,Agence LANGON,1
Sars-et-Rosières,59230,620,12.5,TransakAuto,Agence VALENCIENNES,2
Villerville,14113,620,13.3,TransakAuto,Agence DEAUVILLE,2
Rocheville,50260,620,14.9,TransakAuto,Agence CHERBOURG-EN-COTENTIN,1
Cuvilly,60490,620,16.5,TransakAuto,Agence COMPIEGNE,2
Araules,43200,620,17.3,Simplicicar,puy-en-velay,1
Metz-en-Couture,62124,620,17.9,TransakAuto,Agence CAMBRAI,1
Trigny,51140,619,8.3,Simplicicar,reims,2
Fauch,81120,619,11.1,TransakAuto,Agence ALBI,1
Carantilly,50570,619,12.4,TransakAuto,Agence SAINT-LO,1
Mégevette,74490,619,12.8,TransakAuto,Agence THONON-LES-BAINS,5
L'Orée de Mormal,59144,619,14.6,TransakAuto,Agence MAUBEUGE,2
Inchy,59540,619,17.8,TransakAuto,Agence CAMBRAI,1
Pouilly-sur-Saône,21250,619,18.9,Simplicicar,beaune,1
Lalande-de-Pomerol,33500,618,5.4,TransakAuto,Agence LIBOURNE,1
Savy,02590,618,5.4,AgenceAuto,saint-quentin,2
Ancourt,76370,618,6.8,TransakAuto,Agence DIEPPE,1
Iverny,77165,618,7.5,TransakAuto,Agence MEAUX,4
Englos,59320,618,8.5,Simplicicar,lille,6
Arronville,95810,618,11.9,TransakAuto,Agence CERGY,4
Neuville-sous-Montreuil,62170,618,12.5,TransakAuto,Agence LE TOUQUET,1
Saint-Félix,60370,618,14.2,Simplicicar,beauvais,4
Virigneux,42140,618,14.7,Simplicicar,moto-veauche,2
Saint-Floris,62350,618,14.8,TransakAuto,Agence BETHUNE,1
Bovel,35330,618,17.0,Simplicicar,rennes,1
Beaumont,89250,618,19.4,TransakAuto,Agence AUXERRE,1
Cocherel,77440,618,19.8,TransakAuto,Agence MEAUX,1
Mieuxcé,61250,617,6.3,TransakAuto,Agence ALENCON,1
Savins,77650,617,9.0,TransakAuto,Agence PROVINS,1
Valpuiseaux,91720,617,13.0,TransakAuto,Agence ETAMPES,1
Mailly-Champagne,51500,617,14.6,Simplicicar,reims,2
La Fermeté,58160,617,15.6,AgenceAuto,nevers,1
Le Brignon,43370,617,16.4,Simplicicar,puy-en-velay,1
Cannes-et-Clairan,30260,617,18.8,TransakAuto,Agence ALES,1
Penguily,22510,617,19.4,TransakAuto,Agence LAMBALLE,1
Monchaux-sur-Écaillon,59224,616,7.7,AgenceAuto,valenciennes,3
Le Fay,71580,616,9.6,AgenceAuto,louhans,3
Rancy,71290,616,10.9,AgenceAuto,louhans,1
Boissy-sans-Avoir,78490,616,14.0,TransakAuto,Agence LES CLAYES SOUS BOIS,3
Montséret,11200,616,15.0,TransakAuto,Agence NARBONNE,2
Le Pout,33670,616,15.7,TransakAuto,Agence LIBOURNE,4
Mareuil-la-Motte,60490,616,16.0,TransakAuto,Agence COMPIEGNE,2
Paray-sous-Briailles,03500,616,17.7,Simplicicar,vichy,1
Sept-Sorts,77260,616,18.1,TransakAuto,Agence MEAUX,1
Saint-Jean-du-Bois,72430,616,19.1,Simplicicar,la-fleche,1
Bourgon,53410,616,19.7,TransakAuto,Agence LAVAL,1
Boissy-Mauvoisin,78200,615,7.8,TransakAuto,Agence MANTES-LA-JOLIE,4
Gennetines,03400,615,10.3,TransakAuto,Agence MOULINS,1
Bélus,40300,615,14.0,TransakAuto,Agence DAX,2
Merckeghem,59470,615,14.7,TransakAuto,Agence DUNKERQUE,3
Ymeray,28320,615,15.1,TransakAuto,Agence RAMBOUILLET,1
Friesenheim,67860,615,15.6,AgenceAuto,selestat,2
Mévoisins,28130,615,17.6,TransakAuto,Agence CHARTRES,2
Bomy,62960,615,18.7,Simplicicar,saint-omer,1
Arcizac-Adour,65360,614,7.7,TransakAuto,Agence TARBES,1
Hessenheim,67390,614,9.9,AgenceAuto,selestat,2
La Chaux,25650,614,11.1,Simplicicar,pontarlier,2
Escoussens,81290,614,12.1,TransakAuto,Agence CASTRES,1
Saint-Pierre,67140,614,13.0,AgenceAuto,selestat,1
Harol,88270,614,13.4,TransakAuto,Agence EPINAL,2
Montdragon,81440,614,14.5,TransakAuto,Agence ALBI,1
Baudre,50000,613,2.1,TransakAuto,Agence SAINT-LO,1
Gommecourt,78270,613,4.4,AgenceAuto,vernon,4
Manderen-Ritzing,57480,613,6.6,TransakAuto,"Agence BRUXELLES, BELGIQUE",1
Rumigny,80680,613,7.8,AgenceAuto,amiens,2
Byans-sur-Doubs,25320,613,9.0,Simplicicar,besancon,4
Arthémonay,26260,613,10.1,TransakAuto,Agence ROMANS SUR ISERE,1
Vesly,27870,613,11.2,TransakAuto,Agence GISORS,2
Vocance,07690,613,12.4,TransakAuto,Agence DAVEZIEUX,1
Neuve-Église,67220,613,12.5,AgenceAuto,selestat,1
Blangy-Tronville,80440,613,13.8,AgenceAuto,amiens,2
Pontoy,57420,613,15.6,TransakAuto,Agence METZ,2
Mauvezin-sur-Gupie,47200,613,17.0,TransakAuto,Agence LANGON,1
Saint-Sernin-du-Plain,71510,613,17.7,TransakAuto,Agence CHALON-SUR-SAONE,1
Causses-et-Veyran,34490,613,18.4,TransakAuto,Agence BEZIERS,1
Crosville-la-Vieille,27110,613,19.7,TransakAuto,Agence ELBEUF,1
Roches-lès-Blamont,25310,612,6.5,TransakAuto,Agence MONTBELIARD,2
Savignac-de-l'Isle,33910,612,8.7,TransakAuto,Agence LIBOURNE,1
Estancarbon,31800,612,9.1,Simplicicar,https://www.simplicicar.com/content/170-oncession-st-gaudens,1
Montcarra,38890,612,10.6,TransakAuto,Agence BOURGOIN-JAILLEU,1
Villemotier,01270,612,16.3,TransakAuto,Agence BOURG-EN-BRESSE,2
Bréal-sous-Vitré,35370,612,18.1,TransakAuto,Agence LAVAL,1
Morschwiller,67350,611,8.3,TransakAuto,Agence HAGUENAU,2
Anjoutey,90170,611,11.5,AgenceAuto,belfort,2
Le Mériot,10400,611,12.2,TransakAuto,Agence PROVINS,1
Yversay,86170,611,12.7,TransakAuto,Agence POITIERS,1
Crisenoy,77390,611,13.7,TransakAuto,Agence LIEUSAINT,3
Théhillac,56130,611,15.7,TransakAuto,Agence REDON,1
Ledringhem,59470,611,15.8,TransakAuto,Agence DUNKERQUE,4
L'Hôpital-du-Grosbois,25620,611,16.6,TransakAuto,Agence BESANCON,1
Mayran,12390,611,17.1,AgenceAuto,rodez,3
Boussac,12160,611,17.9,AgenceAuto,rodez,3
Cliousclat,26270,611,19.0,TransakAuto,Agence VALENCE,1
Pournoy-la-Chétive,57420,610,9.3,TransakAuto,Agence METZ,2
Mailley-et-Chazelot,70000,610,13.8,AgenceAuto,vesoul,1
Saint-Palais,18110,610,14.0,TransakAuto,Agence BOURGES,1
Moncey,25870,610,15.3,TransakAuto,Agence BESANCON,1
Saint-Sorlin-de-Morestel,38510,610,16.4,TransakAuto,Agence BOURGOIN-JAILLEU,1
Saint-Séglin,35330,610,18.4,TransakAuto,Agence REDON,1
Villeneuve-les-Bordes,77154,610,19.5,TransakAuto,Agence FONTAINEBLEAU,1
Alexain,53240,610,19.6,TransakAuto,Agence LAVAL,1
La Falaise,78410,609,3.1,AgenceAuto,epone,4
Saint-Amour-Bellevue,71570,609,4.3,TransakAuto,Agence MACON,1
Merfy,51220,609,4.7,TransakAuto,Agence REIMS,2
Menars,41500,609,6.0,TransakAuto,Agence BLOIS,1
Saint-Armou,64160,609,7.7,Simplicicar,pau,2
Siccieu-Saint-Julien-et-Carisieu,38460,609,10.0,TransakAuto,Agence ANTHON,3
Mondorff,57570,609,10.2,TransakAuto,"Agence BRUXELLES, BELGIQUE",2
Auberville,14640,609,17.0,TransakAuto,Agence DEAUVILLE,1
Moffans-et-Vacheresse,70200,609,17.3,AgenceAuto,hericourt,1
Pomerol,33500,608,3.0,TransakAuto,Agence LIBOURNE,1
Oust-Marest,80460,608,6.2,TransakAuto,"Agence MONS, BELGIQUE",1
Larnaud,39140,608,6.8,AgenceAuto,lons-le-saunier,3
Comblanchien,21700,608,9.8,Simplicicar,beaune,1
Saint-Vidal,43320,608,12.5,Simplicicar,puy-en-velay,1
Vertrieu,38390,608,13.7,Simplicicar,meximieux,3
Trouville-Alliquerville,76210,608,13.9,TransakAuto,Agence YVETOT,1
Lanvellec,22420,608,15.5,AgenceAuto,lannion,2
Hautvillers,51160,608,18.7,Simplicicar,reims,1
Hontanx,40190,608,18.8,TransakAuto,Agence MONT DE MARSAN,1
Argiésans,90800,607,3.0,AgenceAuto,belfort,4
Nouainville,50690,607,5.6,TransakAuto,Agence CHERBOURG-EN-COTENTIN,1
Mézières-en-Vexin,27510,607,9.1,Simplicicar,vernon,2
Chevagny-les-Chevrières,71960,607,9.4,TransakAuto,Agence MACON,1
Saint-Bernard,68720,607,10.0,AgenceAuto,mulhouse-sud,2
Thoiras-Corbès,30140,607,11.2,TransakAuto,Agence ALES,1
Villers-au-Bois,62144,607,12.1,TransakAuto,Agence LENS,4
Marliens,21110,607,12.7,TransakAuto,Agence DIJON,3
Cugny,02480,607,16.7,AgenceAuto,saint-quentin,2
Monchaux-Soreng,76340,607,19.0,TransakAuto,"Agence MONS, BELGIQUE",1
Venthon,73200,606,5.2,TransakAuto,Agence ALBERTVILLE,1
Saint-Martin-le-Gréard,50690,606,9.8,TransakAuto,Agence CHERBOURG-EN-COTENTIN,1
Lalande-en-Son,60590,606,11.6,TransakAuto,Agence GISORS,1
Élincourt,59127,606,17.1,TransakAuto,Agence CAMBRAI,1
Beuzevillette,76210,606,17.8,TransakAuto,Agence YVETOT,1
Sceaux-du-Gâtinais,45490,606,18.1,TransakAuto,Agence MONTARGIS,1
Luthenay-Uxeloup,58240,606,18.5,AgenceAuto,nevers,1
Saint-Thierry,51220,605,3.3,TransakAuto,Agence REIMS,2
Bettencourt-Saint-Ouen,80610,605,11.2,TransakAuto,Agence AMIENS,2
Fontaine,90150,605,11.5,AgenceAuto,belfort,2
Montchenu,26350,605,15.8,TransakAuto,Agence ROMANS SUR ISERE,1
Estézargues,30390,605,17.3,TransakAuto,Agence AVIGNON,1
Rovon,38470,605,18.3,TransakAuto,Agence GRENOBLE OUEST,1
Pontavert,02160,605,19.9,TransakAuto,Agence REIMS,1
Fresnes-lès-Montauban,62490,604,8.8,TransakAuto,Agence DOUAI,4
Miannay,80132,604,9.5,TransakAuto,Agence ABBEVILLE,1
Momas,64230,604,9.5,Simplicicar,pau,2
Gy-les-Nonains,45220,604,10.1,TransakAuto,Agence MONTARGIS,1
Wasnes-au-Bac,59252,604,10.4,TransakAuto,Agence CAMBRAI,3
Langouet,35630,604,11.7,TransakAuto,Agence RENNES OUEST,2
Graimbouville,76430,604,12.0,TransakAuto,Agence LE HAVRE,1
La Gripperie-Saint-Symphorien,17620,604,15.0,Simplicicar,royan,1
Saint-Maclou-de-Folleville,76890,604,15.2,AgenceAuto,yerville,1
Saessolsheim,67270,604,16.6,TransakAuto,Agence STRASBOURG NORD,2
Rosoy-en-Multien,60620,604,17.8,TransakAuto,Agence DAMMARTIN EN GOELE,2
Méry-la-Bataille,60420,604,18.4,TransakAuto,Agence COMPIEGNE,2
Puiseux-Pontoise,95650,603,2.3,AgenceAuto,cergy-pontoise,6
Épiais-Rhus,95810,603,7.3,TransakAuto,Agence CERGY,4
Saint-Hilaire-de-Brens,38460,603,9.0,TransakAuto,Agence BOURGOIN-JAILLEU,3
Bazus,31380,603,9.7,AgenceAuto,toulouse-nord,3
Warlaing,59870,603,11.0,TransakAuto,Agence VALENCIENNES,2
Cieutat,65200,603,16.3,TransakAuto,Agence TARBES,1
Marigny-Chemereau,86370,603,19.0,TransakAuto,Agence POITIERS,1
Gavisse,57570,602,5.5,TransakAuto,"Agence BRUXELLES, BELGIQUE",2
La Veuve,51520,602,11.5,AgenceAuto,chalons-en-champagne,1
Flévy,57365,602,13.5,AgenceAuto,metz,3
Beffes,18320,602,14.8,AgenceAuto,nevers,1
Montgaillard,40500,602,14.9,TransakAuto,Agence MONT DE MARSAN,1
Penne,81140,602,15.1,AgenceAuto,montauban,1
Villers,42460,602,15.6,TransakAuto,Agence ROANNE,1
Sulignat,01400,602,15.9,TransakAuto,Agence MACON,3
Anteuil,25340,602,17.7,TransakAuto,Agence MONTBELIARD,1
Noyant-d'Allier,03210,602,18.1,TransakAuto,Agence MOULINS,1
Le Mesnil-sous-Jumièges,76480,602,18.7,TransakAuto,Agence ELBEUF,2
Tarabel,31570,601,11.9,TransakAuto,Agence VILLEFRANCHE-DE-LAURAGAIS,3
Séry-lès-Mézières,02240,601,12.7,TransakAuto,Agence SAINT-QUENTIN,2
Le Dézert,50620,601,13.4,TransakAuto,Agence SAINT-LO,1
Faverolles-et-Coëmy,51170,601,14.0,Simplicicar,reims,2
Laps,63270,601,14.9,TransakAuto,Agence CLERMONT FERRAND SUD,1
Crachier,38300,600,6.8,TransakAuto,Agence BOURGOIN-JAILLEU,1
Mello,60660,600,7.5,Simplicicar,st-maximin,3
Saint-Romain-en-Gier,69700,600,13.3,Simplicicar,vienne,4
Saint-Pierre-du-Val,27210,600,17.0,TransakAuto,Agence DEAUVILLE,2
Serley,71310,600,17.6,AgenceAuto,louhans,1
Belles-Fontaines,70110,600,18.4,AgenceAuto,hericourt,1
Champdôtre,21130,600,18.8,AgenceAuto,dole,1
Roset-Fluans,25410,599,4.4,Simplicicar,besancon,4
Ville-en-Vermois,54210,599,4.5,TransakAuto,Agence NANCY,3
Kerling-lès-Sierck,57480,599,5.7,TransakAuto,"Agence BRUXELLES, BELGIQUE",2
Forstheim,67580,599,8.0,TransakAuto,Agence HAGUENAU,1
Hargnies,59138,599,8.3,TransakAuto,Agence MAUBEUGE,1
Saint-Bardoux,26260,599,9.7,TransakAuto,Agence ROMANS SUR ISERE,2
Villedaigne,11200,599,11.0,Simplicicar,narbonne,2
Moroges,71390,599,11.5,TransakAuto,Agence CHALON-SUR-SAONE,2
Beugnies,59216,599,13.0,TransakAuto,Agence MAUBEUGE,1
Naujan-et-Postiac,33420,599,13.9,TransakAuto,Agence LIBOURNE,1
Millery,54670,599,13.9,TransakAuto,Agence METZ,3
La Fontaine-Saint-Martin,72330,599,15.0,Simplicicar,la-fleche,1
Bailly,60170,599,18.1,TransakAuto,Agence COMPIEGNE,2
Pouzols-Minervois,11120,599,18.5,Simplicicar,narbonne,2
Éragny-sur-Epte,60590,598,2.8,TransakAuto,Agence GISORS,1
Chilly-le-Vignoble,39570,598,3.5,AgenceAuto,lons-le-saunier,2
Villacerf,10600,598,6.1,TransakAuto,Agence TROYES,3
Bénesse-lès-Dax,40180,598,6.6,TransakAuto,Agence DAX,2
Lanne,65380,598,7.1,TransakAuto,Agence TARBES,1
Cépie,11300,598,12.7,Simplicicar,carcassonne,2
Menchhoffen,67340,598,18.5,TransakAuto,Agence HAGUENAU,1
Saint-André-de-Boëge,74420,597,8.0,TransakAuto,Agence ANNEMASSE,4
Codolet,30200,597,9.9,TransakAuto,Agence ORANGE,1
Saint-Martinien,03380,597,12.5,TransakAuto,Agence MONTLUCON,1
Bardouville,76480,597,14.4,TransakAuto,Agence ROUEN,2
Boinville-le-Gaillard,78660,597,14.7,TransakAuto,Agence RAMBOUILLET,1
Morey-Saint-Denis,21220,597,16.0,TransakAuto,Agence DIJON,3
Coyecques,62560,597,16.2,Simplicicar,saint-omer,1
Chémery-les-Deux,57320,597,17.1,TransakAuto,"Agence BRUXELLES, BELGIQUE",1
Soulitré,72370,597,19.4,TransakAuto,Agence LE MANS,1
Chagey,70400,596,5.0,AgenceAuto,hericourt,4
Ausson,31210,596,7.2,Simplicicar,https://www.simplicicar.com/content/170-oncession-st-gaudens,1
Girolles,45120,596,8.4,TransakAuto,Agence MONTARGIS,1
Saint-Sérotin,89140,596,10.6,TransakAuto,Agence SENS,1
Uttenheim,67150,596,12.1,Simplicicar,strasbourg,2
Chanteix,19330,596,12.8,AgenceAuto,tulle,3
Castelnau-Barbarens,32450,596,13.3,TransakAuto,Agence AUCH,1
Bolleville,76210,596,15.9,TransakAuto,Agence YVETOT,1
Les Barthes,82100,596,16.8,TransakAuto,Agence MONTAUBAN,1
Saint-Sylvestre,74540,595,8.1,AgenceAuto,annecy,3
Sainte-Eulalie,11170,595,9.2,TransakAuto,Agence CARCASSONNE,2
Villeneuve-sous-Dammartin,77230,595,10.9,TransakAuto,Agence DAMMARTIN EN GOELE,5
Ruca,22550,595,15.1,TransakAuto,Agence LAMBALLE,1
Luppy,57580,595,16.8,TransakAuto,Agence METZ,1
Pont-Melvez,22390,595,18.7,TransakAuto,Agence BEGARD,1
Mailhac,11120,595,19.5,Simplicicar,narbonne,1
Setques,62380,594,8.1,Simplicicar,saint-omer,1
Le Rousset-Marizy,71220,594,13.5,AgenceAuto,montceau-les-mines,1
Champigny-en-Beauce,41330,594,14.5,TransakAuto,Agence BLOIS,1
Le Boullay-Thierry,28210,594,14.6,TransakAuto,Agence DREUX,1
Teurthéville-Bocage,50630,594,16.1,TransakAuto,Agence CHERBOURG-EN-COTENTIN,1
Courteranges,10270,594,16.2,AgenceAuto,troyes,3
Mondrainville,14210,594,17.7,TransakAuto,Agence CAEN,1
Saint-Jal,19700,594,18.1,AgenceAuto,tulle,1
La Guiche,71220,594,18.3,AgenceAuto,montceau-les-mines,1
Estrées-Mons,80200,594,19.4,AgenceAuto,saint-quentin,1
Avoise,72430,594,19.5,Simplicicar,la-fleche,1
La Neuville,59239,593,5.8,TransakAuto,Agence SECLIN,6
Clairmarais,62500,593,6.9,Simplicicar,saint-omer,1
Villeneuve-sur-Auvers,91580,593,8.0,TransakAuto,Agence ETAMPES,1
Lenoncourt,54110,593,8.9,AgenceAuto,nancy,3
Vieux-Moulin,60350,593,10.3,Simplicicar,compiegne,2
Saint-Simon,02640,593,12.2,AgenceAuto,saint-quentin,2
Mittelbergheim,67140,593,14.2,AgenceAuto,selestat,1
Castelnau-Chalosse,40360,593,15.0,TransakAuto,Agence DAX,2
Saint-Martin-Terressus,87400,593,15.0,TransakAuto,Agence LIMOGES,2
Faverois,90100,593,16.1,AgenceAuto,belfort,2
Monchy-Lagache,80200,593,16.6,AgenceAuto,saint-quentin,2
Mutrécy,14220,593,17.4,TransakAuto,Agence CAEN,1
Lalleu,35320,593,19.2,TransakAuto,Agence CHATEAUBRIANT,1
Chorey-les-Beaune,21200,592,3.3,Simplicicar,beaune,1
La Baume-d'Hostun,26730,592,9.3,TransakAuto,Agence ROMANS SUR ISERE,1
Saint-Pierre-de-Cormeilles,27260,592,12.7,TransakAuto,Agence DEAUVILLE,1
Fleury,60240,592,14.2,TransakAuto,Agence GISORS,1
Vannes-sur-Cosson,45510,592,14.4,TransakAuto,Agence VIERZON,1
Saint-Thomas-la-Garde,42600,592,14.9,Simplicicar,moto-veauche,2
Zouafques,62890,592,17.4,Simplicicar,saint-omer,1
Couloisy,60350,592,17.5,Simplicicar,compiegne,2
Blacourt,60650,592,17.8,TransakAuto,Agence BEAUVAIS,2
Meursanges,21200,591,7.1,Simplicicar,beaune,1
Nonville,77140,591,10.3,TransakAuto,Agence FONTAINEBLEAU,1
Labastide-Monréjeau,64170,591,12.2,TransakAuto,Agence PAU,2
Richerenches,84600,591,12.5,TransakAuto,Agence BOLLENE,2
La Houssoye,60390,591,13.7,Simplicicar,beauvais,3
Courtomer,77390,591,14.9,AgenceAuto,gretz-armainvilliers,1
Liniers,86800,591,16.9,TransakAuto,Agence POITIERS,1
Baudreix,64800,591,17.7,TransakAuto,Agence PAU,1
Gras,07700,591,18.1,TransakAuto,Agence MONTELIMAR,2
Lorcy,45490,591,18.5,TransakAuto,Agence MONTARGIS,1
Courdemanche,27320,590,7.2,TransakAuto,Agence DREUX,1
Épeugney,25290,590,12.0,Simplicicar,caen,4
Saint-Forgeux-Lespinasse,42640,590,12.0,TransakAuto,Agence ROANNE,1
Long,80510,590,14.6,TransakAuto,Agence ABBEVILLE,1
Miserey,27930,589,5.4,Simplicicar,evreux,3
Lavernay,25170,589,6.1,Simplicicar,besancon,4
Montainville,78124,589,9.4,TransakAuto,Agence CHAMBOURCY,4
Clastres,02440,589,10.4,AgenceAuto,saint-quentin,2
Halsou,64480,589,12.9,AgenceAuto,biarritz-bab,3
Moncaut,47310,589,13.5,TransakAuto,Agence AGEN,1
Haravilliers,95640,589,13.5,TransakAuto,Agence CERGY,3
Cardroc,35190,589,18.0,TransakAuto,Agence RENNES OUEST,1
Saint-Jean-de-Valériscle,30960,589,18.2,TransakAuto,Agence ALES,1
Erquery,60600,589,19.2,TransakAuto,Agence SAINT MAXIMIN,3
Sainte-Radegonde,17250,589,19.9,TransakAuto,Agence SAINTES,1
Varennes-lès-Mâcon,71000,588,2.3,TransakAuto,Agence MACON,1
Jonquières,60680,588,3.3,TransakAuto,Agence COMPIEGNE,3
Roullens,11290,588,5.9,Simplicicar,carcassonne,2
Boissières,30114,588,7.5,Simplicicar,vauvert,5
La Harengère,27370,588,9.2,TransakAuto,Agence ELBEUF,1
Marquay,24620,588,11.9,TransakAuto,Agence SARLAT,1
Breurey-lès-Faverney,70160,588,13.8,AgenceAuto,vesoul,1
Lornay,74150,588,14.1,TransakAuto,Agence ANNECY,3
Saint-Pey-de-Castets,33350,588,15.8,TransakAuto,Agence LIBOURNE,1
Bernadets,64160,587,8.0,Simplicicar,pau,2
Périers-sur-le-Dan,14112,587,8.2,TransakAuto,Agence CAEN,1
La Chailleuse,39270,587,10.3,AgenceAuto,lons-le-saunier,2
Quevillon,76840,587,12.7,TransakAuto,Agence ELBEUF,2
Schœnau,67390,587,15.1,AgenceAuto,selestat,1
Parc-d'Anxtot,76210,587,15.5,TransakAuto,Agence LE HAVRE,1
Mandray,88650,586,6.2,AgenceAuto,saint-die-des-vosges,1
La Chapelle-au-Moine,61100,586,7.8,TransakAuto,Agence FLERS,1
Appenwihr,68280,586,12.2,Simplicicar,colmar,1
Saint-Vincent-en-Bresse,71440,586,12.6,AgenceAuto,louhans,2
Saint-Martial-de-Nabirat,24250,586,13.0,TransakAuto,Agence SARLAT,1
Charmois-l'Orgueilleux,88270,586,16.4,TransakAuto,Agence EPINAL,2
Le Thil,27150,586,16.8,TransakAuto,Agence GISORS,1
Val de Livre,51150,586,19.0,Simplicicar,reims,1
Fontaine-de-Vaucluse,84800,585,8.3,TransakAuto,Agence L&rsquo;ISLE SUR LA SORGUE,1
Rivolet,69640,585,9.5,TransakAuto,Agence VILLEFRANCHE SUR SAONE,1
Beaurecueil,13100,585,9.7,TransakAuto,Agence AIX EN PROVENCE NORD,4
Mons-Boubert,80210,585,12.1,TransakAuto,Agence ABBEVILLE,1
Kœtzingue,68510,585,12.4,AgenceAuto,mulhouse-sud,4
Lestiac-sur-Garonne,33550,585,13.1,TransakAuto,Agence CADAUJAC,1
Salinelles,30250,585,15.3,TransakAuto,Agence LUNEL,3
Vendhuile,02420,585,18.3,TransakAuto,Agence CAMBRAI,3
Villard-Saint-Sauveur,39200,585,19.0,AgenceAuto,saint-genis-pouilly,2
Hérouville-en-Vexin,95300,584,4.3,TransakAuto,Agence CERGY,5
Flagy,77940,584,8.8,TransakAuto,Agence FONTAINEBLEAU,1
Alvimare,76640,584,11.3,TransakAuto,Agence YVETOT,2
Labastide-Cézéracq,64170,584,12.0,TransakAuto,Agence PAU,2
Serviès,81220,584,13.7,TransakAuto,Agence CASTRES,1
Bouillac,82600,584,14.8,TransakAuto,Agence FRONTON,1
Bosville,76450,584,17.2,TransakAuto,Agence YVETOT,2
Achery,02800,584,18.1,TransakAuto,Agence SAINT-QUENTIN,2
Morsang-sur-Seine,91250,583,6.5,TransakAuto,Agence LIEUSAINT,3
Olmeta-di-Tuda,20232,583,8.8,TransakAuto,Agence BASTIA,1
Bois-d'Ennebourg,76160,583,12.1,TransakAuto,Agence ROUEN,1
Lavannes,51110,583,12.2,TransakAuto,Agence REIMS,2
Villars-en-Pons,17260,583,15.2,TransakAuto,Agence SAINTES,1
Larrivière-Saint-Savin,40270,583,15.7,TransakAuto,Agence MONT DE MARSAN,1
Cour-Maugis sur Huisne,61110,583,17.0,AgenceAuto,nogent-le-rotrou,1
Albefeuille-Lagarde,82290,582,7.8,TransakAuto,Agence MONTAUBAN,1
Heidolsheim,67390,582,8.2,AgenceAuto,selestat,2
Herchies,60112,582,8.7,TransakAuto,Agence BEAUVAIS,2
La Calotterie,62170,582,9.1,TransakAuto,Agence LE TOUQUET,1
Buysscheure,59285,582,9.2,Simplicicar,saint-omer,1
Marsilly,57530,582,10.9,AgenceAuto,metz,1
Bours,62550,582,13.4,TransakAuto,Agence BETHUNE,1
Soye-en-Septaine,18340,582,13.7,TransakAuto,Agence BOURGES,1
Brion,36110,582,15.7,TransakAuto,Agence CHATEAUROUX,2
Piffonds,89330,582,19.7,TransakAuto,Agence SENS,1
Courteuil,60300,581,6.5,AgenceAuto,senlis,4
Caillac,46140,581,6.6,TransakAuto,Agence CAHORS,1
Granges,71390,581,7.8,TransakAuto,Agence CHALON-SUR-SAONE,2
Saint-Pierre-d'Entremont,38380,581,12.2,AgenceAuto,grenoble,2
Wicres,59134,581,12.5,AgenceAuto,lille-seclin,5
Baltzenheim,68320,581,12.7,Simplicicar,colmar,1
Serres-Sainte-Marie,64170,581,15.6,Simplicicar,pau,2
Laveline-devant-Bruyères,88600,581,19.1,AgenceAuto,saint-die-des-vosges,1
Drachenbronn-Birlenbach,67160,581,19.9,TransakAuto,Agence HAGUENAU,1
Noisy-Rudignon,77940,580,7.7,TransakAuto,Agence FONTAINEBLEAU,1
Saint-Laurent-du-Cros,05500,580,8.1,TransakAuto,Agence GAP,1
Chemilly,03210,580,8.2,TransakAuto,Agence MOULINS,1
Barinque,64160,580,10.1,Simplicicar,pau,2
Chevinay,69210,580,10.6,TransakAuto,Agence CALUIRE-ET-CUIRE,3
Bussières,71960,580,10.8,TransakAuto,Agence MACON,1
Gigny-sur-Saône,71240,580,15.1,AgenceAuto,chalon-sur-saone,2
Pecqueuse,91470,580,16.4,TransakAuto,Agence RAMBOUILLET,3
Sainte-Eanne,79800,580,19.2,TransakAuto,"Agence NAMUR, BELGIQUE",1
Courbouzon,39570,579,2.5,AgenceAuto,lons-le-saunier,2
Ramillies,59161,579,3.5,TransakAuto,Agence CAMBRAI,1
Cauroir,59400,579,4.4,TransakAuto,Agence CAMBRAI,1
Hauconcourt,57280,579,8.4,AgenceAuto,metz,2
Saint-Michel-sur-Savasse,26750,579,10.4,TransakAuto,Agence ROMANS SUR ISERE,1
La Neuville-au-Temple,51400,579,10.8,AgenceAuto,chalons-en-champagne,1
Saint-Mesmes,77410,579,11.7,TransakAuto,Agence MEAUX,5
Église-Neuve-de-Vergt,24380,579,12.6,TransakAuto,Agence PERIGUEUX,1
Flachères,38690,579,14.9,TransakAuto,Agence BOURGOIN-JAILLEU,1
Mesnil-Saint-Loup,10190,579,17.1,TransakAuto,Agence TROYES,3
Tilly,27510,578,6.4,Simplicicar,vernon,3
Montaut,31410,578,9.5,TransakAuto,Agence EAUNES,2
Bouniagues,24560,578,10.8,TransakAuto,Agence BERGERAC,1
Tubersent,62630,578,12.8,TransakAuto,Agence LE TOUQUET,1
Mons,63310,578,15.5,Simplicicar,vichy,1
Ouanne,89560,578,16.4,TransakAuto,Agence AUXERRE,1
Bantanges,71500,577,7.7,AgenceAuto,louhans,1
Bolsenheim,67150,577,10.8,Simplicicar,strasbourg,1
Le Miroir,71480,577,12.8,AgenceAuto,louhans,1
Meulers,76510,577,12.9,TransakAuto,Agence DIEPPE,1
Ronssoy,80740,577,17.5,AgenceAuto,saint-quentin,2
Claveisolles,69870,577,18.2,TransakAuto,Agence VILLEFRANCHE SUR SAONE,1
Poncey-lès-Athée,21130,577,18.7,AgenceAuto,dole,1
Sévignacq-Meyracq,64260,577,19.4,TransakAuto,Agence PAU,1
Ormes,51370,576,2.0,Simplicicar,reims,2
Septmonts,02200,576,3.7,Simplicicar,soissons,1
Acheville,62320,576,5.8,TransakAuto,Agence LENS,4
Hébécourt,80680,576,5.9,AgenceAuto,amiens,2
Le Pertuis,43200,576,10.3,Simplicicar,puy-en-velay,1
Flexanville,78910,576,13.0,AgenceAuto,epone,4
Peyrus,26120,576,14.3,TransakAuto,Agence VALENCE,3
Coulmiers,45130,576,16.2,Simplicicar,orleans,1
Fontaine-Fourches,77480,576,18.1,TransakAuto,Agence PROVINS,1
Lanmérin,22300,575,6.7,AgenceAuto,lannion,2
Noyal-sur-Brutz,44110,575,9.3,TransakAuto,Agence CHATEAUBRIANT,1
Puydaniel,31190,575,10.2,TransakAuto,Agence EAUNES,2
Moyenneville,60190,575,13.9,TransakAuto,Agence COMPIEGNE,2
Inchy-en-Artois,62860,575,14.0,TransakAuto,Agence CAMBRAI,1
Vallery,89150,575,18.2,TransakAuto,Agence SENS,1
Curbans,05110,575,18.3,TransakAuto,Agence GAP,1
Fercé-sur-Sarthe,72430,575,18.9,TransakAuto,Agence LE MANS,1
Bucey-lès-Gy,70700,575,19.2,AgenceAuto,besancon-valentin,1
Ebersmunster,67600,574,6.9,AgenceAuto,selestat,1
Verneix,03190,574,7.8,TransakAuto,Agence MONTLUCON,1
Attignat-Oncin,73610,574,12.4,Simplicicar,aix-les-bains,2
Beaudignies,59530,574,15.3,AgenceAuto,valenciennes,2
Artigat,09130,574,18.2,Simplicicar,pamiers,1
Renneville,31290,573,3.6,TransakAuto,Agence VILLEFRANCHE-DE-LAURAGAIS,1
Kappelen,68510,573,7.7,AgenceAuto,saint-louis,4
Liancourt-Saint-Pierre,60240,573,10.5,TransakAuto,Agence GISORS,1
Volckerinckhove,59470,573,11.4,Simplicicar,saint-omer,2
Saasenheim,67390,573,13.1,AgenceAuto,selestat,1
Saint-Laurent-la-Conche,42210,573,14.5,Simplicicar,moto-veauche,2
Thézan-des-Corbières,11200,573,16.9,TransakAuto,Agence NARBONNE,2
Prouzel,80160,572,6.8,AgenceAuto,amiens,2
Léchelle,77171,572,6.8,TransakAuto,Agence PROVINS,1
Bourdeau,73370,572,8.7,TransakAuto,Agence CHAMBERY,2
La Vieux-Rue,76160,572,9.9,TransakAuto,Agence ROUEN,1
Orrouy,60129,572,11.9,Simplicicar,compiegne,2
Montigny-la-Resle,89230,572,14.7,TransakAuto,Agence AUXERRE,1
Sologny,71960,572,16.1,TransakAuto,Agence MACON,1
Montreuil-sur-Loir,49140,572,16.3,TransakAuto,Agence ANGERS,2
Gouy,02420,572,17.0,TransakAuto,Agence SAINT-QUENTIN,2
Puchevillers,80560,572,17.2,TransakAuto,Agence AMIENS,1
Fressies,59268,571,8.4,TransakAuto,Agence CAMBRAI,2
Notre-Dame-de-Boisset,42120,571,10.4,TransakAuto,Agence ROANNE,1
Bloye,74150,571,13.2,AgenceAuto,annecy,3
Moncetz-Longevas,51470,570,4.5,AgenceAuto,chalons-en-champagne,1
Cayrac,82440,570,5.9,AgenceAuto,montauban,2
Neuvireuil,62580,570,9.0,TransakAuto,Agence DOUAI,4
Goupillières,78770,570,9.7,AgenceAuto,epone,4
Giez,74210,570,12.6,TransakAuto,Agence ALBERTVILLE,1
Fessenheim-le-Bas,67117,570,12.9,TransakAuto,Agence STRASBOURG NORD,2
Daglan,24250,570,13.9,TransakAuto,Agence SARLAT,1
La Genête,71290,570,15.8,AgenceAuto,louhans,1
Chaussoy-Epagny,80250,570,17.4,AgenceAuto,amiens,1
Chaintré,71570,569,1.3,TransakAuto,Agence MACON,1
Hure,33190,569,2.7,TransakAuto,Agence LANGON,1
Tournon,73460,569,3.8,TransakAuto,Agence ALBERTVILLE,1
Fontaine-sous-Préaux,76160,569,4.5,TransakAuto,Agence ROUEN,1
Grosmagny,90200,569,12.4,AgenceAuto,belfort,2
Simencourt,62123,569,12.9,TransakAuto,Agence ARRAS,2
Montigny-sur-Vesle,51140,569,14.6,Simplicicar,reims,2
Saint-Thomas-en-Royans,26190,569,15.0,TransakAuto,Agence ROMANS SUR ISERE,1
Verlhac-Tescou,82230,569,15.4,AgenceAuto,montauban,2
Amné,72540,569,17.8,TransakAuto,Agence LE MANS,1
Salles-Adour,65360,568,5.1,TransakAuto,Agence TARBES,1
Montgeard,31560,568,8.0,TransakAuto,Agence VILLEFRANCHE-DE-LAURAGAIS,1
Mesnil-Sellières,10220,568,13.5,Simplicicar,troyes,3
Bourecq,62190,568,13.9,TransakAuto,Agence BETHUNE,1
Échenans-sous-Mont-Vaudois,70400,567,2.8,AgenceAuto,hericourt,4
Aumont-en-Halatte,60300,567,4.0,AgenceAuto,senlis,3
L'Étoile,39570,567,4.8,AgenceAuto,lons-le-saunier,2
Moissey,39290,567,11.7,AgenceAuto,dole,1
Saint-Cyr-le-Gravelais,53320,567,14.3,TransakAuto,Agence LAVAL,1
Helleville,50340,567,15.3,TransakAuto,Agence CHERBOURG-EN-COTENTIN,1
Écalles-Alix,76190,566,1.9,TransakAuto,Agence YVETOT,2
Dommartemont,54130,566,8.6,Simplicicar,nancy,3
Turquant,49730,566,10.2,TransakAuto,Agence SAUMUR,1
Cottenchy,80440,566,11.0,AgenceAuto,amiens,2
Everly,77157,566,11.6,TransakAuto,Agence PROVINS,1
Palluel,62860,566,12.8,TransakAuto,Agence DOUAI,2
Chavigny-Bailleul,27220,566,13.3,TransakAuto,Agence EVREUX,3
Montsoué,40500,566,17.7,TransakAuto,Agence MONT DE MARSAN,1
Hem-Lenglet,59247,565,8.5,TransakAuto,Agence CAMBRAI,2
Le Reposoir,74950,565,8.7,TransakAuto,Agence SALLANCHES,2
Mairy-sur-Marne,51240,565,8.8,AgenceAuto,chalons-en-champagne,1
Saint-Martin-d'Heuille,58130,565,9.8,AgenceAuto,nevers,1
Trépot,25620,565,14.5,TransakAuto,Agence BESANCON,2
Le Mesnil-Simon,28260,565,16.1,TransakAuto,Agence MANTES-LA-JOLIE,2
Ligny-lès-Aire,62960,565,18.7,TransakAuto,Agence BETHUNE,1
La Chapelle-sur-Coise,69590,565,19.6,Simplicicar,moto-veauche,1
Maucor,64160,564,7.5,Simplicicar,pau,2
Condécourt,95450,564,7.8,AgenceAuto,cergy-pontoise,6
Nandax,42720,564,10.7,TransakAuto,Agence ROANNE,1
Sermiers,51500,564,11.2,Simplicicar,reims,2
Colligny-Maizery,57530,564,12.7,AgenceAuto,metz,1
Orsinval,59530,564,13.1,AgenceAuto,valenciennes,2
Nainville-les-Roches,91750,564,13.6,TransakAuto,Agence LIEUSAINT,1
Cauvicourt,14190,564,16.0,TransakAuto,Agence CAEN,1
Coursegoules,06140,564,16.6,TransakAuto,Agence NICE OUEST,5
Mas-Blanc-des-Alpilles,13103,564,17.3,TransakAuto,Agence ARLES,2
Le Bourdet,79210,564,19.7,TransakAuto,Agence NIORT,1
Roquelaure,32810,563,7.5,TransakAuto,Agence AUCH,1
Saint-Jean-de-Thurac,47270,563,8.5,TransakAuto,Agence AGEN,1
Montécheroux,25190,563,11.3,TransakAuto,Agence MONTBELIARD,2
Ponthoile,80860,563,13.6,TransakAuto,Agence ABBEVILLE,1
Cobrieux,59830,563,13.6,TransakAuto,Agence SECLIN,4
Thouron,87140,563,14.0,TransakAuto,Agence LIMOGES,2
Châtel-de-Neuvre,03500,563,14.6,TransakAuto,Agence MOULINS,1
Aspères,30250,563,15.1,TransakAuto,Agence LUNEL,2
Courson-Monteloup,91680,563,15.3,AgenceAuto,palaiseau,2
Lanzac,46200,563,18.3,TransakAuto,Agence SARLAT,1
Colombier-le-Jeune,07270,563,19.4,Simplicicar,valence,1
Vorges-les-Pins,25320,562,5.9,Simplicicar,caen,4
Lantenne-Vertière,25170,562,6.3,Simplicicar,besancon,4
Burgille,25170,562,8.8,Simplicicar,besancon,4
Couvains,50680,562,8.9,TransakAuto,Agence SAINT-LO,1
Buding,57920,562,13.1,TransakAuto,"Agence BRUXELLES, BELGIQUE",2
Auchy-la-Montagne,60360,562,14.8,TransakAuto,Agence BEAUVAIS,2
Hombourg-Budange,57920,562,17.3,TransakAuto,"Agence BRUXELLES, BELGIQUE",2
Gonneville-sur-Scie,76590,562,17.7,TransakAuto,Agence DIEPPE,2
Lucbardez-et-Bargues,40090,561,10.8,TransakAuto,Agence MONT DE MARSAN,1
La Chaussée,76590,561,11.1,TransakAuto,Agence DIEPPE,1
Lessard-en-Bresse,71440,561,13.0,AgenceAuto,chalon-sur-saone,2
Ervauville,45320,561,18.8,TransakAuto,Agence MONTARGIS,1
Mittelschaeffolsheim,67170,560,7.2,TransakAuto,Agence STRASBOURG NORD,3
Petiville,14390,560,9.8,TransakAuto,Agence CAEN,1
Fontiès-d'Aude,11800,560,11.9,Simplicicar,carcassonne,2
Embreville,80570,560,12.8,TransakAuto,"Agence MONS, BELGIQUE",1
Murato,20239,560,13.6,TransakAuto,Agence BASTIA,1
Bellicourt,02420,560,13.7,AgenceAuto,saint-quentin,2
Isserpent,03120,560,15.0,Simplicicar,vichy,1
Chenereilles,42560,560,16.2,Simplicicar,veauche,2
Mouret,12330,560,17.4,AgenceAuto,rodez,3
Planaise,73800,560,19.0,Simplicicar,aix-les-bains,2
Noé,89320,559,9.8,TransakAuto,Agence SENS,1
Lasgraisses,81300,559,12.6,TransakAuto,Agence ALBI,1
Le Plantay,01330,559,15.9,Simplicicar,meximieux,1
Esteville,76690,559,16.7,TransakAuto,Agence ROUEN,1
Gurcy-le-Châtel,77520,559,17.8,TransakAuto,Agence PROVINS,1
Saint-Cirq,82300,558,8.7,AgenceAuto,montauban,1
Saint-Christophe-sur-Roc,79220,558,8.8,TransakAuto,"Agence NAMUR, BELGIQUE",2
Saint-Martin-de-Sescas,33490,558,11.5,TransakAuto,Agence LANGON,1
Montrond-le-Château,25660,558,11.6,TransakAuto,Agence BESANCON,4
Liesle,25440,558,13.7,Simplicicar,besancon,2
Franvillers,80800,558,19.3,TransakAuto,Agence AMIENS,1
Moringhem,62910,557,10.6,Simplicicar,saint-omer,1
La Vacherie,27400,557,11.2,Simplicicar,evreux,2
Zuytpeene,59670,557,12.7,Simplicicar,saint-omer,1
La Gravelle,53410,557,15.8,TransakAuto,Agence LAVAL,1
Bouyon,06510,557,16.5,TransakAuto,Agence NICE OUEST,4
Beuvillers,54560,557,17.5,TransakAuto,Agence THIONVILLE,1
Vitot,27110,557,19.3,TransakAuto,Agence ELBEUF,1
Arnaville,54530,556,10.9,TransakAuto,Agence METZ,2
Bussus-lès-Yaucourt,80135,556,11.7,TransakAuto,Agence ABBEVILLE,1
Montignargues,30190,556,17.1,Simplicicar,nimes,2
Essay,61500,556,17.3,TransakAuto,Agence ALENCON,1
Bourbach-le-Bas,68290,556,18.3,AgenceAuto,mulhouse-sud,1
Saint-André-de-l'Épine,50680,555,6.2,TransakAuto,Agence SAINT-LO,1
Aurons,13121,555,6.5,Simplicicar,salon,1
Hunawihr,68150,555,8.9,Simplicicar,colmar,2
Teillet-Argenty,03410,555,12.6,TransakAuto,Agence MONTLUCON,1
Échouboulains,77830,555,12.8,TransakAuto,Agence FONTAINEBLEAU,1
Magneux-Haute-Rive,42600,555,14.1,Simplicicar,moto-veauche,2
Le Lorey,50570,555,15.6,TransakAuto,Agence SAINT-LO,1
Chaumont,74270,555,15.9,TransakAuto,Agence ANNECY,1
Avenay,14210,555,17.0,TransakAuto,Agence CAEN,1
Rongères,03150,555,17.6,Simplicicar,vichy,1
Grand-Brassac,24350,555,17.9,TransakAuto,Agence PERIGUEUX,1
Mars,42750,555,18.8,TransakAuto,Agence ROANNE,1
Hérisson,03190,555,20.0,TransakAuto,Agence MONTLUCON,1
Jouy-Mauvoisin,78200,554,3.5,TransakAuto,Agence MANTES-LA-JOLIE,4
Nances,73470,554,7.1,Simplicicar,aix-les-bains,2
Auteuil,60390,554,8.2,Simplicicar,beauvais,2
Drocourt,78440,554,9.1,TransakAuto,Agence MANTES-LA-JOLIE,5
Le Coudray-sur-Thelle,60430,554,12.0,Simplicicar,beauvais,2
Fresne-le-Plan,76520,554,15.1,TransakAuto,Agence ROUEN,1
Brancourt-le-Grand,02110,554,17.0,TransakAuto,Agence SAINT-QUENTIN,2
Melsheim,67270,554,18.3,TransakAuto,Agence HAGUENAU,2
Les Coteaux Périgourdins,24120,554,18.6,TransakAuto,Agence BRIVE-LA-GAILLARDE,2
Lamontjoie,47310,553,10.6,TransakAuto,Agence AGEN,1
Chesny,57245,553,10.6,AgenceAuto,metz,2
Taïx,81130,553,12.8,TransakAuto,Agence ALBI,1
Vaugines,84160,553,12.9,TransakAuto,Agence PERTUIS,1
Ouillon,64160,553,13.1,Simplicicar,pau,2
Saint-Théodorit,30260,553,15.1,TransakAuto,Agence ALES,1
Berles-au-Bois,62123,553,16.1,TransakAuto,Agence ARRAS,2
Montbozon,70230,553,18.9,AgenceAuto,vesoul,1
Costaros,43490,553,19.7,Simplicicar,puy-en-velay,1
Noaillac,33190,552,2.4,TransakAuto,Agence LANGON,1
Saint-Gibrien,51510,552,8.3,AgenceAuto,chalons-en-champagne,1
Marclopt,42210,552,11.7,Simplicicar,moto-veauche,2
Montigny-en-Cambrésis,59225,552,15.7,TransakAuto,Agence CAMBRAI,1
Saint-Abraham,56140,552,17.7,TransakAuto,Agence PLOERMEL,1
Thennes,80110,552,19.0,AgenceAuto,amiens,1
Beyren-lès-Sierck,57570,551,5.5,TransakAuto,"Agence BRUXELLES, BELGIQUE",2
Sarrouilles,65600,551,6.7,TransakAuto,Agence TARBES,1
Monchy-sur-Eu,76260,551,9.1,TransakAuto,"Agence MONS, BELGIQUE",1
Lagrâce-Dieu,31190,551,9.4,TransakAuto,Agence EAUNES,2
Fresnoy-le-Luat,60800,551,13.1,TransakAuto,Agence DAMMARTIN EN GOELE,2
Les Bordes,89500,551,13.1,TransakAuto,Agence SENS,1
Saint-Thibault,10800,551,14.5,AgenceAuto,troyes,2
Saint-Rieul,22270,551,14.6,TransakAuto,Agence LAMBALLE,1
Mairy-Mainville,54150,551,15.2,TransakAuto,Agence SAINT-DIZIER,1
Laubressel,10270,551,15.8,Simplicicar,troyes,3
Boissy-la-Rivière,91690,550,8.4,TransakAuto,Agence ETAMPES,1
Andelu,78770,550,8.6,AgenceAuto,epone,4
Tostat,65140,550,13.9,TransakAuto,Agence TARBES,1
Vovray-en-Bornes,74350,550,15.2,TransakAuto,Agence ANNECY,6
Saint-Masmes,51490,550,17.0,TransakAuto,Agence REIMS,1
Perreuil,71510,550,18.4,TransakAuto,Agence CHALON-SUR-SAONE,1
Noisy-sur-Oise,95270,549,8.2,AgenceAuto,la-croix-verte,5
Tully,80130,549,9.7,TransakAuto,"Agence MONS, BELGIQUE",1
Aubencheul-au-Bac,59265,549,9.9,TransakAuto,Agence CAMBRAI,2
Prouilly,51140,549,10.9,Simplicicar,reims,2
Chapelle-d'Huin,25270,549,12.3,Simplicicar,pontarlier,2
Jâlons,51150,549,17.8,AgenceAuto,chalons-en-champagne,1
La Côte,70200,549,18.9,AgenceAuto,hericourt,1
Contz-les-Bains,57480,548,1.8,TransakAuto,"Agence BRUXELLES, BELGIQUE",2
Caours,80132,548,3.3,TransakAuto,Agence ABBEVILLE,1
Armancourt,60880,548,3.3,Simplicicar,compiegne,3
Poilhes,34310,548,6.2,TransakAuto,Agence BEZIERS,3
Sainte-Agnès,38190,548,8.5,TransakAuto,Agence GRENOBLE EST,2
Tarsacq,64360,548,10.3,TransakAuto,Agence PAU,2
Saint-Hilaire-sous-Charlieu,42190,548,12.5,TransakAuto,Agence ROANNE,1
Auchy-au-Bois,62190,548,16.1,TransakAuto,Agence BETHUNE,1
Nohant-en-Goût,18390,548,16.7,TransakAuto,Agence BOURGES,1
Combleux,45800,547,5.1,TransakAuto,Agence ORLEANS,3
Buléon,56420,547,8.4,TransakAuto,Agence PLOERMEL,1
Jutigny,77650,547,9.3,TransakAuto,Agence PROVINS,1
Nompatelize,88470,547,11.4,AgenceAuto,saint-die-des-vosges,1
Labastide-Gabausse,81400,547,15.5,TransakAuto,Agence ALBI,1
Saint-Jean-aux-Amognes,58270,547,15.9,AgenceAuto,nevers,1
La Chapelle-devant-Bruyères,88600,547,16.7,AgenceAuto,saint-die-des-vosges,1
Fontanes,46230,547,17.6,TransakAuto,Agence CAHORS,1
Os-Marsillon,64150,547,17.7,TransakAuto,Agence PAU,2
Combres,28480,547,18.2,AgenceAuto,nogent-le-rotrou,1
Calviac-en-Périgord,24370,546,6.9,TransakAuto,Agence SARLAT,1
Blennes,77940,546,19.1,TransakAuto,Agence FONTAINEBLEAU,1
Damerey,71620,545,7.8,AgenceAuto,chalon-sur-saone,2
Gisy-les-Nobles,89140,545,9.4,TransakAuto,Agence SENS,1
Saint-Malo-des-Trois-Fontaines,56490,545,9.9,TransakAuto,Agence PLOERMEL,1
Châteauvieux,05000,545,10.0,TransakAuto,Agence GAP,1
Saint-Étienne-des-Sorts,30200,545,11.6,TransakAuto,Agence ORANGE,1
La Houssaye-Béranger,76690,545,15.2,AgenceAuto,yerville,2
Hargicourt,02420,545,15.5,AgenceAuto,saint-quentin,2
Monchy-au-Bois,62111,545,16.2,TransakAuto,Agence ARRAS,2
Barneville-sur-Seine,27310,545,16.3,TransakAuto,Agence ELBEUF,1
Pelleport,31480,545,18.2,TransakAuto,Agence FRONTON,2
Saint-Christophe,73360,545,18.3,Simplicicar,aix-les-bains,2
Les Ulmes,49700,544,5.0,TransakAuto,Agence SAUMUR,1
Morcourt,02100,544,5.1,TransakAuto,Agence SAINT-QUENTIN,2
La Corne-en-Vexin,60240,544,10.7,TransakAuto,Agence GISORS,2
Sainte-Croix,01120,544,11.8,Simplicicar,meximieux,6
Nance,39140,544,12.2,AgenceAuto,lons-le-saunier,2
Manerbe,14340,544,12.5,TransakAuto,Agence DEAUVILLE,1
Crestot,27110,544,12.8,TransakAuto,Agence ELBEUF,1
Les Bordes-Aumont,10800,544,13.7,AgenceAuto,troyes,2
Saint-Philibert,21220,544,13.8,TransakAuto,Agence DIJON,3
Avressieux,73240,544,15.2,Simplicicar,aix-les-bains,2
Gerbépal,88430,544,15.9,AgenceAuto,saint-die-des-vosges,1
Villeneuve-Lécussan,31580,544,16.7,Simplicicar,https://www.simplicicar.com/content/170-oncession-st-gaudens,1
Manspach,68210,544,17.5,AgenceAuto,belfort,1
Critot,76680,544,18.1,TransakAuto,Agence ROUEN,1
Allemagne-en-Provence,04500,544,19.6,TransakAuto,Agence MANOSQUE,1
Argœuves,80470,543,1.4,TransakAuto,Agence AMIENS,2
Thun-Saint-Martin,59141,543,6.7,TransakAuto,Agence CAMBRAI,2
Saint-Paul-sur-Isère,73730,543,8.7,TransakAuto,Agence ALBERTVILLE,1
Francières,60190,543,9.0,TransakAuto,Agence COMPIEGNE,2
Levergies,02420,543,10.3,TransakAuto,Agence SAINT-QUENTIN,2
Étaves-et-Bocquiaux,02110,543,15.1,TransakAuto,Agence SAINT-QUENTIN,2
Lizac,82200,543,17.5,TransakAuto,Agence MONTAUBAN,1
Eydoche,38690,543,18.0,TransakAuto,Agence BOURGOIN-JAILLEU,1
Montpinchon,50210,543,18.9,TransakAuto,Agence SAINT-LO,1
Coulommes,77580,542,7.8,TransakAuto,Agence MEAUX,2
Saint-Jean-de-Serres,30350,542,9.9,TransakAuto,Agence ALES,1
Les Hauts-Talican,60390,542,10.5,Simplicicar,beauvais,3
Chamaret,26230,542,10.8,TransakAuto,Agence BOLLENE,2
Nogent-l'Abbesse,51420,542,11.6,TransakAuto,Agence REIMS,2
Quiberville-sur-Mer,76860,542,12.5,TransakAuto,Agence DIEPPE,1
Endoufielle,32600,542,12.6,AgenceAuto,toulouse-fontenilles,1
Argilly,21700,542,12.6,Simplicicar,beaune,1
La Chapelle-Aubareil,24290,542,15.8,TransakAuto,Agence SARLAT,1
La Bauche,73360,542,15.9,Simplicicar,aix-les-bains,2
Jazennes,17260,542,17.8,TransakAuto,Agence SAINTES,1
Chalautre-la-Petite,77160,541,3.7,TransakAuto,Agence PROVINS,1
Saint-Laurent,22140,541,6.1,TransakAuto,Agence BEGARD,2
Jouy-sur-Eure,27120,541,8.1,Simplicicar,evreux,3
Rouilly-Saint-Loup,10800,541,10.7,AgenceAuto,troyes,3
Sainte-Christie,32390,541,11.4,TransakAuto,Agence AUCH,1
Thenelles,02390,541,12.0,TransakAuto,Agence SAINT-QUENTIN,2
Le Ménil-de-Briouze,61220,541,17.5,TransakAuto,Agence FLERS,1
Trosly-Loire,02300,541,18.6,Simplicicar,soissons,1
Pusy-et-Épenoux,70000,540,5.4,AgenceAuto,vesoul,1
Pomacle,51110,540,10.6,TransakAuto,Agence REIMS,2
Rans,39700,540,10.9,Simplicicar,besancon,3
Saint-Martin-de-Laye,33910,540,13.7,TransakAuto,Agence LIBOURNE,1
Oxelaëre,59670,540,15.2,Simplicicar,saint-omer,1
Choisel,78460,540,15.9,TransakAuto,Agence RAMBOUILLET,4
La Romieu,32480,540,18.3,TransakAuto,Agence AGEN,1
Aigaliers,30700,540,19.6,TransakAuto,Agence ALES,1
Vellefaux,70000,539,8.0,AgenceAuto,vesoul,1
Vaux d'Amognes,58130,539,15.2,AgenceAuto,nevers,1
Lachapelle-sous-Rougemont,90360,539,16.4,AgenceAuto,belfort,1
Hohengœft,67310,539,18.7,TransakAuto,Agence STRASBOURG NORD,2
Gesvres,53370,539,18.9,TransakAuto,Agence ALENCON,1
La Motte-en-Bauges,73340,539,19.3,TransakAuto,Agence ALBERTVILLE,1
Montreuil,28500,538,3.4,TransakAuto,Agence DREUX,1
Vinzieux,07340,538,8.1,TransakAuto,Agence DAVEZIEUX,1
Bibost,69690,538,13.2,TransakAuto,Agence CALUIRE-ET-CUIRE,2
Rustiques,11800,538,13.5,Simplicicar,carcassonne,2
Saint-Bérain-sur-Dheune,71510,538,14.8,TransakAuto,Agence CHALON-SUR-SAONE,1
Valhuon,62550,538,15.3,TransakAuto,Agence BETHUNE,1
Saint-Gervais,38470,538,15.8,TransakAuto,Agence GRENOBLE OUEST,1
Seytroux,74430,538,16.1,TransakAuto,Agence THONON-LES-BAINS,2
Sainte-Eulalie-en-Royans,26190,538,19.2,TransakAuto,Agence ROMANS SUR ISERE,1
Émanville,27190,538,19.6,TransakAuto,Agence EVREUX,1
Sébrazac,12190,538,19.7,AgenceAuto,rodez,2
Delincourt,60240,537,6.1,TransakAuto,Agence GISORS,1
Oroër,60510,537,8.3,TransakAuto,Agence BEAUVAIS,2
Niedermorschwihr,68230,537,9.6,Simplicicar,colmar,1
Kienheim,67270,537,10.7,TransakAuto,Agence STRASBOURG NORD,3
Carnas,30260,537,18.1,AgenceAuto,montpellier-est,2
Saint-Éloi-de-Fourques,27800,537,19.2,TransakAuto,Agence ELBEUF,1
Ouvrouer-les-Champs,45150,536,5.8,TransakAuto,Agence VIERZON,1
Saint-Capraise-de-Lalinde,24150,536,8.3,TransakAuto,Agence BERGERAC,1
Saint-Crépin-et-Carlucet,24590,536,10.2,TransakAuto,Agence SARLAT,1
Tilloy-lez-Marchiennes,59870,536,11.8,TransakAuto,Agence VALENCIENNES,2
Dourlers,59440,536,12.0,TransakAuto,Agence MAUBEUGE,1
Avroult,62560,536,14.4,Simplicicar,saint-omer,1
Coudres,27220,536,15.2,TransakAuto,Agence DREUX,3
Chaux-la-Lotière,70190,536,15.4,TransakAuto,Agence BESANCON,2
Vingrau,66600,536,16.6,TransakAuto,Agence PERPIGNAN NORD SAINT ESTEVE,1
Saint-Jean-de-Vaulx,38220,536,18.4,TransakAuto,Agence GRENOBLE OUEST,1
Serazereux,28170,536,18.8,TransakAuto,Agence CHARTRES,2
Monétay-sur-Allier,03500,536,18.9,TransakAuto,Agence MOULINS,1
Mézens,81800,536,19.7,AgenceAuto,toulouse-nord,1
Bilwisheim,67170,535,7.7,TransakAuto,Agence STRASBOURG NORD,3
Manzac-sur-Vern,24110,535,13.7,TransakAuto,Agence PERIGUEUX,1
Vertain,59730,535,15.6,AgenceAuto,valenciennes,2
Salt-en-Donzy,42110,535,19.0,Simplicicar,moto-veauche,1
Berche,25420,534,3.6,TransakAuto,Agence MONTBELIARD,4
Sainte-Valière,11120,534,16.2,Simplicicar,narbonne,2
Courchamps,49260,533,4.9,TransakAuto,Agence SAUMUR,1
Vézac,24220,533,5.5,TransakAuto,Agence SARLAT,1
Couffoulens,11250,533,6.6,Simplicicar,carcassonne,2
Queyssac,24140,533,6.9,TransakAuto,Agence BERGERAC,1
Chénas,69840,533,7.5,TransakAuto,Agence MACON,1
Marnay,71240,533,9.9,AgenceAuto,chalon-sur-saone,2
Le Breuil,69620,533,12.0,TransakAuto,Agence CALUIRE-ET-CUIRE,3
Le Louroux,37240,533,13.4,Simplicicar,tours,1
Béhoust,78910,533,15.9,AgenceAuto,epone,3
Bouy,51400,533,16.0,AgenceAuto,chalons-en-champagne,1
Kirrwiller,67330,533,16.1,TransakAuto,Agence HAGUENAU,1
Gressey,78550,533,19.3,TransakAuto,Agence MANTES-LA-JOLIE,1
Trévillers,25470,533,19.6,TransakAuto,Agence MONTBELIARD,1
Mauves-sur-Huisne,61400,533,19.9,AgenceAuto,nogent-le-rotrou,1
Haute-Kontz,57480,532,3.4,TransakAuto,"Agence BRUXELLES, BELGIQUE",2
Failly,57640,532,8.2,AgenceAuto,metz,1
Saint-Maurice-en-Rivière,71620,532,10.2,AgenceAuto,chalon-sur-saone,2
Jumel,80250,532,13.2,AgenceAuto,amiens,1
Aingeray,54460,532,15.8,Simplicicar,nancy,3
Wintzenheim-Kochersberg,67370,532,15.8,TransakAuto,Agence STRASBOURG NORD,2
Amfreville-sous-les-Monts,27380,532,16.1,TransakAuto,Agence ELBEUF,1
Coadout,22970,532,17.9,TransakAuto,Agence BEGARD,1
Aigues-Vives,11800,532,18.3,Simplicicar,carcassonne,2
Montmaur,05400,532,19.1,TransakAuto,Agence GAP,1
Clermont-le-Fort,31810,531,5.5,Simplicicar,toulouse-sud,3
Jouhe,39100,531,6.0,AgenceAuto,dole,1
Goos,40180,531,9.6,TransakAuto,Agence DAX,2
Rutali,20239,531,10.3,TransakAuto,Agence BASTIA,1
Le Fay-Saint-Quentin,60510,531,10.6,Simplicicar,beauvais,2
Cerville,54420,531,10.9,AgenceAuto,nancy,3
Gougenheim,67270,531,12.2,TransakAuto,Agence STRASBOURG NORD,3
Margny-sur-Matz,60490,531,13.9,TransakAuto,Agence COMPIEGNE,2
Vecquemont,80800,531,14.5,AgenceAuto,amiens,2
Saint-Jean-de-Cuculles,34270,531,14.5,AgenceAuto,montpellier-est,3
Sauzet,46140,531,15.1,TransakAuto,Agence CAHORS,1
Flers-sur-Noye,80160,531,15.5,AgenceAuto,amiens,1
Saint-Loup,82340,531,16.1,TransakAuto,Agence AGEN,1
Comps,33710,531,18.6,TransakAuto,Agence BORDEAUX RIVE DROITE,2
Chânes,71570,530,2.5,TransakAuto,Agence MACON,1
Montjavoult,60240,530,7.9,TransakAuto,Agence GISORS,2
Saint-Martin-de-Bonfossé,50750,530,8.9,TransakAuto,Agence SAINT-LO,1
Revelles,80540,530,9.3,AgenceAuto,amiens,2
Lagarde,65320,530,10.3,TransakAuto,Agence TARBES,1
Le Bessat,42660,530,13.2,TransakAuto,Agence SAINT ETIENNE,2
Montaud,38210,530,13.5,TransakAuto,Agence GRENOBLE OUEST,1
Miradoux,32340,530,14.5,TransakAuto,Agence AGEN,1
Tilly,78790,530,15.3,TransakAuto,Agence MANTES-LA-JOLIE,2
Bouville,28800,530,19.0,TransakAuto,Agence CHARTRES,1
Villers-Faucon,80240,530,19.5,AgenceAuto,saint-quentin,1
Chaucenne,25170,529,5.8,AgenceAuto,besancon-valentin,4
Pouillon,51220,529,6.0,TransakAuto,Agence REIMS,2
Le Torquesne,14130,529,7.7,TransakAuto,Agence DEAUVILLE,1
Auterive,32550,529,9.1,TransakAuto,Agence AUCH,1
Boisjean,62170,529,9.3,TransakAuto,Agence LE TOUQUET,1
Quelmes,62500,529,9.9,Simplicicar,saint-omer,1
Bévillers,59217,529,11.0,TransakAuto,Agence CAMBRAI,1
Albas,46140,529,14.7,TransakAuto,Agence CAHORS,1
Arras-sur-Rhône,07370,529,15.4,TransakAuto,Agence DAVEZIEUX,1
L'Isle-de-Noé,32300,529,15.6,TransakAuto,Agence AUCH,1
Chavaroux,63720,529,15.8,TransakAuto,Agence CLERMONT FERRAND SUD,1
Hermaville,62690,529,15.9,Simplicicar,arras,3
Plufur,22310,529,16.5,AgenceAuto,lannion,2
Meilhac,87800,529,17.0,AgenceAuto,limoges,1
Pierrerue,04300,529,17.4,TransakAuto,Agence MANOSQUE,1
Raffetot,76210,529,19.1,TransakAuto,Agence YVETOT,1
Frocourt,60000,528,4.8,Simplicicar,beauvais,2
Bénac,65380,528,7.1,TransakAuto,Agence TARBES,1
Laines-aux-Bois,10120,528,7.6,AgenceAuto,troyes,3
Barbery,60810,528,8.0,AgenceAuto,senlis,4
Montmelas-Saint-Sorlin,69640,528,8.1,TransakAuto,Agence VILLEFRANCHE SUR SAONE,1
Hénin-sur-Cojeul,62128,528,8.5,TransakAuto,Agence ARRAS,2
Bricy,45310,528,14.6,TransakAuto,Agence ORLEANS,2
La Chapelle-Villars,42410,528,14.8,Simplicicar,vienne,2
Germaine,51160,528,15.4,Simplicicar,reims,2
Berville-sur-Seine,76480,528,15.4,TransakAuto,Agence ROUEN,2
Villeneuve-sur-Vère,81130,528,15.5,TransakAuto,Agence ALBI,1
Moivrons,54760,528,15.7,TransakAuto,Agence METZ,1
Fontaine-Henry,14610,528,16.6,TransakAuto,Agence CAEN,1
Senantes,28210,528,17.6,TransakAuto,Agence RAMBOUILLET,1
Beaumetz-lès-Cambrai,62124,528,18.9,TransakAuto,Agence CAMBRAI,1
Loupiac-de-la-Réole,33190,527,1.1,TransakAuto,Agence LANGON,1
Combertault,21200,527,3.9,Simplicicar,beaune,1
Hautvillers-Ouville,80132,527,4.5,TransakAuto,Agence ABBEVILLE,1
Dangu,27720,527,7.6,TransakAuto,Agence GISORS,2
Morizès,33190,527,10.0,TransakAuto,Agence LANGON,1
Dions,30190,527,13.0,Simplicicar,nimes,3
Pressigny-les-Pins,45290,527,13.7,TransakAuto,Agence MONTARGIS,1
Hecken,68210,527,13.9,AgenceAuto,mulhouse-sud,1
Chagnon,42800,527,14.1,TransakAuto,Agence SAINT ETIENNE,1
Heudicourt,80122,527,19.3,TransakAuto,Agence CAMBRAI,1
Plou,18290,527,19.7,TransakAuto,Agence BOURGES,1
Chivres-Val,02880,526,7.0,Simplicicar,soissons,1
Frémécourt,95830,526,8.2,AgenceAuto,cergy-pontoise,3
Fontaine-la-Gaillarde,89100,526,8.5,TransakAuto,Agence SENS,1
Cabara,33420,526,10.1,TransakAuto,Agence LIBOURNE,1
Abos,64360,526,11.4,TransakAuto,Agence PAU,2
Le Boullay-Mivoye,28210,526,11.8,TransakAuto,Agence DREUX,1
Estadens,31160,526,14.3,Simplicicar,https://www.simplicicar.com/content/170-oncession-st-gaudens,1
Bransles,77620,526,16.8,TransakAuto,Agence MONTARGIS,1
Saint-Trimoël,22510,526,17.2,TransakAuto,Agence LAMBALLE,3
Essert-Romand,74110,526,17.2,TransakAuto,Agence SALLANCHES,1
Bazoncourt,57530,526,17.7,AgenceAuto,metz,1
Paziols,11350,526,19.3,TransakAuto,Agence PERPIGNAN NORD SAINT ESTEVE,1
Neuwiller,68220,525,4.5,TransakAuto,Agence SAINT-LOUIS,2
Saint-Éloi,01800,525,5.1,Simplicicar,meximieux,3
La Chapelle-Biche,61100,525,7.6,TransakAuto,Agence FLERS,1
Limont-Fontaine,59330,525,7.8,TransakAuto,Agence MAUBEUGE,1
Tribehou,50620,525,17.1,TransakAuto,Agence SAINT-LO,1
Villette,78930,524,8.5,TransakAuto,Agence MANTES-LA-JOLIE,3
Basse-Rentgen,57570,524,10.2,TransakAuto,Agence THIONVILLE,2
Saint-Aubin-de-Crétot,76190,524,12.3,TransakAuto,Agence YVETOT,1
Colonzelle,26230,524,12.7,TransakAuto,Agence BOLLENE,2
Pierreval,76750,524,12.7,TransakAuto,Agence ROUEN,1
Dargoire,42800,524,15.0,Simplicicar,lyon-ouest,3
Pisieu,38270,524,18.4,TransakAuto,Agence VIENNE,1
Le Breuil,03120,524,18.6,Simplicicar,vichy,1
Pujols,33350,524,19.1,TransakAuto,Agence LIBOURNE,1
Saint-Fiacre,77470,523,7.3,TransakAuto,Agence MEAUX,2
Saint-Étienne-de-Vicq,03300,523,9.0,Simplicicar,vichy,1
Voisines,89260,523,10.9,TransakAuto,Agence SENS,1
Saint-Ambreuil,71240,523,13.0,TransakAuto,Agence CHALON-SUR-SAONE,2
Crépol,26350,523,13.9,TransakAuto,Agence ROMANS SUR ISERE,1
Cherier,42430,523,16.1,TransakAuto,Agence ROANNE,1
Ponsas,26240,523,16.2,TransakAuto,Agence DAVEZIEUX,1
Saint-Denis,11310,523,17.9,TransakAuto,Agence CARCASSONNE,2
Fleury-la-Rivière,51480,523,18.1,Simplicicar,reims,1
Épégard,27110,523,18.8,TransakAuto,Agence ELBEUF,1
Boussières-sur-Sambre,59330,522,6.8,TransakAuto,Agence MAUBEUGE,1
Harcanville,76560,522,9.4,AgenceAuto,yerville,2
Genainville,95420,522,9.9,AgenceAuto,vernon,4
Proveysieux,38120,522,11.1,TransakAuto,Agence GRENOBLE OUEST,3
Jettingen,68130,522,11.1,AgenceAuto,saint-louis,3
Gueures,76730,522,13.0,TransakAuto,Agence DIEPPE,1
Waldweistroff,57320,522,13.6,TransakAuto,"Agence BRUXELLES, BELGIQUE",1
Trumilly,60800,522,15.1,AgenceAuto,senlis,4
Courmangoux,01370,522,17.0,TransakAuto,Agence BOURG-EN-BRESSE,2
Évergnicourt,02190,522,18.5,TransakAuto,Agence REIMS,1
Crespian,30260,522,20.0,Simplicicar,nimes,1
Salperwick,62500,521,4.8,Simplicicar,saint-omer,1
Campigneulles-les-Petites,62170,521,6.7,TransakAuto,Agence LE TOUQUET,1
Épinay-sur-Duclair,76480,521,11.2,TransakAuto,Agence YVETOT,2
Annebault,14430,521,11.5,TransakAuto,Agence DEAUVILLE,1
Chigny-les-Roses,51500,521,12.5,Simplicicar,reims,2
Laboutarie,81120,521,12.6,TransakAuto,Agence ALBI,1
Cours,79220,521,13.2,TransakAuto,"Agence NAMUR, BELGIQUE",2
Le Hohwald,67140,521,18.3,AgenceAuto,selestat,1
Monthion,73200,520,4.2,TransakAuto,Agence ALBERTVILLE,1
Mercey-le-Grand,25410,520,6.4,Simplicicar,besancon,3
Oudalle,76430,520,6.8,TransakAuto,Agence LE HAVRE,1
Aubermesnil-Beaumais,76550,520,7.9,TransakAuto,Agence DIEPPE,1
Moras,38460,520,9.7,TransakAuto,Agence BOURGOIN-JAILLEU,3
Ambrumesnil,76550,520,10.0,TransakAuto,Agence DIEPPE,1
Saint-Léger,62128,520,12.2,TransakAuto,Agence ARRAS,2
Souvans,39380,520,12.7,AgenceAuto,dole,1
Vesancy,01170,520,14.8,AgenceAuto,saint-genis-pouilly,2
Goès,64400,520,16.7,TransakAuto,Agence PAU,1
Roubia,11200,520,17.3,Simplicicar,narbonne,2
Sémeries,59440,520,19.7,TransakAuto,Agence MAUBEUGE,1
Avaux,08190,520,19.7,TransakAuto,Agence REIMS,1
Leynes,71570,519,4.8,TransakAuto,Agence MACON,1
Villers-le-Sec,70000,519,6.5,AgenceAuto,vesoul,1
Pisseleu,60860,519,11.1,TransakAuto,Agence BEAUVAIS,2
Le Vibal,12290,519,11.3,TransakAuto,Agence RODEZ,3
Rouffiac,17800,519,14.8,TransakAuto,Agence SAINTES,1
Sauvagnas,47340,519,16.8,TransakAuto,Agence AGEN,1
Notre-Dame-de-Commiers,38450,519,19.2,TransakAuto,Agence GRENOBLE OUEST,1
Fournival,60130,519,19.8,Simplicicar,beauvais,1
Saxel,74420,518,6.6,TransakAuto,Agence THONON-LES-BAINS,4
La Loye,39380,518,7.1,AgenceAuto,dole,1
Giraumont,60150,518,8.2,TransakAuto,Agence COMPIEGNE,2
Fonsomme,02110,518,9.8,TransakAuto,Agence SAINT-QUENTIN,2
Saint-André-de-Messei,61440,518,9.9,TransakAuto,Agence FLERS,1
Torcy-le-Petit,76590,518,13.0,TransakAuto,Agence DIEPPE,1
Venise,25870,518,13.4,TransakAuto,Agence BESANCON,2
Arcenant,21700,518,13.4,Simplicicar,beaune,1
Oriol-en-Royans,26190,518,13.9,TransakAuto,Agence ROMANS SUR ISERE,1
Chantecoq,45320,518,15.3,TransakAuto,Agence MONTARGIS,1
Saint-Remy,88480,518,15.3,AgenceAuto,saint-die-des-vosges,1
Ochey,54170,518,16.9,TransakAuto,Agence NANCY,3
Odratzheim,67520,518,17.6,AgenceAuto,strasbourg-nord,2
La Rochénard,79270,518,18.2,TransakAuto,Agence NIORT,1
Tréflaouénan,29440,518,19.2,TransakAuto,Agence MORLAIX,1
Lamillarié,81120,517,4.8,TransakAuto,Agence ALBI,1
Clansayes,26130,517,5.4,TransakAuto,Agence BOLLENE,2
Arry,57680,517,7.4,TransakAuto,Agence METZ,2
Lanteuil,19190,517,8.2,Simplicicar,brive,3
Ranchot,39700,517,9.2,Simplicicar,besancon,4
Alaincourt,02240,517,9.9,TransakAuto,Agence SAINT-QUENTIN,2
Magstatt-le-Bas,68510,517,11.0,AgenceAuto,saint-louis,4
Fercé,44660,517,11.5,TransakAuto,Agence CHATEAUBRIANT,1
La Chapelle-Thècle,71470,517,12.1,AgenceAuto,louhans,1
Rezonville-Vionville,57130,517,12.5,TransakAuto,Agence SAINT-DIZIER,3
Ville-sur-Illon,88270,517,15.0,TransakAuto,Agence EPINAL,2
Oysonville,28700,517,16.1,TransakAuto,Agence ETAMPES,1
Berteaucourt-lès-Thennes,80110,517,17.1,AgenceAuto,amiens,1
Jenzat,03800,517,17.7,Simplicicar,vichy,1
Lux,21120,517,18.8,AgenceAuto,dijon,2
Peyraud,07340,516,8.3,TransakAuto,Agence DAVEZIEUX,1
Geispitzen,68510,516,12.6,AgenceAuto,mulhouse,4
Sécheras,07610,516,15.5,TransakAuto,Agence DAVEZIEUX,1
Lemud,57580,516,18.2,AgenceAuto,metz,1
Melleroy,45220,516,18.7,TransakAuto,Agence MONTARGIS,1
Saint-Clément-de-Régnat,63310,516,18.8,Simplicicar,vichy,1
Roëllecourt,62130,516,19.4,TransakAuto,Agence BETHUNE,1
Trégonneau,22200,515,12.0,TransakAuto,Agence BEGARD,1
Gournay-sur-Aronde,60190,515,12.2,TransakAuto,Agence COMPIEGNE,2
Baliros,64510,515,12.9,TransakAuto,Agence PAU,2
Airel,50680,515,12.9,TransakAuto,Agence SAINT-LO,1
Saint-Sauvant,17610,515,13.4,TransakAuto,Agence SAINTES,1
Villardonnel,11600,515,13.9,TransakAuto,Agence CARCASSONNE,2
Auger-Saint-Vincent,60800,515,13.9,TransakAuto,Agence DAMMARTIN EN GOELE,2
Cheilly-lès-Maranges,71150,515,15.6,TransakAuto,Agence CHALON-SUR-SAONE,1
Cannectancourt,60310,515,17.8,TransakAuto,Agence COMPIEGNE,2
Thillois,51370,514,2.4,Simplicicar,reims,2
Buigny-Saint-Maclou,80132,514,2.6,TransakAuto,Agence ABBEVILLE,1
Génicourt,95650,514,4.7,AgenceAuto,cergy-pontoise,6
Boisleux-au-Mont,62175,514,9.0,TransakAuto,Agence ARRAS,2
Soueich,31160,514,9.2,Simplicicar,https://www.simplicicar.com/content/170-oncession-st-gaudens,1
Rouffiac-d'Aude,11250,514,9.6,Simplicicar,carcassonne,2
Cauroy-lès-Hermonville,51220,514,10.3,TransakAuto,Agence REIMS,2
Quesnoy-le-Montant,80132,514,10.8,TransakAuto,Agence ABBEVILLE,1
Villeneuve-les-Cerfs,63310,514,15.5,Simplicicar,vichy,1
Eyrein,19800,514,17.0,AgenceAuto,tulle,1
Mailly-le-Château,89660,514,18.0,TransakAuto,Agence AUXERRE,1
Berstheim,67170,513,6.1,TransakAuto,Agence HAGUENAU,3
Saint-Sébastien-d'Aigrefeuille,30140,513,7.2,TransakAuto,Agence ALES,1
Cardonnette,80260,513,9.1,TransakAuto,Agence AMIENS,2
Ordizan,65200,513,13.8,TransakAuto,Agence TARBES,1
Saint-Sylvestre,07440,513,15.8,Simplicicar,valence,2
Orvillers-Sorel,60490,513,19.3,TransakAuto,Agence COMPIEGNE,1
Angiens,76740,513,19.8,AgenceAuto,yerville,1
Barbazan,31510,512,7.0,Simplicicar,https://www.simplicicar.com/content/170-oncession-st-gaudens,1
Dambelin,25150,512,12.6,TransakAuto,Agence MONTBELIARD,2
Monchy-Breton,62127,512,14.7,TransakAuto,Agence BETHUNE,1
Vimpelles,77520,512,16.2,TransakAuto,Agence PROVINS,1
Saint-Nabor,67530,512,19.5,AgenceAuto,selestat,1
Saint-Laurent-de-Condel,14220,512,19.7,TransakAuto,Agence CAEN,1
Luchat,17600,511,8.0,TransakAuto,Agence SAINTES,1
Ecquedecques,62190,511,12.4,TransakAuto,Agence BETHUNE,1
Senlisse,78720,511,13.1,TransakAuto,Agence RAMBOUILLET,3
Sainte-Hélène,71390,511,14.1,TransakAuto,Agence CHALON-SUR-SAONE,1
Montagrier,24350,511,16.2,TransakAuto,Agence PERIGUEUX,1
Pailhès,09130,511,16.2,Simplicicar,pamiers,1
Saint-Laurent,18330,511,19.2,TransakAuto,Agence BOURGES,1
Entre-deux-Eaux,88650,510,3.3,AgenceAuto,saint-die-des-vosges,1
Écot,25150,510,5.0,TransakAuto,Agence MONTBELIARD,3
Reuilly,27930,510,6.0,Simplicicar,evreux,3
Épagne-Épagnette,80580,510,6.3,TransakAuto,Agence ABBEVILLE,1
Nogent-sur-Eure,28120,510,6.6,TransakAuto,Agence CHARTRES,1
Euzet,30360,510,13.9,TransakAuto,Agence ALES,1
Saint-Victor-de-Buthon,28240,510,15.5,AgenceAuto,nogent-le-rotrou,1
Joncy,71460,510,16.0,AgenceAuto,montceau-les-mines,1
Bailly-en-Rivière,76630,510,17.3,TransakAuto,"Agence MONS, BELGIQUE",2
Cardan,33410,510,17.8,TransakAuto,Agence CADAUJAC,1
Biltzheim,68127,510,18.1,Simplicicar,colmar,2
Champillon,51160,510,18.3,Simplicicar,reims,1
Chaumergy,39230,510,19.3,AgenceAuto,lons-le-saunier,2
Niergnies,59400,509,4.1,TransakAuto,Agence CAMBRAI,1
Vallègue,31290,509,5.2,TransakAuto,Agence VILLEFRANCHE-DE-LAURAGAIS,1
Saint-Michel-de-Fronsac,33126,509,6.3,TransakAuto,Agence LIBOURNE,3
La Marche,58400,509,18.2,AgenceAuto,nevers,1
Subligny,89100,508,8.1,TransakAuto,Agence SENS,1
Mulsans,41500,508,9.9,TransakAuto,Agence BLOIS,1
Wahlbach,68130,508,12.4,AgenceAuto,mulhouse-sud,4
Witternheim,67230,508,12.8,AgenceAuto,selestat,1
Haroué,54740,508,16.7,TransakAuto,Agence NANCY,3
Meslay-le-Vidame,28360,508,16.8,TransakAuto,Agence CHARTRES,1
Saulxures,67420,508,17.1,AgenceAuto,saint-die-des-vosges,1
Heutrégiville,51110,508,18.0,TransakAuto,Agence REIMS,1
Saint-Bonnet-de-Cray,71340,508,18.0,TransakAuto,Agence ROANNE,1
Oberrœdern,67250,508,19.9,TransakAuto,Agence HAGUENAU,1
Mézières-sur-Oise,02240,507,8.8,TransakAuto,Agence SAINT-QUENTIN,2
Sanry-lès-Vigy,57640,507,9.8,AgenceAuto,metz,1
Vaxoncourt,88330,507,10.1,TransakAuto,Agence EPINAL,2
La Houssière,88430,507,11.0,AgenceAuto,saint-die-des-vosges,1
Frémainville,95450,507,12.1,AgenceAuto,epone,7
Saint-Germain-le-Guillaume,53240,507,16.2,TransakAuto,Agence LAVAL,1
Espaubourg,60650,507,16.7,TransakAuto,Agence GISORS,3
Marchéville,28120,507,17.6,TransakAuto,Agence CHARTRES,1
Ormes,71290,507,17.7,AgenceAuto,chalon-sur-saone,2
Lesménils,54700,506,0.9,TransakAuto,Agence METZ,1
Rouvroy,02100,506,3.3,TransakAuto,Agence SAINT-QUENTIN,2
Katzenthal,68230,506,8.1,Simplicicar,colmar,1
Campet-et-Lamolère,40090,506,8.4,TransakAuto,Agence MONT DE MARSAN,1
Boussy,74150,506,9.2,AgenceAuto,annecy,3
Noroy-le-Bourg,70000,506,9.5,AgenceAuto,vesoul,1
Lanquais,24150,506,10.5,TransakAuto,Agence BERGERAC,1
Waltenheim,68510,506,11.7,AgenceAuto,saint-louis,4
Tarentaise,42660,506,13.0,TransakAuto,Agence SAINT ETIENNE,2
Chamalières-sur-Loire,43800,506,15.5,Simplicicar,puy-en-velay,1
Maisoncelles-du-Maine,53170,506,15.9,TransakAuto,Agence LAVAL,1
La Salle,71260,506,18.2,TransakAuto,Agence MACON,1
Bourdonné,78113,506,18.8,TransakAuto,Agence RAMBOUILLET,1
Trébons-sur-la-Grasse,31290,505,5.4,TransakAuto,Agence VILLEFRANCHE-DE-LAURAGAIS,1
Rebigue,31320,505,6.8,AgenceAuto,toulouse-sud-est-labege,6
Molay,39500,505,9.5,AgenceAuto,dole,1
Sissy,02240,505,9.9,TransakAuto,Agence SAINT-QUENTIN,2
Bulle,25560,505,10.9,Simplicicar,pontarlier,2
Isle-Aumont,10800,505,12.7,AgenceAuto,troyes,3
Essuiles,60510,505,13.3,TransakAuto,Agence BEAUVAIS,2
Ghissignies,59530,505,16.5,AgenceAuto,valenciennes,1
Belmont-Tramonet,73330,505,17.0,Simplicicar,aix-les-bains,2
Saint-Maurice-de-Satonnay,71260,505,17.1,TransakAuto,Agence MACON,1
Saint-Jean-Ligoure,87260,505,17.7,AgenceAuto,limoges,2
Matigny,80400,505,19.3,AgenceAuto,saint-quentin,1
Saint-Vaast-en-Chaussée,80310,504,3.2,TransakAuto,Agence AMIENS,2
La Rivière-Enverse,74440,504,4.8,TransakAuto,Agence SALLANCHES,2
Érondelle,80580,504,10.0,TransakAuto,Agence ABBEVILLE,1
Le Perchay,95450,504,10.6,AgenceAuto,cergy-pontoise,5
Verjux,71590,504,10.6,AgenceAuto,chalon-sur-saone,3
Lalandelle,60850,504,13.0,TransakAuto,Agence GISORS,3
Chazemais,03370,504,15.0,TransakAuto,Agence MONTLUCON,1
Sérénac,81350,504,16.0,TransakAuto,Agence ALBI,1
Franxault,21170,504,18.0,AgenceAuto,dole,1
Ardenay-sur-Mérize,72370,504,18.3,TransakAuto,Agence LE MANS,1
Condat-sur-Trincou,24530,504,19.2,TransakAuto,Agence PERIGUEUX,1
Bronvaux,57535,503,6.3,TransakAuto,Agence SAINT-DIZIER,2
Souzy-la-Briche,91580,503,8.0,TransakAuto,Agence ETAMPES,1
Longueil,76860,503,10.6,TransakAuto,Agence DIEPPE,1
Vironchaux,80150,503,17.3,TransakAuto,Agence LE TOUQUET,2
Bourdettes,64800,503,17.9,TransakAuto,Agence PAU,1
Isle-Saint-Georges,33640,502,4.8,TransakAuto,Agence CADAUJAC,2
Plainoiseau,39210,502,5.5,TransakAuto,Agence LONS LE SAUNIER,2
Guzargues,34820,502,7.6,AgenceAuto,montpellier-est,4
Huttendorf,67270,502,8.5,TransakAuto,Agence HAGUENAU,2
Vauchassis,10190,502,11.8,AgenceAuto,troyes,3
Husseren-les-Châteaux,68420,502,12.7,Simplicicar,colmar,1
Fontaine-sur-Somme,80510,502,14.1,TransakAuto,Agence ABBEVILLE,1
Aubigny,80800,502,17.1,AgenceAuto,amiens,2
Saint-Denis-le-Thiboult,76116,502,17.8,TransakAuto,Agence ROUEN,1
Poigny,77160,501,2.4,TransakAuto,Agence PROVINS,1
Ruvigny,10410,501,13.5,AgenceAuto,troyes,3
Acheux-en-Vimeu,80210,501,13.8,TransakAuto,Agence ABBEVILLE,1
Franleu,80210,501,13.9,TransakAuto,Agence ABBEVILLE,2
Onville,54890,501,14.0,TransakAuto,Agence METZ,2
Fort-Moville,27210,501,15.1,TransakAuto,Agence DEAUVILLE,1
Coinces,45310,501,17.7,Simplicicar,orleans,2
La Chapelle-Naude,71500,500,5.5,AgenceAuto,louhans,1
Saint-Bohaire,41330,500,9.5,TransakAuto,Agence BLOIS,1
Béhen,80870,500,10.3,TransakAuto,Agence ABBEVILLE,1
Reyvroz,74200,500,11.1,TransakAuto,Agence THONON-LES-BAINS,1
Manteyer,05400,500,12.8,TransakAuto,Agence GAP,1
Douvrend,76630,500,17.1,TransakAuto,Agence DIEPPE,1
Arçay,18340,500,18.0,TransakAuto,Agence BOURGES,1
Montereau-sur-le-Jard,77950,499,8.4,TransakAuto,Agence LIEUSAINT,3
Abbeville-Saint-Lucien,60480,499,9.8,TransakAuto,Agence BEAUVAIS,2
Cambernard,31470,499,10.3,AgenceAuto,toulouse-fontenilles,4
Tendon,88460,499,18.0,AgenceAuto,epinal,1
Baverans,39100,498,3.9,AgenceAuto,dole,1
Villers-en-Arthies,95510,498,8.5,AgenceAuto,vernon,4
Vauxaillon,02320,498,12.4,Simplicicar,soissons,1
Martainville,27210,498,13.2,TransakAuto,Agence DEAUVILLE,1
Gilles,28260,498,15.3,TransakAuto,Agence MANTES-LA-JOLIE,1
Chevry-en-Sereine,77710,498,16.5,TransakAuto,Agence FONTAINEBLEAU,1
Malincourt,59127,498,16.9,TransakAuto,Agence CAMBRAI,1
Aumes,34530,498,18.8,TransakAuto,Agence SETE,2
Montgesoye,25111,498,19.9,Simplicicar,pontarlier,1
Pargny-lès-Reims,51390,497,5.3,Simplicicar,reims,2
Saint-Firmin-des-Bois,45220,497,11.5,TransakAuto,Agence MONTARGIS,1
Versailleux,01330,497,11.5,Simplicicar,meximieux,1
Dullin,73610,497,12.0,Simplicicar,aix-les-bains,2
Montreuil-sur-Brêche,60480,497,14.7,TransakAuto,Agence BEAUVAIS,2
Francastel,60480,497,16.9,TransakAuto,Agence BEAUVAIS,2
La Coulonche,61220,497,16.9,TransakAuto,Agence FLERS,1
Louversey,27190,497,17.7,TransakAuto,Agence EVREUX,1
Rouilly,77160,496,3.3,TransakAuto,Agence PROVINS,1
Ferrières,80470,496,4.6,AgenceAuto,amiens,2
Longuesse,95450,496,8.1,AgenceAuto,cergy-pontoise,6
Ficheux,62173,496,8.4,TransakAuto,Agence ARRAS,2
Saint-Eustache,74410,496,11.6,AgenceAuto,annecy,3
Longvilliers,78730,496,14.2,TransakAuto,Agence RAMBOUILLET,2
Lantenay,21370,496,15.1,AgenceAuto,dijon,3
Longwy-sur-le-Doubs,39120,496,17.5,AgenceAuto,dole,1
Montenach,57480,495,3.7,TransakAuto,"Agence BRUXELLES, BELGIQUE",2
Bienville,60280,495,5.7,TransakAuto,Agence COMPIEGNE,2
Saint-Denis-le-Ferment,27140,495,6.1,TransakAuto,Agence GISORS,1
Bougnon,70170,495,9.5,AgenceAuto,vesoul,1
Quincey,21700,495,12.0,Simplicicar,beaune,1
Saint-Denoual,22400,495,12.1,TransakAuto,Agence LAMBALLE,1
Saint-Jeure-d'Ay,07290,495,12.4,TransakAuto,Agence DAVEZIEUX,1
Le Vauroux,60390,495,14.3,TransakAuto,Agence GISORS,3
Montaigu-la-Brisette,50700,495,15.7,TransakAuto,Agence CHERBOURG-EN-COTENTIN,1
Teulat,81500,495,15.7,AgenceAuto,toulouse-nord,3
Brouchy,80400,495,18.5,AgenceAuto,saint-quentin,2
Calignac,47600,495,19.4,TransakAuto,Agence AGEN,1
Bantigny,59554,494,6.4,TransakAuto,Agence CAMBRAI,1
Bellancourt,80132,494,6.9,TransakAuto,Agence ABBEVILLE,1
Ligron,72270,494,9.9,Simplicicar,la-fleche,1
Desnes,39140,494,11.7,AgenceAuto,lons-le-saunier,2
Vaudringhem,62380,494,19.1,Simplicicar,saint-omer,1
Soirans,21110,494,19.3,TransakAuto,Agence DIJON,1
Les Bréseux,25120,494,19.4,TransakAuto,Agence MONTBELIARD,1
Beaufort-sur-Gervanne,26400,494,19.8,TransakAuto,Agence VALENCE,1
La Vèze,25660,493,7.0,TransakAuto,Agence BESANCON,4
Darois,21121,493,11.1,AgenceAuto,dijon,3
Ouve-Wirquin,62380,493,12.6,Simplicicar,saint-omer,1
Guiseniers,27700,493,12.7,Simplicicar,vernon,2
Chaignay,21120,493,14.1,AgenceAuto,dijon,3
Saint-Rémy-du-Val,72600,493,15.5,TransakAuto,Agence ALENCON,1
La Neuveville-devant-Lépanges,88600,493,15.8,AgenceAuto,epinal,2
Houssay,53360,493,17.7,TransakAuto,Agence LAVAL,1
Mailly-la-Ville,89270,493,18.6,TransakAuto,Agence AUXERRE,1
Colombe-lès-Vesoul,70000,492,4.0,AgenceAuto,vesoul,1
Écury-sur-Coole,51240,492,7.0,AgenceAuto,chalons-en-champagne,1
La Forêt-le-Roi,91410,492,7.8,TransakAuto,Agence ETAMPES,1
Jullié,69840,492,9.6,TransakAuto,Agence MACON,1
Mauressac,31190,492,11.6,TransakAuto,Agence EAUNES,2
Wismes,62380,492,15.1,Simplicicar,saint-omer,1
La Chapelle-près-Sées,61500,492,16.2,TransakAuto,Agence ALENCON,1
Goutrens,12390,492,19.3,AgenceAuto,rodez,2
Ossages,40290,492,20.0,TransakAuto,Agence DAX,1
Prats-de-Carlux,24370,491,6.5,TransakAuto,Agence SARLAT,1
Huos,31210,491,6.5,Simplicicar,https://www.simplicicar.com/content/170-oncession-st-gaudens,1
Clémery,54610,491,8.0,TransakAuto,Agence METZ,1
Épinoy,62860,491,8.2,TransakAuto,Agence CAMBRAI,2
Chenecey-Buillon,25440,491,9.4,Simplicicar,caen,4
Les Thilliers-en-Vexin,27420,491,14.1,TransakAuto,Agence GISORS,3
Louan-Villegruis-Fontaine,77560,491,15.8,TransakAuto,Agence PROVINS,1
Marbeuf,27110,491,18.3,TransakAuto,Agence ELBEUF,1
Saint-Boil,71390,491,18.9,TransakAuto,Agence CHALON-SUR-SAONE,1
Notre-Dame-du-Bec,76133,490,9.1,TransakAuto,Agence LE HAVRE,1
Orainville,02190,490,9.5,TransakAuto,Agence REIMS,2
Yzengremer,80520,490,9.6,TransakAuto,"Agence MONS, BELGIQUE",1
Caillouet-Orgeville,27120,490,9.8,Simplicicar,evreux,3
Mœuvres,59400,490,12.2,TransakAuto,Agence CAMBRAI,1
Quantilly,18110,490,13.2,TransakAuto,Agence BOURGES,1
Beaurepaire,76280,490,16.1,TransakAuto,Agence LE HAVRE,1
Saint-Genis-sur-Menthon,01380,490,16.2,AgenceAuto,bourg-en-bresse,3
Cloué,86600,490,18.9,TransakAuto,Agence POITIERS,1
Brinay,18120,490,19.8,TransakAuto,Agence BOURGES,1
Montagny-près-Louhans,71500,489,5.6,AgenceAuto,louhans,2
Coatréven,22450,489,9.4,AgenceAuto,lannion,2
Saint-Martial-de-Gimel,19150,489,10.0,AgenceAuto,tulle,1
Marcilly,77139,489,10.2,TransakAuto,Agence MEAUX,3
Eichhoffen,67140,489,12.3,AgenceAuto,selestat,1
Surtauville,27400,489,12.4,TransakAuto,Agence ELBEUF,1
Cures,72240,489,16.6,TransakAuto,Agence LE MANS,1
La Bigottière,53240,489,17.5,TransakAuto,Agence LAVAL,1
Benagues,09100,488,3.2,Simplicicar,pamiers,1
Bogy,07340,488,6.5,TransakAuto,Agence DAVEZIEUX,1
Sainte-Colombe,25300,488,8.2,Simplicicar,pontarlier,2
Fourneville,14600,488,8.4,TransakAuto,Agence DEAUVILLE,2
Montilly,03000,488,10.8,TransakAuto,Agence MOULINS,1
Padoux,88700,488,15.4,TransakAuto,Agence EPINAL,2
Crillon,60112,488,16.1,TransakAuto,Agence BEAUVAIS,2
Brienne,71290,488,17.1,AgenceAuto,louhans,1
Montagney,70140,488,17.2,Simplicicar,besancon,1
Castelferrus,82100,488,19.2,TransakAuto,Agence MONTAUBAN,1
Autechaux-Roide,25150,487,6.7,TransakAuto,Agence MONTBELIARD,2
Aragon,11600,487,9.7,TransakAuto,Agence CARCASSONNE,2
Ludesse,63320,487,15.4,TransakAuto,Agence CLERMONT FERRAND SUD,1
Locmélar,29400,487,19.8,TransakAuto,Agence MORLAIX,1
Pair-et-Grandrupt,88100,486,2.6,AgenceAuto,saint-die-des-vosges,1
Saint-Jean-des-Vignes,69380,486,5.8,TransakAuto,Agence CALUIRE-ET-CUIRE,6
Souancé-au-Perche,28400,486,6.3,AgenceAuto,nogent-le-rotrou,1
Sercus,59173,486,13.4,Simplicicar,saint-omer,1
Sainte-Marie-d'Alloix,38660,486,13.8,AgenceAuto,grenoble,2
Vernierfontaine,25580,486,19.9,Simplicicar,pontarlier,1
Berneville,62123,485,9.9,TransakAuto,Agence ARRAS,2
Frizon,88440,485,10.8,TransakAuto,Agence EPINAL,2
Bézac,09100,485,12.3,Simplicicar,pamiers,1
Bartrès,65100,485,12.4,TransakAuto,Agence TARBES,1
Saint-Pardoux-l'Ortigier,19270,485,13.7,Simplicicar,brive,3
Écoust-Saint-Mein,62128,485,14.5,TransakAuto,Agence ARRAS,2
Neaux,42470,485,14.6,TransakAuto,Agence ROANNE,1
Sotteville,50340,485,15.2,TransakAuto,Agence CHERBOURG-EN-COTENTIN,1
Flagey-Echézeaux,21640,485,17.2,Simplicicar,beaune,2
Housseras,88700,485,19.2,AgenceAuto,saint-die-des-vosges,1
Saint-Hilaire-sur-Erre,61340,484,4.8,AgenceAuto,nogent-le-rotrou,1
Montain,39210,484,5.0,TransakAuto,Agence LONS LE SAUNIER,2
Olwisheim,67170,484,6.1,TransakAuto,Agence STRASBOURG NORD,3
Pierrefontaine-lès-Blamont,25310,484,8.9,TransakAuto,Agence MONTBELIARD,2
Saint-Michel-de-Lanès,11410,484,9.9,TransakAuto,Agence VILLEFRANCHE-DE-LAURAGAIS,1
Marquéglise,60490,484,12.3,TransakAuto,Agence COMPIEGNE,2
Boron,90100,484,13.3,AgenceAuto,belfort,3
Cornillé-les-Caves,49140,484,14.7,AgenceAuto,angers,2
Périgny,03120,484,15.4,Simplicicar,vichy,1
Traubach-le-Bas,68210,484,17.5,AgenceAuto,mulhouse-sud,2
Saint-Marcel-Paulel,31590,483,8.0,AgenceAuto,toulouse-nord,4
Verderonne,60140,483,10.0,AgenceAuto,senlis,3
Chaux,21700,483,11.9,Simplicicar,beaune,1
Gémil,31380,483,12.1,AgenceAuto,toulouse-nord,3
Saint-Martin-sur-Écaillon,59213,483,12.4,AgenceAuto,valenciennes,2
Fontenoy,02290,483,12.6,Simplicicar,soissons,1
Paley,77710,483,14.6,TransakAuto,Agence FONTAINEBLEAU,1
Beaulieu-sur-Oudon,53320,483,14.8,TransakAuto,Agence LAVAL,1
Romagne,33760,483,16.1,TransakAuto,Agence LIBOURNE,1
Trémaouézan,29800,483,17.7,Simplicicar,brest,3
Renung,40270,483,19.1,TransakAuto,Agence MONT DE MARSAN,1
Essertenne,71510,483,19.6,AgenceAuto,montceau-les-mines,1
Le Cuing,31210,482,8.6,Simplicicar,https://www.simplicicar.com/content/170-oncession-st-gaudens,1
Cuq,81570,482,10.6,TransakAuto,Agence CASTRES,1
La Fare-en-Champsaur,05500,482,12.1,TransakAuto,Agence GAP,1
Frœschwiller,67360,482,12.5,TransakAuto,Agence HAGUENAU,1
Lomont,70200,482,13.4,AgenceAuto,hericourt,2
Berles-Monchel,62690,482,16.6,TransakAuto,Agence BETHUNE,1
Motz,73310,482,17.6,TransakAuto,Agence ANNECY,3
Raves,88520,481,4.4,AgenceAuto,saint-die-des-vosges,1
Bondeval,25230,481,4.5,TransakAuto,Agence MONTBELIARD,4
Neuville-Vitasse,62217,481,4.8,TransakAuto,Agence ARRAS,3
Kirschnaumen,57480,481,7.1,TransakAuto,"Agence BRUXELLES, BELGIQUE",1
Montgardin,05230,481,10.1,TransakAuto,Agence GAP,1
Saint-Julien-du-Pinet,43200,481,12.9,Simplicicar,puy-en-velay,1
Raedersdorf,68480,481,17.1,TransakAuto,Agence SAINT-LOUIS,2
Lalaye,67220,481,18.2,AgenceAuto,selestat,1
Aboën,42380,481,18.5,Simplicicar,veauche,1
Estos,64400,481,18.7,TransakAuto,Agence PAU,1
Saint-Thomé,07220,480,10.7,TransakAuto,Agence MONTELIMAR,2
Auragne,31190,480,11.4,TransakAuto,Agence EAUNES,4
Saint-Priest-de-Gimel,19800,480,12.1,AgenceAuto,tulle,1
Pierre-Levée,77580,480,14.0,TransakAuto,Agence MEAUX,2
Lixy,89140,480,14.1,TransakAuto,Agence SENS,1
Sainte-Croix-en-Jarez,42800,480,18.2,TransakAuto,Agence SAINT ETIENNE,1
Secondigné-sur-Belle,79170,480,18.9,TransakAuto,Agence NIORT,1
Bourdainville,76760,479,4.6,AgenceAuto,yerville,2
Quenne,89290,479,6.0,TransakAuto,Agence AUXERRE,1
Cintray,28300,479,7.2,TransakAuto,Agence CHARTRES,1
Seuillet,03260,479,7.7,Simplicicar,vichy,1
Vielle-Adour,65360,479,10.0,TransakAuto,Agence TARBES,1
Seur,41120,479,10.2,TransakAuto,Agence BLOIS,1
Rognaix,73730,479,10.8,TransakAuto,Agence ALBERTVILLE,1
Vœgtlinshoffen,68420,479,14.1,Simplicicar,colmar,1
Escarmain,59213,479,14.7,AgenceAuto,valenciennes,2
Courcelles-le-Comte,62121,479,14.9,TransakAuto,Agence ARRAS,2
La Sauvetat-de-Savères,47270,479,17.8,TransakAuto,Agence AGEN,1
Buziet,64680,479,19.3,TransakAuto,Agence PAU,1
Vany,57070,478,5.5,AgenceAuto,metz,2
Poulan-Pouzols,81120,478,5.8,TransakAuto,Agence ALBI,1
Boiry-Becquerelle,62128,478,8.7,TransakAuto,Agence ARRAS,2
Saint-Grégoire,81350,478,10.9,TransakAuto,Agence ALBI,1
Collonges-la-Rouge,19500,478,14.0,Simplicicar,brive,2
Hodenc-en-Bray,60650,478,14.3,TransakAuto,Agence BEAUVAIS,2
Acon,27570,478,18.2,TransakAuto,Agence DREUX,1
Grémévillers,60380,478,19.3,TransakAuto,Agence BEAUVAIS,1
Dompierre-sur-Charente,17610,477,13.4,TransakAuto,Agence SAINTES,1
Preuilly,18120,477,15.8,TransakAuto,Agence BOURGES,1
Mombrier,33710,477,18.6,TransakAuto,Agence BORDEAUX RIVE DROITE,2
Tizac-de-Lapouyade,33620,477,19.2,TransakAuto,Agence LIBOURNE,1
Cuisy,77165,476,8.5,TransakAuto,Agence DAMMARTIN EN GOELE,4
Étaing,62156,476,11.6,TransakAuto,Agence DOUAI,4
Boisset-les-Prévanches,27120,476,12.7,Simplicicar,evreux,3
Combovin,26120,476,13.3,TransakAuto,Agence VALENCE,2
L'Habit,27220,476,13.4,TransakAuto,Agence DREUX,2
La Thieuloye,62130,476,13.6,TransakAuto,Agence BETHUNE,1
Aubignas,07400,476,14.1,TransakAuto,Agence MONTELIMAR,1
Montespan,31260,476,14.7,Simplicicar,https://www.simplicicar.com/content/170-oncession-st-gaudens,1
Cléry-en-Vexin,95420,476,16.3,AgenceAuto,cergy-pontoise,5
Châteaudouble,83300,476,18.3,TransakAuto,Agence DRAGUIGNAN,1
Fontiers-Cabardès,11390,476,18.7,TransakAuto,Agence CARCASSONNE,2
Estourmel,59400,475,6.6,TransakAuto,Agence CAMBRAI,1
Canaules-et-Argentières,30350,475,11.1,TransakAuto,Agence ALES,1
Beaufort,31370,475,12.6,AgenceAuto,toulouse-fontenilles,1
Neuville-sur-Vanne,10190,475,18.0,AgenceAuto,troyes,2
Saint-Ouen-sur-Loire,58160,475,18.0,AgenceAuto,nevers,1
Taisnières-en-Thiérache,59550,475,18.1,TransakAuto,Agence MAUBEUGE,1
Barzan,17120,475,19.5,Simplicicar,royan,1
Mérenvielle,31530,474,7.2,AgenceAuto,toulouse-fontenilles,2
Irreville,27930,474,7.9,Simplicicar,evreux,3
Saint-Hilliers,77160,474,8.3,TransakAuto,Agence PROVINS,1
Saint-Michel-de-Volangis,18390,474,8.7,TransakAuto,Agence BOURGES,1
Villers-Saint-Barthélemy,60650,474,11.7,TransakAuto,Agence BEAUVAIS,3
Bellefontaine,95270,474,12.8,AgenceAuto,la-croix-verte,4
Clermont,74270,474,13.3,TransakAuto,Agence ANNECY,3
Manneville-la-Raoult,27210,474,13.6,TransakAuto,Agence DEAUVILLE,2
Vismes,80140,474,18.4,TransakAuto,Agence ABBEVILLE,1
Samonac,33710,474,18.5,TransakAuto,Agence BORDEAUX RIVE DROITE,2
Surville,14130,473,2.6,TransakAuto,Agence DEAUVILLE,1
Charmoille,70000,473,7.1,AgenceAuto,vesoul,1
Cizay-la-Madeleine,49700,473,7.2,TransakAuto,Agence SAUMUR,1
Saint-Romain-sous-Gourdon,71230,473,7.7,AgenceAuto,montceau-les-mines,1
Sainte-Marguerite-sur-Mer,76119,473,9.9,TransakAuto,Agence DIEPPE,1
Fay-les-Étangs,60240,473,12.2,TransakAuto,Agence GISORS,1
Daignac,33420,473,12.3,TransakAuto,Agence LIBOURNE,1
Sainte-Thorette,18500,473,12.8,TransakAuto,Agence BOURGES,1
Trémouilles,12290,473,13.6,TransakAuto,Agence RODEZ,3
Albé,67220,473,13.7,AgenceAuto,selestat,1
Florimont,90100,473,16.4,AgenceAuto,belfort,2
Lecques,30250,473,19.0,TransakAuto,Agence LUNEL,1
Lagos,64800,473,19.4,TransakAuto,Agence PAU,1
Champagney,39290,473,19.5,AgenceAuto,dole,1
Colroy-la-Roche,67420,473,19.8,AgenceAuto,saint-die-des-vosges,1
Trenal,39190,472,7.0,AgenceAuto,lons-le-saunier,3
Émalleville,27930,472,8.5,Simplicicar,evreux,2
Saint-Cricq-Villeneuve,40190,472,10.7,TransakAuto,Agence MONT DE MARSAN,1
Mantry,39230,472,13.0,TransakAuto,Agence LONS LE SAUNIER,2
Ménil-Hubert-sur-Orne,61430,472,14.4,TransakAuto,Agence FLERS,1
Chennegy,10190,472,14.7,AgenceAuto,troyes,3
Sacé,53470,472,15.3,TransakAuto,Agence LAVAL,1
Curciat-Dongalon,01560,472,16.5,AgenceAuto,louhans,1
Neuville-Bosc,60119,472,16.7,AgenceAuto,cergy-pontoise,3
Pierre-la-Treiche,54200,472,16.7,Simplicicar,nancy,3
Schwerdorff,57320,472,17.1,TransakAuto,"Agence BRUXELLES, BELGIQUE",1
Maisnières,80220,472,17.2,TransakAuto,"Agence MONS, BELGIQUE",1
Lintot,76210,472,17.4,TransakAuto,Agence YVETOT,1
Saint-Pierre-de-Curtille,73310,472,18.3,TransakAuto,Agence CHAMBERY,2
Le Cabanial,31460,472,19.2,TransakAuto,Agence VILLEFRANCHE-DE-LAURAGAIS,1
La Rochette,05000,471,4.5,TransakAuto,Agence GAP,1
Calamane,46150,471,5.0,TransakAuto,Agence CAHORS,1
Brognard,25600,471,5.8,AgenceAuto,montbeliard,4
Plancherine,73200,471,6.0,TransakAuto,Agence ALBERTVILLE,1
Saint-Jean-de-Beauregard,91940,471,8.0,AgenceAuto,palaiseau,5
Les Bizots,71710,471,8.2,AgenceAuto,montceau-les-mines,1
Jambles,71640,471,10.6,TransakAuto,Agence CHALON-SUR-SAONE,2
Soulaires,28130,471,14.2,TransakAuto,Agence CHARTRES,1
Saint-Léonard-des-Bois,72130,471,14.9,TransakAuto,Agence ALENCON,1
Villemoutiers,45270,471,16.4,TransakAuto,Agence MONTARGIS,1
Romeries,59730,471,17.5,AgenceAuto,valenciennes,1
Ambialet,81430,471,18.9,TransakAuto,Agence ALBI,1
Saint-Genès-du-Retz,63260,471,19.0,Simplicicar,vichy,1
Chelles,60350,471,19.3,Simplicicar,compiegne,1
Gaas,40350,470,10.1,TransakAuto,Agence DAX,2
Authevernes,27420,470,12.7,AgenceAuto,vernon,3
Saint-Laurent-la-Gâtine,28210,470,15.4,TransakAuto,Agence DREUX,1
Vergezac,43320,470,16.7,Simplicicar,puy-en-velay,1
Bois-de-la-Pierre,31390,470,19.1,TransakAuto,Agence EAUNES,1
Cottévrard,76850,470,20.0,TransakAuto,Agence ROUEN,1
Le Mesnil-Rouxelin,50000,469,4.5,TransakAuto,Agence SAINT-LO,1
Unias,42210,469,5.9,Simplicicar,moto-veauche,2
Remollon,05190,469,10.7,TransakAuto,Agence GAP,1
Villars-lès-Blamont,25310,469,10.9,TransakAuto,Agence MONTBELIARD,2
Fontenay,88600,469,11.5,AgenceAuto,epinal,2
Saint-Remy-Chaussée,59620,469,12.6,TransakAuto,Agence MAUBEUGE,1
Amettes,62260,469,13.7,TransakAuto,Agence BETHUNE,1
Le Torpt,27210,469,14.2,TransakAuto,Agence DEAUVILLE,1
Morsain,02290,469,15.7,Simplicicar,soissons,1
Castelnau-Valence,30190,469,16.2,TransakAuto,Agence ALES,1
Saint-Nicolas-du-Tertre,56910,469,17.1,TransakAuto,Agence REDON,1
Bettendorf,68560,469,17.4,AgenceAuto,mulhouse-sud,3
Morisel,80110,469,19.5,AgenceAuto,amiens,1
Montmirat,30260,469,19.7,TransakAuto,Agence ALES,1
Saint-Félix-de-Rieutord,09120,468,3.2,Simplicicar,pamiers,1
Villers-sur-Authie,80120,468,10.4,TransakAuto,Agence LE TOUQUET,1
Le Sappey,74350,468,14.2,TransakAuto,Agence ANNEMASSE,6
Saint-Romain-de-Surieu,38150,468,14.4,TransakAuto,Agence VIENNE,2
Saint-Chamant,19380,468,17.3,AgenceAuto,tulle,1
Cassagnabère-Tournas,31420,468,19.2,Simplicicar,https://www.simplicicar.com/content/170-oncession-st-gaudens,1
Vincelles,71500,467,3.7,AgenceAuto,louhans,1
Bonlier,60510,467,4.8,TransakAuto,Agence BEAUVAIS,2
Charnay,25440,467,8.8,Simplicicar,caen,4
Mouzieys-Teulet,81430,467,10.0,TransakAuto,Agence ALBI,1
Bellengreville,76630,467,10.0,TransakAuto,Agence DIEPPE,1
Maurrin,40270,467,12.3,TransakAuto,Agence MONT DE MARSAN,1
Caullery,59191,467,14.3,TransakAuto,Agence CAMBRAI,1
Bény-sur-Mer,14440,467,15.3,TransakAuto,Agence CAEN,1
Cœuvres-et-Valsery,02600,467,15.8,Simplicicar,soissons,1
Plorec-sur-Arguenon,22130,467,19.7,TransakAuto,Agence LAMBALLE,1
Orgeux,21490,466,5.0,Simplicicar,dijon,3
Jussy,57130,466,7.7,AgenceAuto,metz,3
Lépin-le-Lac,73610,466,10.6,Simplicicar,aix-les-bains,2
Solterre,45700,466,10.6,TransakAuto,Agence MONTARGIS,1
Puisieulx,51500,466,11.2,Simplicicar,reims,2
Saint-Cyr-la-Rivière,91690,466,11.4,TransakAuto,Agence ETAMPES,1
Luyères,10150,466,13.5,Simplicicar,troyes,3
Laffrey,38220,466,18.5,TransakAuto,Agence GRENOBLE OUEST,1
Saint-Symphorien,27500,466,18.6,TransakAuto,Agence DEAUVILLE,1
Vaupillon,28240,466,19.0,AgenceAuto,nogent-le-rotrou,1
Rothbach,67340,466,19.3,TransakAuto,Agence HAGUENAU,1
Saint-Ail,54580,465,3.4,TransakAuto,Agence SAINT-DIZIER,2
Grand-Laviers,80132,465,3.7,TransakAuto,Agence ABBEVILLE,1
Jarjayes,05130,465,6.7,TransakAuto,Agence GAP,1
Messon,10190,465,7.7,AgenceAuto,troyes,3
Engwiller,67350,465,11.2,TransakAuto,Agence HAGUENAU,1
Haute-Avesnes,62144,465,12.4,Simplicicar,arras,4
Bessey,42520,465,14.9,TransakAuto,Agence DAVEZIEUX,1
Feigneux,60800,465,17.6,Simplicicar,compiegne,2
Perruel,27910,465,18.7,TransakAuto,Agence ROUEN,1
Montpensier,63260,465,19.5,Simplicicar,vichy,1
Relevant,01990,465,19.9,TransakAuto,Agence VILLEFRANCHE SUR SAONE,1
Martot,27340,464,3.9,TransakAuto,Agence ELBEUF,1
Trégrom,22420,464,7.8,TransakAuto,Agence BEGARD,2
Verrières-de-Joux,25300,464,8.4,AgenceAuto,pontarlier,2
Chamery,51500,464,9.3,Simplicicar,reims,2
Blanzac,43350,464,10.3,Simplicicar,puy-en-velay,1
Gauré,31590,464,10.5,AgenceAuto,toulouse-nord,4
Beauval-en-Caux,76890,464,13.6,AgenceAuto,yerville,1
Montfa,81210,464,17.1,TransakAuto,Agence CASTRES,1
Saint-Bernard,21700,464,18.0,TransakAuto,Agence DIJON,2
Rely,62120,464,18.1,TransakAuto,Agence BETHUNE,2
Sully-la-Chapelle,45450,464,18.4,TransakAuto,Agence VIERZON,2
Selles,51490,464,19.2,TransakAuto,Agence REIMS,1
Francilly-Selency,02760,463,3.6,AgenceAuto,saint-quentin,2
Nancy-sur-Cluses,74300,463,4.2,TransakAuto,Agence SALLANCHES,2
Heubécourt-Haricourt,27630,463,4.8,AgenceAuto,vernon,3
Hémévillers,60190,463,10.3,TransakAuto,Agence COMPIEGNE,2
Oost-Cappel,59122,463,16.9,Simplicicar,dunkerque,3
Saint-Lothain,39230,463,17.6,TransakAuto,Agence LONS LE SAUNIER,2
Vignes,64410,463,17.8,Simplicicar,pau,1
Eybouleuf,87400,463,18.5,TransakAuto,Agence LIMOGES,2
Le Grès,31480,463,18.6,TransakAuto,Agence TOULOUSE OUEST,2
Flamanville,76970,462,3.5,TransakAuto,Agence YVETOT,2
Chepy,51240,462,5.6,AgenceAuto,chalons-en-champagne,1
Servigny-lès-Sainte-Barbe,57640,462,7.9,AgenceAuto,metz,1
Bitschhoffen,67350,462,9.6,TransakAuto,Agence HAGUENAU,1
Saint-Vaast-du-Val,76890,462,9.8,AgenceAuto,yerville,2
Eringhem,59470,462,11.9,TransakAuto,Agence DUNKERQUE,4
Vallesvilles,31570,462,12.2,AgenceAuto,toulouse-nord,3
Les Hôpitaux-Vieux,25370,462,14.4,AgenceAuto,pontarlier,2
Les Hauts de Forterre,89560,462,18.9,TransakAuto,Agence AUXERRE,1
Condal,71480,462,18.9,AgenceAuto,louhans,1
Berg-sur-Moselle,57570,461,3.9,TransakAuto,"Agence BRUXELLES, BELGIQUE",2
Bacouel-sur-Selle,80480,461,5.1,AgenceAuto,amiens,2
Carnetin,77400,461,5.6,AgenceAuto,chessy,7
Bordes-de-Rivière,31210,461,5.8,Simplicicar,https://www.simplicicar.com/content/170-oncession-st-gaudens,1
Présentevillers,25550,461,6.7,AgenceAuto,montbeliard,4
Saint-Hilaire-de-Beauvoir,34160,461,9.4,TransakAuto,Agence LUNEL,2
Marsan,32270,461,10.3,TransakAuto,Agence AUCH,1
Gerbaix,73470,461,11.8,Simplicicar,aix-les-bains,2
Bouverans,25560,461,13.7,Simplicicar,pontarlier,2
Jouvençon,71290,461,14.0,AgenceAuto,louhans,1
Ville-le-Marclet,80420,461,14.2,TransakAuto,Agence AMIENS,1
Landébia,22130,461,15.5,TransakAuto,Agence LAMBALLE,1
Camélas,66300,461,16.1,TransakAuto,Agence PERPIGNAN NORD SAINT ESTEVE,1
Munwiller,68250,461,17.1,AgenceAuto,mulhouse,1
Marbaix,59440,461,18.8,TransakAuto,Agence MAUBEUGE,1
Boujailles,25560,461,20.0,Simplicicar,pontarlier,1
Fontenay-Mauvoisin,78200,460,4.8,TransakAuto,Agence MANTES-LA-JOLIE,3
Beugin,62150,460,7.6,TransakAuto,Agence BETHUNE,1
Prenois,21370,460,12.3,AgenceAuto,dijon,3
Vraux,51150,460,14.8,AgenceAuto,chalons-en-champagne,1
La Balme-de-Thuy,74230,460,15.6,Simplicicar,annecy,3
Cigogné,37310,460,18.1,Simplicicar,tours,3
Sauvagnat-Sainte-Marthe,63500,460,19.6,TransakAuto,Agence CLERMONT FERRAND SUD,1
Croixrault,80290,460,19.7,AgenceAuto,amiens,1
Loulans-Verchamp,70230,460,19.8,AgenceAuto,vesoul,1
Les Chapelles-Bourbon,77610,459,7.7,AgenceAuto,gretz-armainvilliers,3
Longchamp,88000,459,7.9,AgenceAuto,epinal,2
Vignonet,33330,459,8.9,TransakAuto,Agence LIBOURNE,1
Larré,61250,459,9.6,TransakAuto,Agence ALENCON,1
Portes-en-Valdaine,26160,459,13.1,TransakAuto,Agence MONTELIMAR,1
Lunas,24130,459,14.3,TransakAuto,Agence BERGERAC,1
Mosnay,36200,459,19.7,AgenceAuto,chateauroux,1
Verrie,49400,458,6.9,TransakAuto,Agence SAUMUR,1
Varennes,24150,458,9.5,TransakAuto,Agence BERGERAC,1
Treuzy-Levelay,77710,458,11.6,TransakAuto,Agence FONTAINEBLEAU,1
Roggenhouse,68740,458,12.5,AgenceAuto,mulhouse,1
Saint-Aquilin,24110,458,13.7,TransakAuto,Agence PERIGUEUX,1
Bonlieu-sur-Roubion,26160,458,14.0,TransakAuto,Agence MONTELIMAR,1
Vasselin,38890,458,14.7,TransakAuto,Agence BOURGOIN-JAILLEU,1
Guerville,76340,458,16.1,TransakAuto,"Agence MONS, BELGIQUE",1
Teillet,81120,458,16.4,TransakAuto,Agence ALBI,1
Beaumont-en-Cambrésis,59540,458,16.4,TransakAuto,Agence CAMBRAI,1
Flammerans,21130,458,16.9,AgenceAuto,dole,1
Penin,62127,458,19.0,TransakAuto,Agence BETHUNE,1
Brizon,74130,457,6.2,Simplicicar,genevois,2
Cassagnoles,30350,457,8.2,TransakAuto,Agence ALES,1
Hauterive,61250,457,11.0,TransakAuto,Agence ALENCON,1
Ringendorf,67350,457,13.7,TransakAuto,Agence HAGUENAU,1
Mazinghem,62120,457,17.4,TransakAuto,Agence BETHUNE,2
Saint-Dézéry,30190,457,18.4,TransakAuto,Agence ALES,1
Égleny,89240,457,18.4,TransakAuto,Agence AUXERRE,1
Roucourt,59169,456,9.0,TransakAuto,Agence DOUAI,2
La Baume-Cornillane,26120,456,9.3,TransakAuto,Agence VALENCE,2
Verzeille,11250,456,9.9,Simplicicar,carcassonne,2
Labosse,60590,456,11.1,TransakAuto,Agence GISORS,3
Havange,57650,456,11.6,TransakAuto,Agence THIONVILLE,1
Thoiry,73230,456,12.0,TransakAuto,Agence CHAMBERY,2
Pressignac-Vicq,24150,456,14.9,TransakAuto,Agence BERGERAC,1
Dompierre-sur-Chalaronne,01400,456,15.0,TransakAuto,Agence MACON,1
Héauville,50340,456,15.8,TransakAuto,Agence CHERBOURG-EN-COTENTIN,1
Puycelsi,81140,456,16.3,AgenceAuto,montauban,1
Le Haut-Bréda,38580,456,17.4,TransakAuto,Agence GRENOBLE EST,2
Montromant,69610,456,18.1,Simplicicar,lyon-ouest,3
Arith,73340,456,18.7,TransakAuto,Agence CHAMBERY,4
Pondaurat,33190,455,3.3,TransakAuto,Agence LANGON,1
Saint-Benoît-sur-Seine,10180,455,5.0,Simplicicar,troyes,3
Leuilly-sous-Coucy,02380,455,11.7,Simplicicar,soissons,1
Cestayrols,81150,455,16.3,TransakAuto,Agence ALBI,1
Droisy,27320,455,18.0,TransakAuto,Agence DREUX,1
Sauchay,76630,454,8.4,TransakAuto,Agence DIEPPE,1
Hamblain-les-Prés,62118,454,10.6,TransakAuto,Agence DOUAI,4
Soulangis,18220,454,12.7,TransakAuto,Agence BOURGES,1
Saint-Escobille,91410,454,14.1,TransakAuto,Agence ETAMPES,1
Mons-en-Montois,77520,454,14.1,TransakAuto,Agence PROVINS,1
Raissac-sur-Lampy,11170,454,14.3,TransakAuto,Agence CARCASSONNE,2
La Poterie-Cap-d'Antifer,76280,454,18.5,TransakAuto,Agence LE HAVRE,1
Courgenard,72320,454,19.5,AgenceAuto,nogent-le-rotrou,1
Brimont,51220,453,5.2,TransakAuto,Agence REIMS,2
Siarrouy,65500,453,12.3,TransakAuto,Agence TARBES,1
Beaufour-Druval,14340,453,15.4,TransakAuto,Agence DEAUVILLE,1
Aubigné,35250,453,15.6,TransakAuto,Agence RENNES OUEST,2
Favières,80120,453,16.6,TransakAuto,Agence ABBEVILLE,2
Douville,24140,453,16.7,TransakAuto,Agence BERGERAC,1
Bussy-le-Repos,89500,453,16.9,TransakAuto,Agence SENS,1
Chamrousse,38410,453,17.3,TransakAuto,Agence GRENOBLE EST,3
Villenauxe-la-Petite,77480,453,17.8,TransakAuto,Agence PROVINS,1
Bayas,33230,453,18.4,TransakAuto,Agence LIBOURNE,1
Saint-Pierre-des-Ifs,14100,453,19.0,TransakAuto,Agence DEAUVILLE,1
Vallerois-Lorioz,70000,452,6.9,AgenceAuto,vesoul,1
Plouvain,62118,452,8.0,Simplicicar,arras,4
Ouville-la-Rivière,76860,452,9.1,TransakAuto,Agence DIEPPE,1
Chezelles,36500,452,13.6,AgenceAuto,chateauroux,2
Fleurey-lès-Faverney,70160,452,14.7,AgenceAuto,vesoul,1
Lyoffans,70200,452,15.0,AgenceAuto,hericourt,1
Montrevel,38690,452,17.5,TransakAuto,Agence BOURGOIN-JAILLEU,1
Donzacq,40360,452,18.8,TransakAuto,Agence DAX,1
Villebéon,77710,452,19.6,TransakAuto,Agence FONTAINEBLEAU,1
Saint-André-d'Hébertot,14130,451,6.3,TransakAuto,Agence DEAUVILLE,1
Le Torp-Mesnil,76560,451,7.3,AgenceAuto,yerville,2
Villiers-Louis,89320,451,7.9,TransakAuto,Agence SENS,1
Castelnaud-la-Chapelle,24250,451,11.0,TransakAuto,Agence SARLAT,1
Maintenay,62870,451,12.5,TransakAuto,Agence LE TOUQUET,1
Thannenkirch,68590,451,12.6,AgenceAuto,selestat,2
Palleville,81700,451,13.2,TransakAuto,Agence CASTRES,1
Tournedos-Bois-Hubert,27180,451,14.9,TransakAuto,Agence EVREUX,2
Bully,42260,451,15.1,TransakAuto,Agence ROANNE,1
Ormes,27190,451,16.1,TransakAuto,Agence EVREUX,2
Lison,14330,451,16.2,TransakAuto,Agence SAINT-LO,1
Canet-de-Salars,12290,451,17.3,TransakAuto,Agence RODEZ,3
Ancey,21410,451,18.6,AgenceAuto,dijon,1
Dampierre-sur-le-Doubs,25420,450,4.5,TransakAuto,Agence MONTBELIARD,4
La Heunière,27950,450,5.7,Simplicicar,vernon,3
Douains,27120,450,6.7,Simplicicar,vernon,4
Boiry-Notre-Dame,62156,450,9.9,TransakAuto,Agence ARRAS,4
Julos,65100,450,11.4,TransakAuto,Agence TARBES,1
Silly-Tillard,60430,450,11.8,Simplicicar,beauvais,2
Piquecos,82130,450,12.9,TransakAuto,Agence MONTAUBAN,2
Mutzenhouse,67270,450,14.0,TransakAuto,Agence STRASBOURG NORD,3
Quatremare,27400,450,14.3,TransakAuto,Agence ELBEUF,2
Marchampt,69430,450,16.0,TransakAuto,Agence VILLEFRANCHE SUR SAONE,1
Magny-Danigon,70200,450,16.0,AgenceAuto,hericourt,2
Saint-Cyr-la-Roche,19130,450,18.7,TransakAuto,Agence BRIVE-LA-GAILLARDE,2
Saint-Solve,19130,450,19.9,TransakAuto,Agence BRIVE-LA-GAILLARDE,1
Waben,62180,449,3.3,TransakAuto,Agence LE TOUQUET,1
Saint-Illiers-le-Bois,78980,449,12.6,TransakAuto,Agence MANTES-LA-JOLIE,3
Viricelles,42140,449,13.0,Simplicicar,moto-veauche,2
Saint-Yrieix-sous-Aixe,87700,449,14.0,AgenceAuto,limoges,2
Saint-Laurent-Bretagne,64160,449,14.1,Simplicicar,pau,2
La Flachère,38530,449,14.8,AgenceAuto,grenoble,2
Remauville,77710,449,16.5,TransakAuto,Agence FONTAINEBLEAU,1
La Chapelle-aux-Brocs,19360,448,5.4,Simplicicar,brive,3
La Roque-Gageac,24250,448,5.8,TransakAuto,Agence SARLAT,1
La Croix-aux-Mines,88520,448,9.3,AgenceAuto,saint-die-des-vosges,1
Ruesnes,59530,448,11.6,AgenceAuto,valenciennes,2
Orny,57420,448,13.0,AgenceAuto,metz,2
Sassierges-Saint-Germain,36120,448,15.4,TransakAuto,Agence CHATEAUROUX,2
Gigondas,84190,448,15.8,TransakAuto,Agence ORANGE,1
Argenvières,18140,448,19.2,AgenceAuto,nevers,1
Bercloux,17770,448,19.3,TransakAuto,Agence SAINTES,1
Courville,51170,448,19.7,Simplicicar,reims,1
Saint-Lambert,78470,447,9.9,TransakAuto,Agence LES CLAYES SOUS BOIS,4
Saint-Michel-en-Grève,22300,447,10.5,AgenceAuto,lannion,2
Saint-Cézert,31330,447,10.6,TransakAuto,Agence FRONTON,1
Thuilley-aux-Groseilles,54170,447,16.1,TransakAuto,Agence NANCY,3
Saint-Julien-du-Puy,81440,447,16.7,TransakAuto,Agence ALBI,1
Grémonville,76970,446,3.4,AgenceAuto,yerville,2
Saint-Benoît-d'Hébertot,14130,446,7.0,TransakAuto,Agence DEAUVILLE,1
Allier,65360,446,7.1,TransakAuto,Agence TARBES,1
Saint-Cyr-les-Colons,89800,446,12.6,TransakAuto,Agence AUXERRE,1
Savigné-sous-le-Lude,72800,446,13.5,Simplicicar,la-fleche,1
Poisvilliers,28300,445,9.1,TransakAuto,Agence CHARTRES,1
Saint-Gervais-en-Vallière,71350,445,11.1,Simplicicar,beaune,2
Champdivers,39500,445,11.8,AgenceAuto,dole,1
Mainneville,27150,445,12.4,TransakAuto,Agence GISORS,1
Saint-Jean-de-Blaignac,33420,445,13.2,TransakAuto,Agence LIBOURNE,1
Charette,38390,445,13.7,TransakAuto,Agence ANTHON,3
Loubajac,65100,445,13.9,TransakAuto,Agence TARBES,1
Gardères,65320,445,15.0,TransakAuto,Agence TARBES,1
Encausse,32430,445,19.0,AgenceAuto,toulouse-fontenilles,1
Foissac,30700,445,19.5,TransakAuto,Agence ALES,1
Saint-Cricq-du-Gave,40300,445,19.6,TransakAuto,Agence DAX,1
Vaux-en-Amiénois,80260,444,2.7,TransakAuto,Agence AMIENS,2
Pannessières,39570,444,2.7,TransakAuto,Agence LONS LE SAUNIER,2
Préguillac,17460,444,8.6,TransakAuto,Agence SAINTES,1
Dampierre-Saint-Nicolas,76510,444,10.8,TransakAuto,Agence DIEPPE,1
Rahon,39120,444,10.9,AgenceAuto,dole,1
Dénezé-sous-Doué,49700,444,11.1,TransakAuto,Agence SAUMUR,1
Fouqueville,27370,444,11.2,TransakAuto,Agence ELBEUF,1
Paussac-et-Saint-Vivien,24310,444,18.4,TransakAuto,Agence PERIGUEUX,1
Latrape,31310,444,19.8,TransakAuto,Agence EAUNES,1
Kermoroc'h,22140,443,9.3,TransakAuto,Agence BEGARD,1
Forges,77130,443,9.8,TransakAuto,Agence FONTAINEBLEAU,1
Saint-Jean-Lherm,31380,443,10.0,AgenceAuto,toulouse-nord,4
Goupillières,76570,443,11.6,AgenceAuto,yerville,3
Montenescourt,62123,443,12.5,Simplicicar,arras,3
Saint-Gorgon,56350,443,14.6,TransakAuto,Agence REDON,1
Gerland,21700,443,14.9,Simplicicar,beaune,1
Moriville,88330,443,17.1,TransakAuto,Agence EPINAL,1
Neuvelle-lès-Cromary,70190,443,17.9,TransakAuto,Agence BESANCON,1
Thénac,24240,443,19.4,TransakAuto,Agence BERGERAC,1
Gevingey,39570,442,4.7,AgenceAuto,lons-le-saunier,2
Gy-l'Évêque,89580,442,6.2,TransakAuto,Agence AUXERRE,1
Moyeuvre-Petite,57250,442,9.0,TransakAuto,Agence SAINT-DIZIER,3
Chaufour-lès-Bonnières,78270,442,9.2,Simplicicar,vernon,3
Saint-Vincent-Rive-d'Olt,46140,442,9.5,TransakAuto,Agence CAHORS,1
Ceyssac,43000,442,9.7,Simplicicar,puy-en-velay,1
Fouchères,89150,442,11.0,TransakAuto,Agence SENS,1
Bérigny,50810,442,11.4,TransakAuto,Agence SAINT-LO,1
Chalagnac,24380,442,11.7,TransakAuto,Agence PERIGUEUX,1
Saint-Christophe-en-Bourbonnais,03120,442,12.3,Simplicicar,vichy,1
Crazannes,17350,442,12.6,TransakAuto,Agence SAINTES,1
Suarce,90100,442,17.3,AgenceAuto,belfort,1
Lahoussoye,80800,442,17.9,TransakAuto,Agence AMIENS,2
Césarches,73200,441,6.0,TransakAuto,Agence ALBERTVILLE,1
Abancourt,59268,441,7.0,TransakAuto,Agence CAMBRAI,2
Boismont,80230,441,11.8,TransakAuto,Agence ABBEVILLE,1
Bantouzelle,59266,441,13.1,TransakAuto,Agence CAMBRAI,1
Antoigné,49260,441,16.7,TransakAuto,Agence SAUMUR,1
Saint-Christophe-à-Berry,02290,441,17.6,Simplicicar,soissons,1
Gornac,33540,441,18.4,TransakAuto,Agence LANGON,1
Sauteyrargues,34270,441,18.4,AgenceAuto,montpellier-est,1
Caille,06750,441,18.5,TransakAuto,Agence GRASSE,1
Caubiac,31480,441,19.4,AgenceAuto,toulouse-fontenilles,2
Pinas,65300,441,19.5,Simplicicar,https://www.simplicicar.com/content/170-oncession-st-gaudens,1
Asques,33240,440,6.5,AgenceAuto,bordeaux-rive-droite,4
Wavrechain-sous-Faulx,59111,440,10.8,TransakAuto,Agence CAMBRAI,3
Saint-André-du-Bois,33490,440,14.6,TransakAuto,Agence LANGON,1
Cesseville,27110,440,14.9,TransakAuto,Agence ELBEUF,1
Fresne-Léguillon,60240,440,15.6,TransakAuto,Agence GISORS,1
Valvignères,07400,440,15.8,TransakAuto,Agence MONTELIMAR,1
Hauteville-la-Guichard,50570,440,15.9,TransakAuto,Agence SAINT-LO,1
Belmesnil,76590,440,16.8,AgenceAuto,yerville,2
Anthelupt,54110,440,17.4,AgenceAuto,nancy,3
Tuzaguet,65150,440,19.0,Simplicicar,https://www.simplicicar.com/content/170-oncession-st-gaudens,1
Domèvre-sur-Avière,88390,439,3.4,TransakAuto,Agence EPINAL,2
Saint-Rustice,31620,439,4.8,TransakAuto,Agence FRONTON,2
Saint-Germain-la-Poterie,60650,439,9.4,TransakAuto,Agence BEAUVAIS,2
Martignargues,30360,439,10.2,TransakAuto,Agence ALES,1
Jonquières,81440,439,10.6,TransakAuto,Agence CASTRES,1
Potelle,59530,439,18.1,AgenceAuto,valenciennes,1
Saint-Macaire-du-Bois,49260,439,18.2,TransakAuto,Agence SAUMUR,1
Les Sièges,89190,439,18.6,TransakAuto,Agence SENS,1
Usclas-d'Hérault,34230,439,19.1,TransakAuto,Agence SETE,1
Saint-Agne,24520,438,6.4,TransakAuto,Agence BERGERAC,1
Écurat,17810,438,6.5,TransakAuto,Agence SAINTES,1
Sauchy-Lestrée,62860,438,9.9,TransakAuto,Agence CAMBRAI,2
Cravent,78270,438,12.1,Simplicicar,vernon,3
Grainville-sur-Ry,76116,438,13.8,TransakAuto,Agence ROUEN,1
Beaumont-les-Autels,28480,438,14.4,AgenceAuto,nogent-le-rotrou,1
Laissey,25820,438,17.4,TransakAuto,Agence BESANCON,1
Brousse,81440,438,18.2,TransakAuto,Agence CASTRES,1
Thieux,60480,438,18.8,TransakAuto,Agence BEAUVAIS,1
Chanac-les-Mines,19150,437,4.4,AgenceAuto,tulle,1
Hegeney,67360,437,7.0,TransakAuto,Agence HAGUENAU,1
La Roque-sur-Pernes,84210,437,8.8,TransakAuto,Agence L&rsquo;ISLE SUR LA SORGUE,1
Boissettes,77350,437,11.3,TransakAuto,Agence LIEUSAINT,2
Beine,89800,437,12.6,TransakAuto,Agence AUXERRE,1
Crèvecœur-en-Brie,77610,437,13.7,AgenceAuto,gretz-armainvilliers,2
Issac,24400,437,19.6,TransakAuto,Agence BERGERAC,1
Rancenay,25320,436,3.8,Simplicicar,caen,4
Saint-Martin,65360,436,5.3,TransakAuto,Agence TARBES,1
Tallenay,25870,436,6.3,TransakAuto,Agence BESANCON,4
Cuissai,61250,436,7.0,TransakAuto,Agence ALENCON,1
Bois-Himont,76190,436,8.5,TransakAuto,Agence YVETOT,2
Boussières-en-Cambrésis,59217,436,9.9,TransakAuto,Agence CAMBRAI,1
Beutin,62170,436,11.1,TransakAuto,Agence LE TOUQUET,1
Gendrey,39350,436,11.4,Simplicicar,besancon,4
Saint-Forget,78720,436,12.1,TransakAuto,Agence LES CLAYES SOUS BOIS,4
Sens-sur-Seille,71330,436,14.5,AgenceAuto,louhans,2
Saint-Samson-de-la-Roque,27680,436,19.2,TransakAuto,Agence LE HAVRE,1
Béthemont-la-Forêt,95840,435,3.8,AgenceAuto,la-croix-verte,7
Mesnil-Saint-Laurent,02720,435,5.3,TransakAuto,Agence SAINT-QUENTIN,2
Bérus,72610,435,6.4,TransakAuto,Agence ALENCON,1
Vergetot,76280,435,12.1,TransakAuto,Agence LE HAVRE,1
Mulhausen,67350,435,15.3,TransakAuto,Agence HAGUENAU,1
Cressonsacq,60190,435,15.6,TransakAuto,Agence COMPIEGNE,2
Saint-Lézer,65500,435,16.2,TransakAuto,Agence TARBES,1
Pleure,39120,435,18.9,AgenceAuto,dole,1
Aibre,25750,434,6.1,AgenceAuto,hericourt,4
Colombier,70000,434,6.6,AgenceAuto,vesoul,1
Oneux,80135,434,10.6,TransakAuto,Agence ABBEVILLE,1
Chiroubles,69115,434,13.0,TransakAuto,Agence MACON,1
Baralle,62860,434,13.3,TransakAuto,Agence CAMBRAI,2
Petit-Auverné,44670,434,13.4,TransakAuto,Agence CHATEAUBRIANT,1
Pardies-Piétat,64800,434,14.3,TransakAuto,Agence PAU,2
Cametours,50570,434,14.5,TransakAuto,Agence SAINT-LO,1
Barbonville,54360,434,15.2,TransakAuto,Agence NANCY,3
Saint-Germain-de-Salles,03140,434,16.7,Simplicicar,vichy,1
Branches,89113,434,17.2,TransakAuto,Agence AUXERRE,1
Treignat,03380,434,19.5,TransakAuto,Agence MONTLUCON,1
Biarne,39290,433,7.5,AgenceAuto,dole,1
Froidefontaine,90140,433,8.9,AgenceAuto,belfort,4
Lugaignac,33420,433,11.0,TransakAuto,Agence LIBOURNE,1
Dangers,28190,433,12.1,TransakAuto,Agence CHARTRES,1
Chézery-Forens,01200,433,12.2,TransakAuto,Agence GEX,2
Waville,54890,433,15.1,TransakAuto,Agence METZ,1
Usinens,74910,433,19.2,TransakAuto,Agence ANNECY,1
Barbuise,10400,433,19.5,TransakAuto,Agence PROVINS,1
Lagarde,31290,432,6.6,TransakAuto,Agence VILLEFRANCHE-DE-LAURAGAIS,1
Phaffans,90150,432,8.5,AgenceAuto,belfort,2
Lesdain,59258,432,10.2,TransakAuto,Agence CAMBRAI,1
Bréançon,95640,432,10.4,AgenceAuto,cergy-pontoise,3
Laperrière-sur-Saône,21170,432,11.3,AgenceAuto,dole,1
Saint-Victeur,72130,432,13.0,TransakAuto,Agence ALENCON,1
Bessamorel,43200,432,13.0,Simplicicar,puy-en-velay,1
Pluvet,21110,432,18.4,TransakAuto,Agence DIJON,2
Cavagnac,46110,432,18.5,TransakAuto,Agence BRIVE-LA-GAILLARDE,2
Saint-Cyr-la-Campagne,27370,431,6.8,TransakAuto,Agence ELBEUF,1
Bousse,72270,431,7.6,Simplicicar,la-fleche,1
Étalleville,76560,431,8.7,AgenceAuto,yerville,2
Puygiron,26160,431,9.6,TransakAuto,Agence MONTELIMAR,1
Bernot,02120,431,14.3,TransakAuto,Agence SAINT-QUENTIN,2
Étrepigney,39700,431,14.3,AgenceAuto,dole,3
Ougney,39350,431,14.3,Simplicicar,besancon,2
Wolschwiller,68480,431,15.4,TransakAuto,Agence SAINT-LOUIS,2
Norroy-le-Sec,54150,431,16.0,TransakAuto,Agence SAINT-DIZIER,1
La Flamengrie,59570,431,16.6,TransakAuto,Agence MAUBEUGE,3
Saint-Georges-de-Rex,79210,431,19.5,TransakAuto,Agence NIORT,1
Elbeuf-sur-Andelle,76780,431,19.8,TransakAuto,Agence ROUEN,1
Bouxières-sous-Froidmont,54700,430,2.1,TransakAuto,Agence METZ,1
Giverny,27620,430,4.9,Simplicicar,vernon,3
Cideville,76570,430,5.6,AgenceAuto,yerville,2
Trizay-Coutretot-Saint-Serge,28400,430,6.2,AgenceAuto,nogent-le-rotrou,1
Pommard,21630,430,6.2,Simplicicar,beaune,1
Toutens,31460,430,8.6,TransakAuto,Agence VILLEFRANCHE-DE-LAURAGAIS,1
Bucey-en-Othe,10190,430,10.9,AgenceAuto,troyes,3
Oberdorf-Spachbach,67360,430,11.4,TransakAuto,Agence HAGUENAU,1
Laneuvelotte,54280,430,12.3,AgenceAuto,nancy,3
Aillon-le-Jeune,73340,430,15.1,TransakAuto,Agence CHAMBERY,2
Faleyras,33760,430,16.0,TransakAuto,Agence LIBOURNE,1
Savigny,50210,430,18.2,TransakAuto,Agence SAINT-LO,1
Luigny,28480,430,18.4,AgenceAuto,nogent-le-rotrou,1
Lestelle-de-Saint-Martory,31360,430,18.8,Simplicicar,https://www.simplicicar.com/content/170-oncession-st-gaudens,1
Thoury,41220,430,19.1,TransakAuto,Agence BLOIS,1
Villecomtal,12580,430,19.7,AgenceAuto,rodez,1
Saint-Martin-aux-Chartrains,14130,429,4.3,TransakAuto,Agence DEAUVILLE,1
Boutervilliers,91150,429,7.0,TransakAuto,Agence ETAMPES,1
La Bénisson-Dieu,42720,429,10.7,TransakAuto,Agence ROANNE,1
Bouillancy,60620,429,12.2,TransakAuto,Agence DAMMARTIN EN GOELE,2
Challet,28300,429,14.3,TransakAuto,Agence CHARTRES,1
Amuré,79210,429,16.7,TransakAuto,Agence NIORT,1
Escou,64870,429,16.8,TransakAuto,Agence PAU,1
Eancé,35640,429,17.5,TransakAuto,Agence CHATEAUBRIANT,1
Boissay,76750,429,18.8,TransakAuto,Agence ROUEN,1
Remomeix,88100,428,1.9,AgenceAuto,saint-die-des-vosges,1
Lupcourt,54210,428,4.0,TransakAuto,Agence NANCY,3
Amange,39700,428,10.8,AgenceAuto,dole,1
Préfontaines,45490,428,13.1,TransakAuto,Agence MONTARGIS,1
Créchy,03150,428,14.2,Simplicicar,vichy,1
Avrigney-Virey,70150,428,16.5,AgenceAuto,besancon-valentin,3
Castelfranc,46140,428,16.8,TransakAuto,Agence CAHORS,1
Montaigu,39570,427,2.5,TransakAuto,Agence LONS LE SAUNIER,2
Wisembach,88520,427,9.7,AgenceAuto,saint-die-des-vosges,1
Bussières,70190,427,11.0,TransakAuto,Agence BESANCON,3
Saint-Dizier-l'Évêque,90100,427,11.3,AgenceAuto,montbeliard,4
Royas,38440,427,13.4,TransakAuto,Agence VIENNE,3
La Pérouille,36350,427,14.6,AgenceAuto,chateauroux,2
Mornand-en-Forez,42600,427,17.2,Simplicicar,moto-veauche,1
Quesnoy-sur-Airaines,80270,427,17.3,TransakAuto,Agence AMIENS,2
Lourenties,64420,427,19.0,TransakAuto,Agence TARBES,2
Chadeleuf,63320,427,19.4,TransakAuto,Agence CLERMONT FERRAND SUD,1
Lesgor,40400,427,19.5,AgenceAuto,dax,1
Perpezac-le-Blanc,19310,427,19.9,TransakAuto,Agence BRIVE-LA-GAILLARDE,1
La Jard,17460,426,11.6,TransakAuto,Agence SAINTES,1
Luquet,65320,426,14.7,TransakAuto,Agence TARBES,1
Sanry-sur-Nied,57530,426,15.5,AgenceAuto,metz,1
Iville,27110,426,17.1,TransakAuto,Agence ELBEUF,1
Blajan,31350,426,19.0,Simplicicar,https://www.simplicicar.com/content/170-oncession-st-gaudens,1
Chichery,89400,426,19.5,TransakAuto,Agence AUXERRE,1
Montagny-Sainte-Félicité,60950,425,4.0,TransakAuto,Agence DAMMARTIN EN GOELE,2
Herrin,59147,425,6.0,AgenceAuto,lille-seclin,6
Bovelles,80540,425,7.2,AgenceAuto,amiens,2
Corcelles-les-Arts,21190,425,10.3,Simplicicar,beaune,3
Corberon,21250,425,10.6,Simplicicar,beaune,1
Broxeele,59470,425,10.9,Simplicicar,saint-omer,2
Castandet,40270,425,13.3,TransakAuto,Agence MONT DE MARSAN,1
Bibiche,57320,425,15.0,TransakAuto,"Agence BRUXELLES, BELGIQUE",1
Oussoy-en-Gâtinais,45290,425,15.0,TransakAuto,Agence MONTARGIS,1
Les Fosses,79360,425,17.1,TransakAuto,Agence NIORT,1
Bonnevent-Velloreille,70700,425,17.2,AgenceAuto,besancon-valentin,2
Botsorhel,29650,425,17.9,TransakAuto,Agence MORLAIX,1
Dallon,02680,424,3.2,AgenceAuto,saint-quentin,2
Saint-Nicolas-de-la-Balerme,47220,424,8.5,TransakAuto,Agence AGEN,1
Agincourt,54770,424,10.4,Simplicicar,nancy,3
Bouxwiller,68480,424,16.0,TransakAuto,Agence SAINT-LOUIS,2
Neufchâtel-sur-Aisne,02190,424,16.4,TransakAuto,Agence REIMS,1
Saint-Christophe-et-le-Laris,26350,424,18.1,TransakAuto,Agence ROMANS SUR ISERE,1
Cantaous,65150,424,19.2,Simplicicar,https://www.simplicicar.com/content/170-oncession-st-gaudens,1
Saint-Désiré,03370,424,19.5,TransakAuto,Agence MONTLUCON,1
Simacourbe,64350,424,19.6,Simplicicar,pau,1
Rambaud,05000,423,2.2,TransakAuto,Agence GAP,1
Saint-Pierre-la-Bruyère,61340,423,4.2,AgenceAuto,nogent-le-rotrou,1
Rosnay,51390,423,8.9,Simplicicar,reims,2
Nernier,74140,423,10.9,TransakAuto,Agence THONON-LES-BAINS,3
Sandarville,28120,423,12.1,TransakAuto,Agence CHARTRES,1
Sainte-Colombe,33350,423,12.9,TransakAuto,Agence LIBOURNE,1
Nogent-le-Sec,27190,423,13.8,TransakAuto,Agence EVREUX,2
Cheminas,07300,423,14.4,TransakAuto,Agence DAVEZIEUX,1
Thurey,71440,423,14.4,AgenceAuto,louhans,2
Bouconvillers,60240,423,15.2,TransakAuto,Agence GISORS,3
Escout,64870,423,17.4,TransakAuto,Agence PAU,1
Maraye-en-Othe,10160,423,18.2,AgenceAuto,troyes,1
Lihus,60360,423,18.8,TransakAuto,Agence BEAUVAIS,1
Chamblay,39380,423,18.8,AgenceAuto,dole,1
Saint-Barthélemy-de-Séchilienne,38220,423,19.1,TransakAuto,Agence GRENOBLE OUEST,1
Bassy,74910,423,19.6,TransakAuto,Agence ANNECY,1
Tréclun,21130,423,19.7,AgenceAuto,dole,1
Engins,38360,422,6.3,TransakAuto,Agence GRENOBLE OUEST,1
Hochstett,67170,422,7.5,TransakAuto,Agence HAGUENAU,3
Montbouton,90500,422,8.3,AgenceAuto,montbeliard,4
Bazarnes,89460,422,9.2,TransakAuto,Agence AUXERRE,1
Lebetain,90100,422,11.6,AgenceAuto,montbeliard,4
Burdignes,42220,422,11.8,TransakAuto,Agence DAVEZIEUX,1
Musièges,74270,422,12.8,TransakAuto,Agence ANNECY,3
Croisilles,28210,422,12.8,TransakAuto,Agence DREUX,1
Le Bourg-Dun,76740,422,15.5,TransakAuto,Agence DIEPPE,1
Gageac-et-Rouillac,24240,422,15.7,TransakAuto,Agence BERGERAC,1
Saint-Martin-sur-Lavezon,07400,422,18.1,TransakAuto,Agence MONTELIMAR,1
Saint-Pierre-de-Semilly,50810,421,6.8,TransakAuto,Agence SAINT-LO,1
Tigeaux,77163,421,11.4,AgenceAuto,chessy,3
Bas-Mauco,40500,421,12.0,TransakAuto,Agence MONT DE MARSAN,1
Triembach-au-Val,67220,421,12.1,AgenceAuto,selestat,1
Saint-Julien-de-la-Liègue,27600,421,14.4,Simplicicar,vernon,3
Valdieu-Lutran,68210,421,14.8,AgenceAuto,belfort,1
Les Étangs,57530,421,14.9,AgenceAuto,metz,1
La Chapelle-Saint-Fray,72240,421,15.3,TransakAuto,Agence LE MANS,1
Cagnicourt,62182,421,16.5,TransakAuto,Agence ARRAS,4
Cesny-aux-Vignes,14270,421,16.8,TransakAuto,Agence CAEN,1
Vyans-le-Val,70400,420,3.6,AgenceAuto,hericourt,4
Audeux,25170,420,5.5,AgenceAuto,besancon-valentin,4
Mareil-le-Guyon,78490,420,10.6,TransakAuto,Agence LES CLAYES SOUS BOIS,4
Cère,40090,420,12.4,TransakAuto,Agence MONT DE MARSAN,1
Obermorschwihr,68420,420,13.4,Simplicicar,colmar,1
Houville-la-Branche,28700,420,13.5,TransakAuto,Agence CHARTRES,1
Chambeire,21110,420,15.1,TransakAuto,Agence DIJON,3
Puycasquier,32120,420,16.4,TransakAuto,Agence AUCH,1
Quernes,62120,420,16.8,Simplicicar,saint-omer,2
Courbouzon,41500,420,17.0,TransakAuto,Agence BLOIS,1
Saint-Albin-de-Vaulserre,38480,420,18.3,Simplicicar,aix-les-bains,2
Concots,46260,420,19.4,TransakAuto,Agence CAHORS,1
Cazouls-d'Hérault,34120,420,19.6,TransakAuto,Agence SETE,1
Saint-Pierre-Lafeuille,46090,419,5.2,TransakAuto,Agence CAHORS,1
Carville-la-Folletière,76190,419,7.2,TransakAuto,Agence YVETOT,2
Camiran,33190,419,11.4,TransakAuto,Agence LANGON,1
Monceau-Saint-Waast,59620,419,13.6,TransakAuto,Agence MAUBEUGE,1
Villey-le-Sec,54840,419,14.8,Simplicicar,nancy,3
Mennessis,02700,419,16.3,AgenceAuto,saint-quentin,2
Sorans-lès-Breurey,70190,419,17.0,TransakAuto,Agence BESANCON,2
Lugan,81500,419,18.7,AgenceAuto,toulouse-nord,1
Martres-de-Rivière,31210,418,2.8,Simplicicar,https://www.simplicicar.com/content/170-oncession-st-gaudens,1
Oppy,62580,418,8.6,Simplicicar,arras,4
Hargeville,78790,418,9.0,AgenceAuto,epone,4
Montigné-lès-Rairies,49430,418,12.2,Simplicicar,la-fleche,1
Villers-Saint-Christophe,02590,418,14.5,AgenceAuto,saint-quentin,2
Yville-sur-Seine,76530,418,15.9,TransakAuto,Agence ELBEUF,2
Genouilly,71460,418,15.9,AgenceAuto,montceau-les-mines,1
Volpajola,20290,418,16.5,TransakAuto,Agence BASTIA,1
Cauna,40500,418,17.3,TransakAuto,Agence MONT DE MARSAN,1
Goviller,54330,418,17.9,TransakAuto,Agence NANCY,3
Saint-Julia,31540,418,18.8,TransakAuto,Agence VILLEFRANCHE-DE-LAURAGAIS,1
Saint-Sulpice,58270,418,18.8,AgenceAuto,nevers,1
Saint-Germain-de-Tournebut,50700,418,19.2,TransakAuto,Agence CHERBOURG-EN-COTENTIN,1
Landigou,61100,417,7.7,TransakAuto,Agence FLERS,1
Quemperven,22450,417,8.0,AgenceAuto,lannion,2
Vignemont,60162,417,9.8,TransakAuto,Agence COMPIEGNE,2
Chevigny-en-Valière,21200,417,9.8,Simplicicar,beaune,1
Sainte-Croix,81150,417,10.2,TransakAuto,Agence ALBI,1
Berjou,61430,417,10.9,TransakAuto,Agence FLERS,1
Aguilcourt,02190,417,12.2,TransakAuto,Agence REIMS,2
Auxelles-Bas,90200,417,14.0,AgenceAuto,belfort,2
Bavincourt,62158,417,18.4,TransakAuto,Agence ARRAS,2
Lempty,63190,417,18.7,TransakAuto,Agence CLERMONT FERRAND SUD,1
Dompierre-sur-Authie,80150,417,19.4,TransakAuto,Agence ABBEVILLE,1
Séranvillers-Forenville,59400,416,5.9,TransakAuto,Agence CAMBRAI,1
Mont-l'Évêque,60300,416,8.7,AgenceAuto,senlis,4
Saint-Jean-de-Savigny,50680,416,12.1,TransakAuto,Agence SAINT-LO,1
Escoubès,64160,416,12.4,Simplicicar,pau,2
Agencourt,21700,416,14.4,Simplicicar,beaune,1
Villefrancœur,41330,416,15.2,TransakAuto,Agence BLOIS,1
Époye,51490,416,15.3,TransakAuto,Agence REIMS,2
Espirat,63160,416,16.9,TransakAuto,Agence CLERMONT FERRAND SUD,1
Reux,14130,415,3.8,TransakAuto,Agence DEAUVILLE,1
Avançon,05230,415,7.1,TransakAuto,Agence GAP,1
La Chapelle-Bâton,79220,415,10.6,TransakAuto,"Agence NAMUR, BELGIQUE",2
Jarménil,88550,415,12.1,AgenceAuto,epinal,2
Saint-Sornin,17600,415,12.5,Simplicicar,royan,1
Montoulieu,09000,415,17.9,Simplicicar,pamiers,1
Parassy,18220,415,18.2,TransakAuto,Agence BOURGES,1
Vars-sur-Roseix,19130,415,18.3,TransakAuto,Agence BRIVE-LA-GAILLARDE,2
Aigleville,27120,414,10.9,Simplicicar,vernon,5
Courgent,78790,414,11.5,TransakAuto,Agence MANTES-LA-JOLIE,2
Vaudricourt,80230,414,13.2,TransakAuto,"Agence MONS, BELGIQUE",1
Tamniès,24620,414,13.8,TransakAuto,Agence SARLAT,1
Saint-Seurin-de-Bourg,33710,414,16.8,TransakAuto,Agence BORDEAUX RIVE DROITE,2
Broin,21250,414,18.8,Simplicicar,beaune,1
Marchezais,28410,413,12.0,TransakAuto,Agence DREUX,1
Osmoy,78910,413,13.0,AgenceAuto,epone,3
Saint-Ganton,35550,413,14.8,TransakAuto,Agence REDON,1
Neuil,37190,413,16.3,Simplicicar,tours,1
Cenne-Monestiés,11170,413,19.2,TransakAuto,Agence CARCASSONNE,2
Douville-sur-Andelle,27380,413,19.7,TransakAuto,Agence ELBEUF,1
Ménetreuil,71470,412,9.3,AgenceAuto,louhans,1
Saint-Romain-le-Noble,47270,412,10.9,TransakAuto,Agence AGEN,1
Saint-Barthélemy,40390,412,12.0,TransakAuto,Agence CAPBRETON,3
Morangles,60530,412,12.2,Simplicicar,st-maximin,4
Flacey-en-Bresse,71580,412,13.0,AgenceAuto,louhans,3
Laval-en-Brie,77148,412,13.4,TransakAuto,Agence FONTAINEBLEAU,1
Bercenay-en-Othe,10190,412,13.5,AgenceAuto,troyes,3
Vassonville,76890,412,14.6,AgenceAuto,yerville,1
Duvy,60800,412,16.9,TransakAuto,Agence DAMMARTIN EN GOELE,3
Plaisance,24560,412,17.4,TransakAuto,Agence BERGERAC,1
Cuchery,51480,412,17.5,Simplicicar,reims,1
Le Faouët,22290,412,18.9,TransakAuto,Agence BEGARD,1
Camboulazet,12160,412,19.2,TransakAuto,Agence RODEZ,3
Ève,60330,411,2.9,TransakAuto,Agence DAMMARTIN EN GOELE,2
Azelot,54210,411,6.0,TransakAuto,Agence NANCY,3
Châtenois,39700,411,8.7,AgenceAuto,dole,1
Dommartin-aux-Bois,88390,411,10.6,TransakAuto,Agence EPINAL,2
Meuilley,21700,411,13.0,Simplicicar,beaune,1
Frichemesnil,76690,411,16.3,TransakAuto,Agence ROUEN,2
Combre,42840,411,17.3,TransakAuto,Agence ROANNE,1
Cantaing-sur-Escaut,59267,410,6.5,TransakAuto,Agence CAMBRAI,1
Saint-Momelin,59143,410,7.8,Simplicicar,saint-omer,1
Saint-Bonnet-l'Enfantier,19410,410,14.3,TransakAuto,Agence BRIVE-LA-GAILLARDE,3
Burey,27190,410,15.6,TransakAuto,Agence EVREUX,2
Jarnosse,42460,410,15.7,TransakAuto,Agence ROANNE,1
Cremps,46230,410,15.9,TransakAuto,Agence CAHORS,1
Saint-Front,43550,410,16.7,Simplicicar,puy-en-velay,1
Maizeroy,57530,410,17.1,AgenceAuto,metz,1
Martainneville,80140,410,17.2,TransakAuto,Agence ABBEVILLE,1
Bonnevaux,25560,410,17.6,Simplicicar,pontarlier,2
Saint-Georges-d'Hurtières,73220,410,17.9,TransakAuto,Agence ALBERTVILLE,1
Domèvre-en-Haye,54385,410,19.0,TransakAuto,Agence METZ,1
Pézarches,77131,410,19.0,AgenceAuto,gretz-armainvilliers,1
Sailly-lez-Cambrai,59554,409,4.8,TransakAuto,Agence CAMBRAI,1
Roussas,26230,409,6.3,TransakAuto,Agence MONTELIMAR,2
La Rivière,33126,409,8.1,TransakAuto,Agence LIBOURNE,3
Cenves,69840,409,10.1,TransakAuto,Agence MACON,1
Nothalten,67680,409,10.3,AgenceAuto,selestat,1
Obermorschwiller,68130,409,10.6,AgenceAuto,mulhouse-sud,4
Saint-Bonnet-lès-Allier,63800,409,10.8,TransakAuto,Agence CLERMONT FERRAND SUD,1
Villesèque,46090,409,12.4,TransakAuto,Agence CAHORS,1
Saint-Christophe-du-Foc,50340,409,12.8,TransakAuto,Agence CHERBOURG-EN-COTENTIN,1
Fains,27120,409,12.9,Simplicicar,vernon,3
Saint-André-le-Bouchoux,01240,409,13.0,AgenceAuto,bourg-en-bresse,2
La Trinité-de-Thouberville,27310,409,13.2,TransakAuto,Agence ELBEUF,1
Gurunhuel,22390,409,14.7,TransakAuto,Agence BEGARD,1
Saudemont,62860,409,14.9,TransakAuto,Agence DOUAI,4
Prunay-le-Temple,78910,409,15.4,AgenceAuto,epone,2
Saint-Gein,40190,409,15.8,TransakAuto,Agence MONT DE MARSAN,1
Saint-Geours-d'Auribat,40380,409,16.4,TransakAuto,Agence DAX,2
Archignac,24590,409,17.3,TransakAuto,Agence SARLAT,1
Trémel,22310,409,17.6,TransakAuto,Agence MORLAIX,2
Ciral,61320,409,17.8,TransakAuto,Agence ALENCON,1
Précilhon,64400,409,18.1,TransakAuto,Agence PAU,1
Maixe,54370,409,18.3,AgenceAuto,nancy,3
Audon,40400,409,19.6,TransakAuto,Agence DAX,1
Chieulles,57070,408,4.4,AgenceAuto,metz,2
Guémappe,62128,408,7.8,TransakAuto,Agence ARRAS,4
Verrières,61110,408,9.1,AgenceAuto,nogent-le-rotrou,1
Antheuil-Portes,60162,408,10.9,TransakAuto,Agence COMPIEGNE,2
Gandelain,61420,408,12.7,TransakAuto,Agence ALENCON,1
Montsoreau,49730,408,13.1,TransakAuto,Agence SAUMUR,1
Saint-Nicolas-de-la-Haie,76490,408,13.9,TransakAuto,Agence YVETOT,1
Vallant-Saint-Georges,10170,408,14.0,TransakAuto,Agence TROYES,2
Estrées,02420,408,14.1,TransakAuto,Agence SAINT-QUENTIN,2
Bailleul-lès-Pernes,62550,408,14.3,TransakAuto,Agence BETHUNE,1
Clergoux,19320,408,15.1,AgenceAuto,tulle,1
Montaner,64460,408,15.7,TransakAuto,Agence TARBES,1
Achy,60690,408,16.6,TransakAuto,Agence BEAUVAIS,2
Chauffour-sur-Vell,19500,408,18.7,Simplicicar,brive,2
Saint-Gérand-de-Vaux,03340,408,18.8,TransakAuto,Agence MOULINS,1
Saint-Régis-du-Coin,42660,408,19.2,TransakAuto,Agence DAVEZIEUX,2
Lieusaint,50700,408,19.8,TransakAuto,Agence CHERBOURG-EN-COTENTIN,1
Puybarban,33190,407,2.8,TransakAuto,Agence LANGON,1
Ville-Dommange,51390,407,5.8,Simplicicar,reims,2
Saint-Seine-en-Bâche,21130,407,9.8,AgenceAuto,dole,1
Campsegret,24140,407,10.2,TransakAuto,Agence BERGERAC,1
Madonne-et-Lamerey,88270,407,12.8,TransakAuto,Agence EPINAL,2
Lemainville,54740,407,12.8,TransakAuto,Agence NANCY,3
Ransart,62173,407,13.3,TransakAuto,Agence ARRAS,2
Bréchaumont,68210,407,16.0,AgenceAuto,belfort,2
Villereau,45170,407,16.6,TransakAuto,Agence ORLEANS,1
Schillersdorf,67340,407,16.7,TransakAuto,Agence HAGUENAU,1
Le Châtenet-en-Dognon,87400,407,18.0,TransakAuto,Agence LIMOGES,1
Saussignac,24240,407,19.0,TransakAuto,Agence BERGERAC,1
Fouquenies,60000,406,5.8,TransakAuto,Agence BEAUVAIS,2
Lurcy,01090,406,8.5,TransakAuto,Agence VILLEFRANCHE SUR SAONE,3
Hugleville-en-Caux,76570,406,9.2,AgenceAuto,yerville,3
Breuville,50260,406,11.8,TransakAuto,Agence CHERBOURG-EN-COTENTIN,1
Puygros,73190,406,11.9,TransakAuto,Agence CHAMBERY,2
Gommersdorf,68210,406,15.8,AgenceAuto,mulhouse-sud,1
Sedzère,64160,406,16.2,Simplicicar,pau,2
Martigny-le-Comte,71220,406,16.3,AgenceAuto,montceau-les-mines,1
Artannes-sur-Thouet,49260,405,3.1,TransakAuto,Agence SAUMUR,1
Laire,25550,405,4.1,AgenceAuto,hericourt,4
Noironte,25170,405,6.4,AgenceAuto,besancon-valentin,4
Gimouille,58470,405,6.8,AgenceAuto,nevers,1
Martigny,76880,405,7.6,TransakAuto,Agence DIEPPE,1
Anneville-sur-Scie,76590,405,8.7,TransakAuto,Agence DIEPPE,1
Caignac,31560,405,9.8,TransakAuto,Agence VILLEFRANCHE-DE-LAURAGAIS,1
Villers-la-Faye,21700,405,9.8,Simplicicar,beaune,1
La Lande-Saint-Léger,27210,405,9.9,TransakAuto,Agence DEAUVILLE,1
La Vieille-Loye,39380,405,10.6,AgenceAuto,dole,1
La Croisille,27190,405,13.3,TransakAuto,Agence EVREUX,2
Saint-Jean-de-Bonneval,10320,405,13.5,AgenceAuto,troyes,2
Floure,11800,405,14.4,Simplicicar,carcassonne,2
Saint-Jean-de-Lier,40380,405,15.3,TransakAuto,Agence DAX,2
Eteimbes,68210,405,17.4,AgenceAuto,belfort,2
Saint-Lactencin,36500,405,17.5,AgenceAuto,chateauroux,2
Trézilidé,29440,405,17.5,TransakAuto,Agence MORLAIX,1
Brouvelieures,88600,405,18.9,AgenceAuto,saint-die-des-vosges,1
Maurois,59980,405,19.6,TransakAuto,Agence CAMBRAI,1
Ladignac-sur-Rondelles,19150,404,5.3,AgenceAuto,tulle,1
Pacé,61250,404,6.4,TransakAuto,Agence ALENCON,1
Olivet,53410,404,10.7,TransakAuto,Agence LAVAL,1
Avrigny,60190,404,14.1,AgenceAuto,senlis,5
Remigny,71150,404,14.2,TransakAuto,Agence CHALON-SUR-SAONE,2
Le Plessis-Hébert,27120,404,14.2,Simplicicar,evreux,3
Jeu-les-Bois,36120,404,15.4,TransakAuto,Agence CHATEAUROUX,2
Hailles,80440,404,16.0,AgenceAuto,amiens,1
Umpeau,28700,404,16.1,TransakAuto,Agence CHARTRES,1
Fals,47220,403,2.8,TransakAuto,Agence AGEN,1
Lamotte-du-Rhône,84840,403,10.1,TransakAuto,Agence BOLLENE,1
Houdreville,54330,403,13.6,TransakAuto,Agence NANCY,3
Borne,43350,403,13.7,Simplicicar,puy-en-velay,1
Saint-Martin-de-Villereglan,11300,403,14.4,Simplicicar,carcassonne,2
Bazinval,76340,403,17.1,TransakAuto,"Agence MONS, BELGIQUE",1
Estivaux,19410,403,17.4,TransakAuto,Agence BRIVE-LA-GAILLARDE,2
Villebichot,21700,403,18.3,Simplicicar,beaune,2
Domart-sur-la-Luce,80110,403,18.8,AgenceAuto,amiens,1
Brinckheim,68870,402,7.2,AgenceAuto,saint-louis,4
Évry,89140,402,7.3,TransakAuto,Agence SENS,1
La Vancelle,67730,402,10.0,AgenceAuto,selestat,2
Audes,03190,402,11.4,TransakAuto,Agence MONTLUCON,1
Lespesses,62190,402,13.1,TransakAuto,Agence BETHUNE,1
Villeneuve-sur-Cher,18400,402,15.4,TransakAuto,Agence BOURGES,1
Cohiniac,22800,402,16.3,AgenceAuto,saint-brieuc,2
Saint-Vincent,64800,402,18.1,TransakAuto,Agence TARBES,1
Saint-Hilaire,91780,401,4.5,TransakAuto,Agence ETAMPES,1
Le Vaumain,60590,401,9.0,TransakAuto,Agence GISORS,2
Sancy,77580,401,10.5,TransakAuto,Agence MEAUX,2
Le Châtellier,61450,401,10.9,TransakAuto,Agence FLERS,1
Rodern,68590,401,11.2,AgenceAuto,selestat,2
Les Grandes-Chapelles,10170,401,13.4,TransakAuto,Agence TROYES,3
Authieux-Ratiéville,76690,401,13.8,TransakAuto,Agence ROUEN,1
La Salle,88470,401,14.4,AgenceAuto,saint-die-des-vosges,1
Escoire,24420,401,15.1,TransakAuto,Agence PERIGUEUX,1
Lanarvily,29260,401,15.7,TransakAuto,Agence BREST,3
Aubinges,18220,401,19.8,TransakAuto,Agence BOURGES,1
Salsigne,11600,400,13.3,TransakAuto,Agence CARCASSONNE,2
Frévin-Capelle,62690,400,13.5,Simplicicar,arras,4
Cazats,33430,400,14.7,TransakAuto,Agence LANGON,1
Aurouër,03460,400,15.7,TransakAuto,Agence MOULINS,1
Anglars-Nozac,46300,400,16.3,TransakAuto,Agence SARLAT,1
La Madeleine-Bouvet,61110,400,17.5,AgenceAuto,nogent-le-rotrou,1
Montégut-Lauragais,31540,400,18.4,TransakAuto,Agence CASTRES,1
Pavezin,42410,400,19.1,Simplicicar,vienne,2
Deuxville,54370,400,19.9,AgenceAuto,nancy,1
La Roche-Guyon,95780,399,2.0,AgenceAuto,vernon,4
Hautot-sur-Seine,76113,399,7.4,TransakAuto,Agence ELBEUF,2
Chèvreville,60440,399,8.8,TransakAuto,Agence DAMMARTIN EN GOELE,2
Saint-Didier-la-Forêt,03110,399,12.1,Simplicicar,vichy,1
Annepont,17350,399,12.3,TransakAuto,Agence SAINTES,1
La Chapelle,03300,399,13.8,Simplicicar,vichy,1
Saint-Élier,27190,399,14.3,TransakAuto,Agence EVREUX,2
Ectot-lès-Baons,76970,398,3.0,TransakAuto,Agence YVETOT,2
Lillemer,35111,398,5.4,AgenceAuto,saint-malo,2
Ouhans,25520,398,7.7,Simplicicar,pontarlier,2
Montbré,51500,398,8.0,Simplicicar,reims,2
Auxon,70000,398,8.5,AgenceAuto,vesoul,1
Monneren,57920,398,11.2,TransakAuto,"Agence BRUXELLES, BELGIQUE",2
Aubeterre,10150,398,11.3,Simplicicar,troyes,3
Saint-Plancard,31580,398,13.1,Simplicicar,https://www.simplicicar.com/content/170-oncession-st-gaudens,1
Garrevaques,81700,398,14.0,TransakAuto,Agence CASTRES,1
Puiseux-en-Bray,60850,398,14.2,TransakAuto,Agence GISORS,1
Castillon-de-Saint-Martory,31360,398,16.0,Simplicicar,https://www.simplicicar.com/content/170-oncession-st-gaudens,1
Estrées-lès-Crécy,80150,398,16.1,TransakAuto,Agence ABBEVILLE,1
Les Cammazes,81540,398,17.2,TransakAuto,Agence CASTRES,1
Fixem,57570,397,6.6,TransakAuto,"Agence BRUXELLES, BELGIQUE",2
Beynac-et-Cazenac,24220,397,8.5,TransakAuto,Agence SARLAT,1
Sommaing,59213,397,9.5,AgenceAuto,valenciennes,2
Quetteville,14130,397,9.8,TransakAuto,Agence DEAUVILLE,1
Chauvincourt-Provemont,27150,397,9.9,TransakAuto,Agence GISORS,2
Le Beaucet,84210,397,10.5,TransakAuto,Agence L&rsquo;ISLE SUR LA SORGUE,1
Courcelles-la-Forêt,72270,397,12.0,Simplicicar,la-fleche,1
Buigny-lès-Gamaches,80220,397,14.0,TransakAuto,"Agence MONS, BELGIQUE",1
Allèves,74540,397,15.4,AgenceAuto,annecy,2
Courbesseaux,54110,397,16.6,AgenceAuto,nancy,3
Montenoy,54760,397,17.4,Simplicicar,nancy,4
Pirajoux,01270,397,19.8,TransakAuto,Agence BOURG-EN-BRESSE,1
Ichtratzheim,67640,396,3.3,Simplicicar,strasbourg,3
Courcelles-Sapicourt,51140,396,10.1,Simplicicar,reims,2
Fislis,68480,396,12.8,TransakAuto,Agence SAINT-LOUIS,2
Ervillers,62121,396,14.0,TransakAuto,Agence ARRAS,2
Montdurausse,81630,396,14.2,AgenceAuto,montauban,1
Arcy-Sainte-Restitue,02130,396,15.5,Simplicicar,soissons,1
Saulzet,03800,396,16.1,Simplicicar,vichy,1
Thaims,17120,396,17.1,TransakAuto,Agence SAINTES,2
Helléan,56120,395,7.3,TransakAuto,Agence PLOERMEL,1
Douy-la-Ramée,77139,395,10.6,TransakAuto,Agence DAMMARTIN EN GOELE,2
Bluffy,74290,395,10.9,AgenceAuto,annecy,3
Clermont-Soubiran,47270,395,15.1,TransakAuto,Agence AGEN,1
Argens-Minervois,11200,395,19.1,Simplicicar,narbonne,2
Saint-Appolinard,38160,395,19.5,TransakAuto,Agence ROMANS SUR ISERE,1
Chailly-lès-Ennery,57365,394,10.8,AgenceAuto,metz,2
Rémy,62156,394,11.6,TransakAuto,Agence ARRAS,3
Saint-Genès-de-Lombaud,33670,394,12.2,TransakAuto,Agence CADAUJAC,3
La Versanne,42220,394,16.1,TransakAuto,Agence DAVEZIEUX,2
Hacqueville,27150,394,16.3,TransakAuto,Agence GISORS,1
Monbrun,32600,394,16.4,AgenceAuto,toulouse-fontenilles,2
Autoreille,70700,394,16.7,AgenceAuto,besancon-valentin,4
Monblanc,32130,394,17.6,AgenceAuto,toulouse-fontenilles,1
Chambornay-lès-Pin,70150,393,11.5,AgenceAuto,besancon-valentin,4
Gibel,31560,393,11.8,TransakAuto,Agence VILLEFRANCHE-DE-LAURAGAIS,1
Aumur,39410,393,12.7,AgenceAuto,dole,1
Cipières,06620,393,13.2,TransakAuto,Agence GRASSE,1
Le Puy,33580,393,16.1,TransakAuto,Agence LANGON,1
Rozoy-le-Vieil,45210,393,18.8,TransakAuto,Agence MONTARGIS,1
Cerbois,18120,393,19.7,TransakAuto,Agence BOURGES,1
Touffréville,14940,392,4.2,TransakAuto,Agence CAEN,1
Falletans,39700,392,5.4,AgenceAuto,dole,1
Saint-Germain-de-la-Rivière,33240,392,9.2,TransakAuto,Agence LIBOURNE,3
Ayn,73470,392,11.1,Simplicicar,aix-les-bains,2
Pagney,39350,392,12.3,Simplicicar,besancon,3
Tronsanges,58400,392,14.6,AgenceAuto,nevers,1
Cormolain,14240,392,15.6,TransakAuto,Agence SAINT-LO,1
Novillers,60730,392,17.8,Simplicicar,st-maximin,3
Montiers,60190,392,18.3,TransakAuto,Agence COMPIEGNE,2
Mourens,33410,392,18.4,TransakAuto,Agence LANGON,1
Senonnes,53390,392,18.8,TransakAuto,Agence CHATEAUBRIANT,1
Vaudreuille,31250,392,18.9,TransakAuto,Agence CASTRES,1
Sotteville-sur-Mer,76740,392,19.5,TransakAuto,Agence DIEPPE,1
Aubusson,61100,391,1.5,TransakAuto,Agence FLERS,1
Menoncourt,90150,391,10.4,AgenceAuto,belfort,2
Chambray,27120,391,11.2,Simplicicar,evreux,3
Saint-Césaire-de-Gauzignan,30360,391,12.0,TransakAuto,Agence ALES,1
Montsuzain,10150,391,14.6,Simplicicar,troyes,3
Saint-Vivien-de-Monségur,33580,391,15.5,TransakAuto,Agence LANGON,1
Wickersheim-Wilshausen,67270,391,16.1,TransakAuto,Agence HAGUENAU,2
Lardier-et-Valença,05110,391,17.9,TransakAuto,Agence GAP,1
Dennebrœucq,62560,391,18.8,Simplicicar,saint-omer,1
Gonneville-en-Auge,14810,390,10.0,TransakAuto,Agence CAEN,1
Damas-et-Bettegney,88270,390,11.2,TransakAuto,Agence EPINAL,2
Sauchy-Cauchy,62860,390,12.1,TransakAuto,Agence CAMBRAI,2
Villers-Plouich,59231,390,12.9,TransakAuto,Agence CAMBRAI,1
Origné,53360,390,13.5,TransakAuto,Agence LAVAL,1
Biffontaine,88430,390,13.8,AgenceAuto,saint-die-des-vosges,1
Bry,59144,390,14.4,AgenceAuto,valenciennes,3
Vendranges,42590,390,15.6,TransakAuto,Agence ROANNE,1
Saint-Maxent,80140,390,16.6,TransakAuto,Agence ABBEVILLE,1
Tassenières,39120,390,17.8,AgenceAuto,dole,1
Livilliers,95300,389,4.0,TransakAuto,Agence CERGY,5
Cesancey,39570,389,7.0,AgenceAuto,lons-le-saunier,2
Réauville,26230,389,8.5,TransakAuto,Agence MONTELIMAR,2
Vigny,57420,389,10.6,TransakAuto,Agence METZ,2
Boiry-Sainte-Rictrude,62175,389,10.8,TransakAuto,Agence ARRAS,2
Corgengoux,21250,389,11.2,Simplicicar,beaune,1
Vicq,78490,389,11.8,TransakAuto,Agence LES CLAYES SOUS BOIS,3
Bougainville,80540,389,13.6,AgenceAuto,amiens,2
Cléville,14370,389,14.9,TransakAuto,Agence CAEN,1
Venon,27110,389,15.1,TransakAuto,Agence ELBEUF,2
Frasnoy,59530,389,15.2,AgenceAuto,valenciennes,2
Rang,25250,389,17.6,TransakAuto,Agence MONTBELIARD,1
La Neuve-Grange,27150,389,18.2,TransakAuto,Agence GISORS,1
Les Lèches,24400,389,19.0,TransakAuto,Agence BERGERAC,1
Champrond-en-Perchet,28400,388,5.8,AgenceAuto,nogent-le-rotrou,1
Ambleville,95420,388,7.5,AgenceAuto,vernon,4
Le Bois-Robert,76590,388,9.6,TransakAuto,Agence DIEPPE,1
Bazicourt,60700,388,9.8,AgenceAuto,senlis,5
Saint-Vincent-de-Cosse,24220,388,10.1,TransakAuto,Agence SARLAT,1
Daubensand,67150,388,14.3,Simplicicar,strasbourg,1
Saint-Bris-des-Bois,17770,388,15.1,TransakAuto,Agence SAINTES,1
Ecquetot,27110,388,15.6,TransakAuto,Agence ELBEUF,1
Crépey,54170,388,19.0,TransakAuto,Agence NANCY,1
Noilhan,32130,388,19.5,AgenceAuto,toulouse-fontenilles,1
La Chapelle-du-Châtelard,01240,388,19.8,AgenceAuto,bourg-en-bresse,1
Monnières,39100,387,4.4,AgenceAuto,dole,1
Sauveterre-Saint-Denis,47220,387,5.8,TransakAuto,Agence AGEN,1
Coisy,80260,387,7.4,TransakAuto,Agence AMIENS,2
Barcy,77910,387,7.9,TransakAuto,Agence MEAUX,3
Saint-Jean-de-Vaux,71640,387,8.6,TransakAuto,Agence CHALON-SUR-SAONE,2
Mauchamps,91730,387,9.2,TransakAuto,Agence ETAMPES,1
Rosay,78790,387,9.9,TransakAuto,Agence MANTES-LA-JOLIE,3
Évillers,25520,387,10.2,Simplicicar,pontarlier,2
Hagen,57570,387,10.4,TransakAuto,Agence THIONVILLE,2
Journans,01250,387,12.3,TransakAuto,Agence BOURG-EN-BRESSE,2
Noueilles,31450,387,12.6,TransakAuto,Agence EAUNES,4
La Chapelle-Bayvel,27260,387,14.5,TransakAuto,Agence DEAUVILLE,1
Clermont-Savès,32600,387,15.0,AgenceAuto,toulouse-fontenilles,1
Sorbey,57580,387,15.2,AgenceAuto,metz,2
La Chapelle-Hugon,18150,387,17.9,AgenceAuto,nevers,1
Rouilly-Sacey,10220,387,18.4,Simplicicar,troyes,1
Oudry,71420,387,18.6,AgenceAuto,montceau-les-mines,1
Yzosse,40180,386,2.3,TransakAuto,Agence DAX,2
Montgueux,10300,386,4.1,AgenceAuto,troyes,3
Guignemicourt,80540,386,4.8,AgenceAuto,amiens,2
Frébuans,39570,386,5.1,AgenceAuto,lons-le-saunier,2
Lindebeuf,76760,386,5.7,AgenceAuto,yerville,2
Saint-Étienne-la-Thillaye,14950,386,6.4,TransakAuto,Agence DEAUVILLE,1
Saint-Christophe-des-Bardes,33330,386,8.3,TransakAuto,Agence LIBOURNE,1
Villemareuil,77470,386,9.7,TransakAuto,Agence MEAUX,2
Richarville,91410,386,10.8,TransakAuto,Agence ETAMPES,1
Saint-Genest,03310,386,11.0,TransakAuto,Agence MONTLUCON,1
Nougaroulet,32270,386,11.2,TransakAuto,Agence AUCH,1
Marcenat,03260,386,11.3,Simplicicar,vichy,1
Inglange,57970,386,11.7,TransakAuto,"Agence BRUXELLES, BELGIQUE",2
Villers-Saint-Genest,60620,386,12.2,TransakAuto,Agence DAMMARTIN EN GOELE,1
Rousson,89500,386,12.9,TransakAuto,Agence SENS,1
Spoy,21120,386,13.9,AgenceAuto,dijon,3
Bresnay,03210,386,14.2,TransakAuto,Agence MOULINS,1
Freulleville,76510,386,14.5,TransakAuto,Agence DIEPPE,1
Cuisia,39190,386,17.0,AgenceAuto,louhans,3
Beauvoir,89240,386,17.1,TransakAuto,Agence AUXERRE,1
Villesèque-des-Corbières,11360,386,18.7,TransakAuto,Agence NARBONNE,2
Amblans-et-Velotte,70200,386,19.9,AgenceAuto,vesoul,1
Trémoins,70400,385,5.2,AgenceAuto,hericourt,4
Guignecourt,60480,385,5.4,TransakAuto,Agence BEAUVAIS,2
Savigny-sur-Seille,71440,385,9.3,AgenceAuto,louhans,1
Liez,02700,385,16.3,AgenceAuto,saint-quentin,2
Appenans,25250,385,16.5,TransakAuto,Agence MONTBELIARD,2
Hardifort,59670,385,18.0,Simplicicar,saint-omer,1
Lurs,04700,385,18.8,TransakAuto,Agence MANOSQUE,1
Diénay,21120,385,18.9,AgenceAuto,dijon,1
Saint-Jean-de-Marcel,81350,385,19.3,TransakAuto,Agence ALBI,1
Monestier,24240,385,19.8,TransakAuto,Agence BERGERAC,1
Limans,04300,385,19.9,TransakAuto,Agence MANOSQUE,1
Oblinghem,62920,384,6.6,TransakAuto,Agence BETHUNE,1
Villeroy,89100,384,8.5,TransakAuto,Agence SENS,1
Migé,89580,384,8.6,TransakAuto,Agence AUXERRE,1
Puygaillard-de-Quercy,82800,384,8.9,AgenceAuto,montauban,1
Beauchery-Saint-Martin,77560,384,10.2,TransakAuto,Agence PROVINS,1
Vierzy,02210,384,10.9,Simplicicar,soissons,1
Saint-Cybranet,24250,384,11.0,TransakAuto,Agence SARLAT,1
Nuisement-sur-Coole,51240,384,11.7,AgenceAuto,chalons-en-champagne,1
Luplanté,28360,384,15.1,TransakAuto,Agence CHARTRES,1
Montcavrel,62170,384,17.1,TransakAuto,Agence LE TOUQUET,1
Saint-Gilles-les-Bois,22290,384,17.3,TransakAuto,Agence BEGARD,1
Thervay,39290,384,17.5,Simplicicar,besancon,2
Vitrimont,54300,384,19.6,AgenceAuto,nancy,2
Méricourt,78270,383,5.5,TransakAuto,Agence MANTES-LA-JOLIE,4
Tizac-de-Curton,33420,383,9.4,TransakAuto,Agence LIBOURNE,1
Aujols,46090,383,10.7,TransakAuto,Agence CAHORS,1
Richtolsheim,67390,383,12.0,AgenceAuto,selestat,2
Saint-Gratien,80260,383,12.4,TransakAuto,Agence AMIENS,2
Chamesol,25190,383,12.6,TransakAuto,Agence MONTBELIARD,2
Saint-Blaise,74350,383,14.6,TransakAuto,Agence ANNECY,7
Saint-Pierre-d'Entremont,73670,383,15.7,AgenceAuto,grenoble,2
Arpheuilles-Saint-Priest,03420,383,16.0,TransakAuto,Agence MONTLUCON,1
Grandvelle-et-le-Perrenot,70190,383,16.7,AgenceAuto,vesoul,1
Andouque,81350,383,16.8,TransakAuto,Agence ALBI,1
Geiswiller-Zœbersdorf,67270,383,17.3,TransakAuto,Agence HAGUENAU,1
Bolandoz,25330,383,18.3,Simplicicar,pontarlier,2
Ancretiéville-Saint-Victor,76760,382,6.5,AgenceAuto,yerville,2
Parnac,46140,382,8.5,TransakAuto,Agence CAHORS,1
Saint-Hilaire-de-la-Noaille,33190,382,8.6,TransakAuto,Agence LANGON,1
Janville,14670,382,9.3,TransakAuto,Agence CAEN,1
Boubiers,60240,382,10.0,TransakAuto,Agence GISORS,1
Saint-Julien-en-Champsaur,05500,382,12.2,TransakAuto,Agence GAP,1
Juscorps,79230,382,12.5,TransakAuto,Agence NIORT,2
Ozon,07370,382,13.2,TransakAuto,Agence DAVEZIEUX,1
Forest-Montiers,80120,382,14.2,TransakAuto,Agence ABBEVILLE,2
Reignat,63160,382,18.7,TransakAuto,Agence CLERMONT FERRAND SUD,1
Teyssode,81220,382,18.9,TransakAuto,Agence CASTRES,1
Ardiège,31210,381,3.5,Simplicicar,https://www.simplicicar.com/content/170-oncession-st-gaudens,1
Saint-Étienne-sous-Bailleul,27920,381,5.3,Simplicicar,vernon,3
Wambaix,59400,381,7.4,TransakAuto,Agence CAMBRAI,1
Souligny,10320,381,9.0,AgenceAuto,troyes,3
Knœringue,68220,381,9.9,AgenceAuto,saint-louis,2
Vinantes,77230,381,10.0,TransakAuto,Agence DAMMARTIN EN GOELE,4
Espagnac,19150,381,10.0,AgenceAuto,tulle,1
Saint-Jean-le-Comtal,32550,381,11.2,TransakAuto,Agence AUCH,1
Saint-Aubin-de-Branne,33420,381,11.7,TransakAuto,Agence LIBOURNE,1
Raze,70000,381,12.9,AgenceAuto,vesoul,1
Mondreville,78980,381,13.8,TransakAuto,Agence MANTES-LA-JOLIE,2
Vincent-Froideville,39230,381,13.9,AgenceAuto,lons-le-saunier,2
Chantrans,25330,381,17.8,Simplicicar,pontarlier,2
Maimbeville,60600,381,17.9,AgenceAuto,senlis,3
Tayrac,47270,381,18.1,TransakAuto,Agence AGEN,1
Onard,40380,381,18.2,TransakAuto,Agence DAX,2
Bouesse,36200,381,19.6,AgenceAuto,chateauroux,1
Lavigny,39210,380,5.1,TransakAuto,Agence LONS LE SAUNIER,2
Fourdrinoy,80310,380,9.4,TransakAuto,Agence AMIENS,2
Saint-Georges-d'Elle,50680,380,9.8,TransakAuto,Agence SAINT-LO,1
Ribécourt-la-Tour,59159,380,11.1,TransakAuto,Agence CAMBRAI,1
Lommerange,57650,380,14.2,TransakAuto,Agence SAINT-DIZIER,2
Livron,64530,380,14.8,TransakAuto,Agence TARBES,1
Dompierre,61700,380,15.3,TransakAuto,Agence FLERS,1
Saint-Germain-des-Essourts,76750,380,16.4,TransakAuto,Agence ROUEN,1
Eslourenties-Daban,64420,380,18.5,TransakAuto,Agence TARBES,1
Serain,02110,380,19.2,TransakAuto,Agence CAMBRAI,1
Popian,34230,380,19.9,TransakAuto,Agence SETE,1
Semallé,61250,379,7.6,TransakAuto,Agence ALENCON,1
Meslay-le-Grenet,28120,379,7.8,TransakAuto,Agence CHARTRES,1
Vienne-en-Arthies,95510,379,8.1,TransakAuto,Agence MANTES-LA-JOLIE,4
Bussac,24350,379,9.3,TransakAuto,Agence PERIGUEUX,1
Saint-Étienne-de-l'Olm,30360,379,9.7,TransakAuto,Agence ALES,1
Beaumerie-Saint-Martin,62170,379,10.6,TransakAuto,Agence LE TOUQUET,1
Saint-Martin-de-Caralp,09000,379,11.4,Simplicicar,pamiers,1
Laburgade,46230,379,13.2,TransakAuto,Agence CAHORS,1
Granges-le-Bourg,70400,379,13.5,AgenceAuto,hericourt,2
Bossendorf,67270,379,14.0,TransakAuto,Agence HAGUENAU,2
Levainville,28700,379,15.4,TransakAuto,Agence RAMBOUILLET,1
Saint-Vaast-Dieppedalle,76450,379,15.4,AgenceAuto,yerville,2
Biran,32350,379,16.1,TransakAuto,Agence AUCH,1
La Cour-Marigny,45260,379,18.5,TransakAuto,Agence MONTARGIS,1
Esparron-de-Verdon,04800,379,18.8,TransakAuto,Agence MANOSQUE,1
Courtelevant,90100,379,19.4,AgenceAuto,belfort,1
Beauvais-sur-Tescou,81630,379,19.8,AgenceAuto,montauban,1
Saint-Léger-en-Bray,60155,378,7.3,Simplicicar,beauvais,2
Canehan,76260,378,9.5,TransakAuto,"Agence MONS, BELGIQUE",2
Havernas,80670,378,9.6,TransakAuto,Agence AMIENS,2
Bellenglise,02420,378,9.7,AgenceAuto,saint-quentin,2
Fontaine-Notre-Dame,02110,378,10.3,TransakAuto,Agence SAINT-QUENTIN,2
Buzignargues,34160,378,11.3,AgenceAuto,montpellier-est,2
Goustranville,14430,378,12.8,TransakAuto,Agence CAEN,1
Montagnac-la-Crempse,24140,378,14.2,TransakAuto,Agence BERGERAC,1
Saint-Pierre-la-Noaille,42190,378,14.3,TransakAuto,Agence ROANNE,1
Arronnes,03250,378,14.9,Simplicicar,vichy,1
Bourg-Bruche,67420,378,15.3,AgenceAuto,saint-die-des-vosges,1
Liettres,62145,378,16.6,Simplicicar,saint-omer,1
Ocquerre,77440,378,17.7,TransakAuto,Agence MEAUX,1
Margival,02880,377,7.8,Simplicicar,soissons,1
Montreuil-sur-Epte,95770,377,8.7,AgenceAuto,vernon,4
Warlus,62123,377,9.9,TransakAuto,Agence ARRAS,3
Premeaux-Prissey,21700,377,10.3,Simplicicar,beaune,1
Saint-Gilles-de-Crétot,76490,377,11.8,TransakAuto,Agence YVETOT,2
Rohr,67270,377,14.3,TransakAuto,Agence STRASBOURG NORD,2
Saint-Cyprien,19130,377,18.5,TransakAuto,Agence BRIVE-LA-GAILLARDE,2
Saussay,76760,376,4.4,AgenceAuto,yerville,2
Clairy-Saulchoix,80540,376,5.1,AgenceAuto,amiens,2
Beaumont-en-Auge,14950,376,6.9,TransakAuto,Agence DEAUVILLE,1
Les Tourreilles,31210,376,10.9,Simplicicar,https://www.simplicicar.com/content/170-oncession-st-gaudens,1
Bourdon,80310,376,11.3,TransakAuto,Agence AMIENS,2
Hadancourt-le-Haut-Clocher,60240,376,11.7,TransakAuto,Agence GISORS,2
Monnerville,91930,376,14.3,TransakAuto,Agence ETAMPES,1
Saint-Philippe-d'Aiguilhe,33350,376,14.4,TransakAuto,Agence LIBOURNE,1
Dalstein,57320,376,15.4,TransakAuto,"Agence BRUXELLES, BELGIQUE",1
Saint-Aubin-les-Forges,58130,376,16.3,AgenceAuto,nevers,1
Ingenheim,67270,376,16.9,TransakAuto,Agence STRASBOURG NORD,3
Murs,84220,376,18.0,TransakAuto,Agence L&rsquo;ISLE SUR LA SORGUE,1
Fruncé,28190,376,19.6,TransakAuto,Agence CHARTRES,1
Bougy,14210,376,19.7,TransakAuto,Agence CAEN,1
Chacrise,02200,375,8.3,Simplicicar,soissons,1
Marest-sur-Matz,60490,375,11.2,TransakAuto,Agence COMPIEGNE,2
Zaessingue,68130,375,12.7,AgenceAuto,saint-louis,4
Labergement-Foigney,21110,375,13.3,TransakAuto,Agence DIJON,3
Jeandelize,54800,375,14.6,TransakAuto,Agence SAINT-DIZIER,1
Montertelot,56800,375,14.9,TransakAuto,Agence PLOERMEL,1
Morainville-Jouveaux,27260,375,18.9,TransakAuto,Agence DEAUVILLE,1
Ormoy-le-Davien,60620,375,19.3,TransakAuto,Agence DAMMARTIN EN GOELE,1
Saint-André-de-Bohon,50500,375,19.6,TransakAuto,Agence SAINT-LO,1
Crosses,18340,375,19.9,TransakAuto,Agence BOURGES,1
Crouy-Saint-Pierre,80310,374,9.9,TransakAuto,Agence AMIENS,2
Prény,54530,374,11.6,TransakAuto,Agence METZ,1
Bettainvillers,54640,374,12.8,TransakAuto,Agence SAINT-DIZIER,1
Berville,95810,374,14.4,TransakAuto,Agence CERGY,3
Hadigny-les-Verrières,88330,374,14.4,TransakAuto,Agence EPINAL,2
Coslédaà-Lube-Boast,64160,374,15.3,Simplicicar,pau,1
Saint-Martin,67220,374,15.7,AgenceAuto,selestat,1
Villenave-de-Rions,33550,374,16.2,TransakAuto,Agence CADAUJAC,1
Chambœuf,21220,374,17.3,TransakAuto,Agence DIJON,3
Camprond,50210,374,18.3,TransakAuto,Agence SAINT-LO,1
Saint-Just-sur-Dive,49260,373,6.4,TransakAuto,Agence SAUMUR,1
Parnay,49730,373,9.2,TransakAuto,Agence SAUMUR,1
Charmois-devant-Bruyères,88460,373,10.4,AgenceAuto,epinal,2
Chalou-Moulineux,91740,373,12.0,TransakAuto,Agence ETAMPES,1
Saint-Léger-les-Mélèzes,05260,373,12.4,TransakAuto,Agence GAP,1
Saint-Jacques-d'Aliermont,76510,373,13.8,TransakAuto,Agence DIEPPE,1
Châtenay,01320,373,13.8,Simplicicar,meximieux,2
La Motte-Tilly,10400,373,14.2,TransakAuto,Agence PROVINS,1
Flastroff,57320,373,14.4,TransakAuto,"Agence BRUXELLES, BELGIQUE",1
Saint-Michel-de-Chaillol,05260,373,14.7,TransakAuto,Agence GAP,1
Gatey,39120,373,15.3,AgenceAuto,dole,1
Civry-la-Forêt,78910,373,15.6,TransakAuto,Agence MANTES-LA-JOLIE,2
Bazillac,65140,373,16.9,TransakAuto,Agence TARBES,1
Chartrier-Ferrière,19600,373,17.0,TransakAuto,Agence BRIVE-LA-GAILLARDE,2
Aurières,63210,373,17.2,TransakAuto,Agence CLERMONT FERRAND SUD,1
La Gaillarde,76740,373,18.0,TransakAuto,Agence DIEPPE,2
Saint-Pompon,24170,373,18.7,TransakAuto,Agence SARLAT,1
Ratte,71500,372,6.7,AgenceAuto,louhans,2
Corancez,28630,372,7.8,TransakAuto,Agence CHARTRES,1
Saint-Étienne-du-Gué-de-l'Isle,22210,372,14.4,TransakAuto,Agence PLOERMEL,1
Osse,25360,372,14.9,TransakAuto,Agence BESANCON,1
Saint-Jean-de-Trézy,71490,372,17.8,TransakAuto,Agence CHALON-SUR-SAONE,1
Altenach,68210,372,18.6,AgenceAuto,belfort,1
Westhouse-Marmoutier,67440,372,19.6,TransakAuto,Agence STRASBOURG NORD,1
Boissières,46150,371,8.3,TransakAuto,Agence CAHORS,1
Éclans-Nenon,39700,371,8.7,AgenceAuto,dole,2
Sognolles-en-Montois,77520,371,11.6,TransakAuto,Agence PROVINS,1
Septfontaines,25270,371,12.5,Simplicicar,pontarlier,2
Diconne,71330,371,15.2,AgenceAuto,chalon-sur-saone,2
Camalès,65500,371,16.4,TransakAuto,Agence TARBES,1
Montandon,25190,371,17.0,TransakAuto,Agence MONTBELIARD,1
Digna,39190,371,17.9,AgenceAuto,louhans,1
Écurie,62223,370,4.9,Simplicicar,arras,4
Bannans,25560,370,8.3,Simplicicar,pontarlier,2
Rorschwihr,68590,370,8.5,AgenceAuto,selestat,2
Fourg,25440,370,10.9,Simplicicar,besancon,3
Bussy-lès-Daours,80800,370,13.6,TransakAuto,Agence AMIENS,2
Savouges,21910,370,15.2,TransakAuto,Agence DIJON,3
Morton,86120,370,16.0,TransakAuto,Agence SAUMUR,1
Arraye-et-Han,54760,370,17.4,TransakAuto,Agence METZ,1
Piacé,72170,370,18.7,TransakAuto,Agence ALENCON,1
Saint-Maurice-le-Vieil,89110,370,19.2,TransakAuto,Agence AUXERRE,1
Velesmes-Essarts,25410,369,2.5,Simplicicar,besancon,4
Sacy,51500,369,6.1,Simplicicar,reims,2
Saillans,33141,369,6.3,TransakAuto,Agence LIBOURNE,3
Charmois,90140,369,7.0,AgenceAuto,belfort,4
Noyen-sur-Seine,77114,369,12.8,TransakAuto,Agence PROVINS,1
Hausgauen,68130,369,14.7,AgenceAuto,mulhouse-sud,3
Monassut-Audiracq,64160,369,15.0,Simplicicar,pau,1
Charmes,03800,369,15.5,Simplicicar,vichy,1
Bousignies-sur-Roc,59149,369,16.6,TransakAuto,Agence MAUBEUGE,1
Frégouville,32490,369,17.4,AgenceAuto,toulouse-fontenilles,1
Saint-Sauveur-de-Puynormand,33660,369,18.0,TransakAuto,Agence LIBOURNE,1
Montanges,01200,369,19.6,TransakAuto,Agence GEX,2
Neufmoulin,80132,368,5.0,TransakAuto,Agence ABBEVILLE,1
Montreux-Jeune,68210,368,12.2,AgenceAuto,belfort,2
Saint-Marcet,31800,368,13.5,Simplicicar,https://www.simplicicar.com/content/170-oncession-st-gaudens,1
Villers-Brûlin,62690,368,13.6,TransakAuto,Agence BETHUNE,1
Authon-la-Plaine,91410,368,14.1,TransakAuto,Agence ETAMPES,1
Saint-Germain-le-Gaillard,28190,368,14.8,TransakAuto,Agence CHARTRES,1
Onans,25250,368,15.0,TransakAuto,Agence MONTBELIARD,3
Greuville,76810,368,16.3,AgenceAuto,yerville,2
Rouvray,89230,368,18.2,TransakAuto,Agence AUXERRE,1
Saint-Jean-lès-Buzy,55400,368,18.8,TransakAuto,Agence SAINT-DIZIER,1
Prugny,10190,367,7.1,AgenceAuto,troyes,3
Cléry,73460,367,7.5,TransakAuto,Agence ALBERTVILLE,1
Donnenheim,67170,367,9.0,TransakAuto,Agence STRASBOURG NORD,3
Envronville,76640,367,9.3,TransakAuto,Agence YVETOT,2
Gourdon,06620,367,9.6,TransakAuto,Agence GRASSE,4
Borest,60300,367,10.4,AgenceAuto,senlis,4
Cornant,89500,367,10.8,TransakAuto,Agence SENS,1
Benerville-sur-Mer,14910,367,13.0,TransakAuto,Agence DEAUVILLE,1
Gajac,33430,367,13.3,TransakAuto,Agence LANGON,1
Cosges,39140,367,13.9,AgenceAuto,lons-le-saunier,3
Auberives-en-Royans,38680,367,16.6,TransakAuto,Agence ROMANS SUR ISERE,1
Pargny-et-Filain,02000,367,17.1,Simplicicar,soissons,1
Coulobres,34290,367,17.8,TransakAuto,Agence BEZIERS,1
Le Frêche,40190,367,19.1,TransakAuto,Agence MONT DE MARSAN,1
Rigney,25640,367,19.7,TransakAuto,Agence BESANCON,1
Chalèze,25220,366,6.2,TransakAuto,Agence BESANCON,3
Ruffey-le-Château,25170,366,10.4,Simplicicar,besancon,4
Boyelles,62128,366,10.6,TransakAuto,Agence ARRAS,2
Chassey-le-Camp,71150,366,12.8,TransakAuto,Agence CHALON-SUR-SAONE,2
Firfol,14100,366,16.7,TransakAuto,Agence DEAUVILLE,1
Moutiers-au-Perche,61110,366,17.8,AgenceAuto,nogent-le-rotrou,1
Saint-Quirc,09700,366,18.7,TransakAuto,Agence EAUNES,1
Couthures-sur-Garonne,47180,365,8.7,TransakAuto,Agence LANGON,1
Pierrefitte-en-Beauvaisis,60112,365,10.1,TransakAuto,Agence BEAUVAIS,2
Amance,54770,365,15.6,AgenceAuto,nancy,3
Brousses-et-Villaret,11390,365,15.7,TransakAuto,Agence CARCASSONNE,2
Fontenoy-sur-Moselle,54840,365,15.8,Simplicicar,nancy,3
Mignavillers,70400,365,16.2,AgenceAuto,hericourt,1
Saint-Germain-sur-École,77930,365,16.5,TransakAuto,Agence LIEUSAINT,1
Sancy,54560,365,16.9,TransakAuto,Agence THIONVILLE,2
Roucy,02160,365,17.7,TransakAuto,Agence REIMS,2
Le Pescher,19190,365,18.0,Simplicicar,brive,3
Pronleroy,60190,365,18.8,TransakAuto,Agence COMPIEGNE,2
Alette,62650,365,19.0,TransakAuto,Agence LE TOUQUET,1
Conflans-sur-Loing,45700,364,6.4,TransakAuto,Agence MONTARGIS,1
Valmestroff,57970,364,9.0,TransakAuto,Agence THIONVILLE,2
Gourbera,40990,364,9.3,AgenceAuto,dax,2
Orincles,65380,364,10.2,TransakAuto,Agence TARBES,1
Coudray-au-Perche,28330,364,10.4,AgenceAuto,nogent-le-rotrou,1
Gadencourt,27120,364,13.5,Simplicicar,vernon,4
Friauville,54800,364,13.6,TransakAuto,Agence SAINT-DIZIER,1
Lixhausen,67270,364,14.2,TransakAuto,Agence HAGUENAU,2
Prayols,09000,364,15.7,Simplicicar,pamiers,1
Saint-Clément,30260,364,17.5,TransakAuto,Agence LUNEL,2
Gizay,86340,364,18.1,TransakAuto,Agence POITIERS,1
Rehaincourt,88330,364,18.3,TransakAuto,Agence EPINAL,1
Chouy,02210,364,19.0,Simplicicar,soissons,1
Levernois,21200,363,3.3,Simplicicar,beaune,1
Eswars,59161,363,4.8,TransakAuto,Agence CAMBRAI,1
Val-de-Mercy,89580,363,7.9,TransakAuto,Agence AUXERRE,1
Casseuil,33190,363,8.6,TransakAuto,Agence LANGON,1
Quintenic,22400,363,9.4,TransakAuto,Agence LAMBALLE,1
Saint-Sixte,47220,363,10.1,TransakAuto,Agence AGEN,1
Houdelmont,54330,363,11.4,TransakAuto,Agence NANCY,3
Queyrières,43260,363,11.7,Simplicicar,puy-en-velay,1
Mouthier-Haute-Pierre,25920,363,12.1,Simplicicar,pontarlier,2
Lavardens,32360,363,13.2,TransakAuto,Agence AUCH,1
Billezois,03120,363,13.5,Simplicicar,vichy,1
Châteaubleau,77370,363,14.1,TransakAuto,Agence PROVINS,1
Doudelainville,80140,363,15.3,TransakAuto,Agence ABBEVILLE,1
Saint-Point,71520,363,15.9,TransakAuto,Agence MACON,1
Lalheue,71240,363,16.2,TransakAuto,Agence CHALON-SUR-SAONE,2
Azay-sur-Indre,37310,363,19.2,Simplicicar,tours,1
Gabarnac,33410,363,19.9,TransakAuto,Agence LANGON,1
Barbaggio,20253,362,6.7,TransakAuto,Agence BASTIA,1
Visker,65200,362,8.5,TransakAuto,Agence TARBES,1
Hermeville,76280,362,10.2,TransakAuto,Agence LE HAVRE,1
Lignerolles,27220,362,11.7,TransakAuto,Agence DREUX,2
Bréchamps,28210,362,15.3,TransakAuto,Agence DREUX,1
Saint-Léger-le-Petit,18140,362,16.7,AgenceAuto,nevers,1
Villesiscle,11150,362,18.0,TransakAuto,Agence CARCASSONNE,2
La Nouaye,35137,362,18.9,TransakAuto,Agence RENNES OUEST,2
Montgaillard,81630,362,18.9,AgenceAuto,montauban,1
Aulnoy,77120,362,19.9,TransakAuto,Agence MEAUX,1
Auzouville-l'Esneval,76760,361,3.4,AgenceAuto,yerville,2
Montgeroult,95650,361,4.5,AgenceAuto,cergy-pontoise,4
Norolles,14100,361,9.3,TransakAuto,Agence DEAUVILLE,1
Le Cormier,27120,361,9.6,Simplicicar,evreux,3
Cuisy-en-Almont,02200,361,9.8,Simplicicar,soissons,1
Artemps,02480,361,10.1,AgenceAuto,saint-quentin,2
Mascaras,65190,361,10.1,TransakAuto,Agence TARBES,1
Ferrières,54210,361,11.5,TransakAuto,Agence NANCY,3
Laître-sous-Amance,54770,361,12.4,AgenceAuto,nancy,3
Saint-Genès-de-Castillon,33350,361,12.7,TransakAuto,Agence LIBOURNE,1
Argentières,77390,361,13.7,AgenceAuto,gretz-armainvilliers,2
Malviès,11300,361,14.3,Simplicicar,carcassonne,2
Chas,63160,361,14.9,TransakAuto,Agence CLERMONT FERRAND SUD,1
Gueschart,80150,361,17.1,TransakAuto,Agence ABBEVILLE,1
Huberville,50700,361,19.3,TransakAuto,Agence CHERBOURG-EN-COTENTIN,1
Haut-Lieu,59440,361,19.9,TransakAuto,Agence MAUBEUGE,1
Sabarat,09350,361,20.0,Simplicicar,pamiers,1
Ban-de-Sapt,88210,360,8.4,AgenceAuto,saint-die-des-vosges,1
Villegats,27120,360,11.1,Simplicicar,vernon,3
Gouy-Servins,62530,360,11.2,TransakAuto,Agence BETHUNE,4
Boursies,59400,360,14.1,TransakAuto,Agence CAMBRAI,1
Conflandey,70170,360,16.2,AgenceAuto,vesoul,1
La Balme,73170,360,16.5,TransakAuto,Agence CHAMBERY,2
Retheuil,02600,360,17.8,Simplicicar,compiegne,2
Maizet,14210,360,18.5,TransakAuto,Agence CAEN,1
Saint-Germain-sur-Vienne,37500,360,18.5,TransakAuto,Agence SAUMUR,1
Strueth,68580,360,19.6,AgenceAuto,belfort,1
Loubières,09000,359,6.8,Simplicicar,pamiers,1
Audignies,59570,359,9.2,TransakAuto,Agence MAUBEUGE,1
Serville,28410,359,10.1,TransakAuto,Agence DREUX,1
Vitry-la-Ville,51240,359,12.5,AgenceAuto,chalons-en-champagne,1
Litz,60510,359,15.6,Simplicicar,beauvais,2
Bordères-et-Lamensans,40270,359,16.1,TransakAuto,Agence MONT DE MARSAN,1
Bourdic,30190,359,18.2,Simplicicar,nimes,1
Bermont,90400,358,4.2,AgenceAuto,belfort,4
Lasséran,32550,358,8.1,TransakAuto,Agence AUCH,1
Écueil,51500,358,8.1,Simplicicar,reims,2
Saincaize-Meauce,58470,358,10.2,AgenceAuto,nevers,1
Eglingen,68720,358,11.9,AgenceAuto,mulhouse-sud,1
Fontanès,34270,358,14.3,AgenceAuto,montpellier-est,2
Épieds,27730,358,18.6,Simplicicar,evreux,3
Rencurel,38680,358,18.9,TransakAuto,Agence GRENOBLE OUEST,1
Neuvillers-sur-Fave,88100,357,4.2,AgenceAuto,saint-die-des-vosges,1
Saint-Aubin-de-Lanquais,24560,357,7.2,TransakAuto,Agence BERGERAC,1
Eaucourt-sur-Somme,80580,357,7.5,TransakAuto,Agence ABBEVILLE,1
Écretteville-lès-Baons,76190,357,8.3,TransakAuto,Agence YVETOT,2
Saint-Estève-Janson,13610,357,9.0,TransakAuto,Agence PERTUIS,3
Laslades,65350,357,9.6,TransakAuto,Agence TARBES,1
Masclat,46350,357,12.2,TransakAuto,Agence SARLAT,1
Sainte-Olive,01330,357,13.0,TransakAuto,Agence LYON EST,3
Hettenschlag,68600,357,14.2,Simplicicar,colmar,1
Sornay,70150,357,14.5,Simplicicar,besancon,3
Condé-sur-Suippe,02190,357,14.8,TransakAuto,Agence REIMS,2
Hundsbach,68130,357,14.8,AgenceAuto,saint-louis,3
Cordes-Tolosannes,82700,357,15.6,TransakAuto,Agence MONTAUBAN,2
Corbeil-Cerf,60110,357,15.7,Simplicicar,beauvais,2
Miramont-d'Astarac,32300,357,16.1,TransakAuto,Agence AUCH,1
Nédonchel,62550,357,16.6,TransakAuto,Agence BETHUNE,1
Guny,02300,357,17.1,Simplicicar,soissons,1
Vaujany,38114,357,18.9,TransakAuto,Agence GRENOBLE EST,2
Clairfayts,59740,357,18.9,TransakAuto,Agence MAUBEUGE,1
Pauligne,11300,357,19.8,Simplicicar,carcassonne,2
Thorrenc,07340,356,5.9,TransakAuto,Agence DAVEZIEUX,1
Goin,57420,356,9.6,TransakAuto,Agence METZ,2
Cahuzac,81540,356,10.6,TransakAuto,Agence CASTRES,1
Mandeville,27370,356,10.8,TransakAuto,Agence ELBEUF,1
Escosse,09100,356,10.8,Simplicicar,pamiers,1
Saint-Étienne-sur-Suippe,51110,356,11.6,TransakAuto,Agence REIMS,2
Montmaur,11320,356,11.9,TransakAuto,Agence VILLEFRANCHE-DE-LAURAGAIS,1
Blicourt,60860,356,13.5,TransakAuto,Agence BEAUVAIS,2
Glaignes,60129,356,14.3,Simplicicar,compiegne,3
Saint-Marc-la-Lande,79310,356,16.1,TransakAuto,"Agence NAMUR, BELGIQUE",1
Feugères,50190,356,17.3,TransakAuto,Agence SAINT-LO,1
Champmotteux,91150,356,17.6,TransakAuto,Agence ETAMPES,1
Souilhanels,11400,356,18.8,TransakAuto,Agence VILLEFRANCHE-DE-LAURAGAIS,1
Sornéville,54280,356,19.9,AgenceAuto,nancy,1
Neurey-lès-la-Demie,70000,355,6.6,AgenceAuto,vesoul,1
Remilly-Wirquin,62380,355,9.8,Simplicicar,saint-omer,1
Bajus,62150,355,11.0,TransakAuto,Agence BETHUNE,1
Lézignan,65100,355,13.5,TransakAuto,Agence TARBES,1
Bayac,24150,355,14.9,TransakAuto,Agence BERGERAC,1
Vaudrey,39380,355,16.5,AgenceAuto,dole,1
Saint-Sauvy,32270,355,17.6,TransakAuto,Agence AUCH,1
Soissons-sur-Nacey,21270,355,18.7,AgenceAuto,dole,1
Berthelange,25410,354,4.3,Simplicicar,besancon,4
Trézény,22450,354,6.5,AgenceAuto,lannion,2
Sauqueville,76550,354,8.1,TransakAuto,Agence DIEPPE,1
Sailly,78440,354,9.0,AgenceAuto,epone,5
Meyrieux-Trouet,73170,354,9.5,TransakAuto,Agence CHAMBERY,2
Estrée-Cauchy,62690,354,10.4,TransakAuto,Agence BETHUNE,4
Lusse,88490,354,10.6,AgenceAuto,saint-die-des-vosges,1
Ancourteville-sur-Héricourt,76560,354,11.8,TransakAuto,Agence YVETOT,2
Sendets,33690,354,12.7,TransakAuto,Agence LANGON,1
Franken,68130,354,13.3,AgenceAuto,saint-louis,3
Bayenghem-lès-Seninghem,62380,354,13.4,Simplicicar,saint-omer,1
Rurey,25290,354,13.6,Simplicicar,caen,4
Angeot,90150,354,14.3,AgenceAuto,belfort,1
Fayssac,81150,354,15.3,TransakAuto,Agence ALBI,1
Borrèze,24590,354,17.0,TransakAuto,Agence SARLAT,1
Wolfersdorf,68210,354,17.2,AgenceAuto,mulhouse-sud,2
Saint-Léger-de-Montbrillais,86120,354,17.9,TransakAuto,Agence SAUMUR,1
Souilhe,11400,354,18.4,TransakAuto,Agence VILLEFRANCHE-DE-LAURAGAIS,1
Fiefs,62134,354,18.5,TransakAuto,Agence BETHUNE,1
Saint-Germain-d'Anxure,53240,354,18.6,TransakAuto,Agence LAVAL,1
Malroy,57640,353,5.3,AgenceAuto,metz,2
Forest-Saint-Julien,05260,353,8.0,TransakAuto,Agence GAP,1
Rochefort-en-Valdaine,26160,353,8.6,TransakAuto,Agence MONTELIMAR,2
Astis,64450,353,9.4,Simplicicar,pau,2
Pontruet,02490,353,9.4,AgenceAuto,saint-quentin,2
Brebotte,90140,353,9.5,AgenceAuto,belfort,3
Saint-Pierre-Bénouville,76890,353,10.9,AgenceAuto,yerville,2
Milly-Lamartine,71960,353,12.9,TransakAuto,Agence MACON,1
Huilly-sur-Seille,71290,353,12.9,AgenceAuto,louhans,1
Bernes,80240,353,14.5,AgenceAuto,saint-quentin,2
La Thuile,73190,353,14.7,Simplicicar,aix-les-bains,2
Mouy-sur-Seine,77480,353,14.8,TransakAuto,Agence PROVINS,1
Aubure,68150,353,15.2,Simplicicar,colmar,3
Gussignies,59570,353,15.9,TransakAuto,Agence MAUBEUGE,2
Murles,34980,353,16.0,Simplicicar,montpellier,3
Tilloy-Floriville,80220,353,17.1,TransakAuto,"Agence MONS, BELGIQUE",1
Douchapt,24350,353,17.4,TransakAuto,Agence PERIGUEUX,1
Chérancé,72170,353,18.3,TransakAuto,Agence ALENCON,1
Précy,18140,353,18.3,AgenceAuto,nevers,1
Tersanne,26390,353,19.4,TransakAuto,Agence ROMANS SUR ISERE,1
Nolay,58700,353,19.8,AgenceAuto,nevers,1
Nuzéjouls,46150,352,8.1,TransakAuto,Agence CAHORS,1
Condé-sur-Aisne,02370,352,8.9,Simplicicar,soissons,1
Lissy,77550,352,10.3,TransakAuto,Agence LIEUSAINT,3
Montchaboud,38220,352,11.3,TransakAuto,Agence GRENOBLE OUEST,1
Cambligneul,62690,352,12.8,TransakAuto,Agence BETHUNE,4
La Haute-Maison,77580,352,12.8,TransakAuto,Agence MEAUX,2
Danestal,14430,352,13.1,TransakAuto,Agence DEAUVILLE,1
Bas-et-Lezat,63310,352,15.1,Simplicicar,vichy,1
Courcelles-sur-Vesle,02220,352,16.2,Simplicicar,soissons,1
Nojeon-en-Vexin,27150,352,17.3,TransakAuto,Agence GISORS,1
Joudes,71480,352,19.7,AgenceAuto,louhans,1
Jussy,89290,351,3.6,TransakAuto,Agence AUXERRE,1
Bonvillard,73460,351,8.8,TransakAuto,Agence ALBERTVILLE,1
Orban,81120,351,8.8,TransakAuto,Agence ALBI,1
Ochtezeele,59670,351,13.4,Simplicicar,saint-omer,2
Havrincourt,62147,351,14.4,TransakAuto,Agence CAMBRAI,1
Vanzy,74270,351,18.9,TransakAuto,Agence ANNECY,1
Tabre,09600,351,19.2,Simplicicar,pamiers,1
Lerné,37500,351,19.7,TransakAuto,Agence SAUMUR,1
Roberval,60410,350,8.1,AgenceAuto,senlis,5
Saint-Illiers-la-Ville,78980,350,9.9,TransakAuto,Agence MANTES-LA-JOLIE,4
Villars-sous-Dampjoux,25190,350,10.1,TransakAuto,Agence MONTBELIARD,2
Cos,09000,350,10.3,Simplicicar,pamiers,1
Arthezé,72270,350,10.6,Simplicicar,la-fleche,1
Mazères-de-Neste,65150,350,10.9,Simplicicar,https://www.simplicicar.com/content/170-oncession-st-gaudens,1
Aibes,59149,350,11.2,TransakAuto,Agence MAUBEUGE,1
La Marre,39210,350,12.0,TransakAuto,Agence LONS LE SAUNIER,2
Labergement-lès-Auxonne,21130,350,12.4,AgenceAuto,dole,1
Criquebeuf-la-Campagne,27110,350,12.6,TransakAuto,Agence ELBEUF,1
Mignerette,45490,350,13.8,TransakAuto,Agence MONTARGIS,1
Girecourt-sur-Durbion,88600,350,14.1,AgenceAuto,epinal,2
Muret-le-Château,12330,350,14.3,AgenceAuto,rodez,3
Saint-Sauveur-lès-Bray,77480,350,15.3,TransakAuto,Agence PROVINS,1
Loriges,03500,350,15.5,Simplicicar,vichy,1
Évaux-et-Ménil,88450,350,16.4,TransakAuto,Agence EPINAL,1
Launay-Villiers,53410,350,16.4,TransakAuto,Agence LAVAL,1
Sainte-Marie-au-Bosc,76280,350,16.7,TransakAuto,Agence LE HAVRE,1
Houquetot,76110,350,16.9,TransakAuto,Agence LE HAVRE,1
Triqueville,27500,350,18.1,TransakAuto,Agence DEAUVILLE,1
L'Étang-Bertrand,50260,350,18.7,TransakAuto,Agence CHERBOURG-EN-COTENTIN,1
Mauremont,31290,349,5.6,TransakAuto,Agence VILLEFRANCHE-DE-LAURAGAIS,2
Versigny,60440,349,7.9,TransakAuto,Agence DAMMARTIN EN GOELE,2
Le Chastang,19190,349,8.7,AgenceAuto,tulle,3
Biblisheim,67360,349,8.7,TransakAuto,Agence HAGUENAU,1
Villedubert,11800,349,8.8,Simplicicar,carcassonne,2
Molliens-au-Bois,80260,349,11.7,TransakAuto,Agence AMIENS,2
La Côte-d'Arbroz,74110,349,13.9,TransakAuto,Agence SALLANCHES,1
Sainte-Honorine-la-Guillaume,61210,349,14.2,TransakAuto,Agence FLERS,1
Bosquel,80160,349,14.5,AgenceAuto,amiens,1
Annois,02480,349,15.6,AgenceAuto,saint-quentin,2
Saint-Aubin-sous-Erquery,60600,349,18.2,AgenceAuto,senlis,3
Hohrod,68140,349,19.8,Simplicicar,colmar,1
Canchy,80150,348,7.2,TransakAuto,Agence ABBEVILLE,1
Noailhac,19500,348,11.2,Simplicicar,brive,2
Lapeyrouse,01330,348,11.9,TransakAuto,Agence LYON EST,4
Relans,39140,348,12.9,AgenceAuto,lons-le-saunier,2
Bas-Lieu,59440,348,15.4,TransakAuto,Agence MAUBEUGE,1
Joucas,84220,348,18.0,TransakAuto,Agence L&rsquo;ISLE SUR LA SORGUE,1
Plagnole,31370,348,18.3,AgenceAuto,toulouse-fontenilles,1
Clavé,79420,348,19.4,TransakAuto,"Agence NAMUR, BELGIQUE",1
Fuissé,71960,347,4.4,TransakAuto,Agence MACON,1
Frouville,95690,347,10.3,TransakAuto,Agence CERGY,4
Massaguel,81110,347,10.5,TransakAuto,Agence CASTRES,1
Bertreville-Saint-Ouen,76590,347,12.1,TransakAuto,Agence DIEPPE,1
Biarrotte,40390,347,12.2,TransakAuto,Agence CAPBRETON,2
Clairegoutte,70200,347,12.9,AgenceAuto,hericourt,2
Deneuille-les-Mines,03170,347,13.2,TransakAuto,Agence MONTLUCON,1
Peyrilles,46310,347,16.3,TransakAuto,Agence CAHORS,1
Merey,27640,347,16.6,Simplicicar,vernon,3
Coinches,88100,346,3.9,AgenceAuto,saint-die-des-vosges,1
Leboulin,32810,346,5.5,TransakAuto,Agence AUCH,1
Rolleboise,78270,346,5.8,TransakAuto,Agence MANTES-LA-JOLIE,4
Ognes,60440,346,6.1,TransakAuto,Agence DAMMARTIN EN GOELE,2
Saint-Étienne-le-Laus,05130,346,7.5,TransakAuto,Agence GAP,1
Chitry,89530,346,8.1,TransakAuto,Agence AUXERRE,1
Chadron,43150,346,11.3,Simplicicar,puy-en-velay,1
Magny-Saint-Médard,21310,346,12.7,Simplicicar,dijon,3
Dommartin,80440,346,14.1,AgenceAuto,amiens,1
Longuerue,76750,346,14.9,TransakAuto,Agence ROUEN,1
Vitray-en-Beauce,28360,346,16.9,TransakAuto,Agence CHARTRES,1
Crest-Voland,73590,346,18.0,TransakAuto,Agence ALBERTVILLE,1
Verjon,01270,346,18.3,TransakAuto,Agence BOURG-EN-BRESSE,1
Saint-Aubin-de-Cadelech,24500,346,18.8,TransakAuto,Agence BERGERAC,1
Tursac,24620,346,19.3,TransakAuto,Agence SARLAT,1
Manoncourt-en-Vermois,54210,345,7.2,TransakAuto,Agence NANCY,3
Essigny-le-Petit,02100,345,8.3,TransakAuto,Agence SAINT-QUENTIN,2
Saint-Jean-aux-Bois,60350,345,9.4,Simplicicar,compiegne,2
Melz-sur-Seine,77171,345,9.8,TransakAuto,Agence PROVINS,1
Chaumuzy,51170,345,13.2,Simplicicar,reims,2
Chavannes-les-Grands,90100,345,14.6,AgenceAuto,belfort,1
Traves,70360,345,15.6,AgenceAuto,vesoul,1
Champseru,28700,345,15.8,TransakAuto,Agence CHARTRES,2
Lieudieu,38440,345,17.0,TransakAuto,Agence BOURGOIN-JAILLEU,1
Meurcourt,70300,345,17.1,AgenceAuto,vesoul,1
Turriers,04250,345,19.4,TransakAuto,Agence GAP,1
Vieillevigne,31290,344,3.0,TransakAuto,Agence VILLEFRANCHE-DE-LAURAGAIS,2
Mandrevillars,70400,344,3.9,AgenceAuto,hericourt,4
Saint-Vincent-des-Bois,27950,344,6.9,Simplicicar,vernon,4
Saigneville,80230,344,8.3,TransakAuto,Agence ABBEVILLE,1
Ribagnac,24240,344,11.8,TransakAuto,Agence BERGERAC,1
Maulers,60480,344,12.1,TransakAuto,Agence BEAUVAIS,2
Camiac-et-Saint-Denis,33420,344,13.7,TransakAuto,Agence LIBOURNE,1
Villecey-sur-Mad,54890,344,13.7,TransakAuto,Agence METZ,1
Jaulnes,77480,344,16.5,TransakAuto,Agence PROVINS,1
Bourgvilain,71520,344,17.1,TransakAuto,Agence MACON,1
Boury-en-Vexin,60240,343,5.8,TransakAuto,Agence GISORS,2
Bettignies,59600,343,5.9,TransakAuto,Agence MAUBEUGE,1
Hennecourt,88270,343,9.4,TransakAuto,Agence EPINAL,2
Hartennes-et-Taux,02210,343,10.1,Simplicicar,soissons,1
Jully-lès-Buxy,71390,343,13.5,TransakAuto,Agence CHALON-SUR-SAONE,2
Menetou-Couture,18320,343,15.4,AgenceAuto,nevers,1
Farceaux,27150,343,18.4,TransakAuto,Agence GISORS,1
Auvillars-sur-Saône,21250,343,18.6,Simplicicar,beaune,1
Suzay,27420,343,19.3,Simplicicar,vernon,3
Villers-aux-Nœuds,51500,342,6.4,Simplicicar,reims,2
Cadarsac,33750,342,7.0,TransakAuto,Agence LIBOURNE,3
Lux,31290,342,7.7,TransakAuto,Agence VILLEFRANCHE-DE-LAURAGAIS,1
Saint-Mury-Monteymond,38190,342,7.9,TransakAuto,Agence GRENOBLE EST,3
Sigalens,33690,342,8.7,TransakAuto,Agence LANGON,1
Lafraye,60510,342,9.8,TransakAuto,Agence BEAUVAIS,2
Estréelles,62170,342,13.4,TransakAuto,Agence LE TOUQUET,1
Vaumort,89320,342,13.5,TransakAuto,Agence SENS,1
Lannéanou,29640,342,16.0,TransakAuto,Agence MORLAIX,1
Flaumont-Waudrechies,59440,342,16.7,TransakAuto,Agence MAUBEUGE,1
Somme-Vesle,51460,342,17.1,AgenceAuto,chalons-en-champagne,1
Perquie,40190,342,18.4,TransakAuto,Agence MONT DE MARSAN,1
Saint-André-en-Royans,38680,342,19.0,TransakAuto,Agence ROMANS SUR ISERE,1
Tour-de-Faure,46330,342,19.9,TransakAuto,Agence CAHORS,1
Saint-Sauveur-de-Meilhan,47180,341,5.7,TransakAuto,Agence LANGON,1
Buigny-l'Abbé,80132,341,8.7,TransakAuto,Agence ABBEVILLE,1
Cunelières,90150,341,10.1,AgenceAuto,belfort,2
Briquemesnil-Floxicourt,80540,341,11.3,AgenceAuto,amiens,2
Nabirat,24250,341,11.9,TransakAuto,Agence SARLAT,1
Thennelières,10410,341,12.7,AgenceAuto,troyes,3
Saint-Gervais-du-Perron,61500,341,12.8,TransakAuto,Agence ALENCON,1
Crévéchamps,54290,341,13.0,TransakAuto,Agence NANCY,3
Verel-de-Montbel,73330,341,13.8,Simplicicar,aix-les-bains,2
Breitenau,67220,341,14.2,AgenceAuto,selestat,1
Mauregard,77990,341,14.8,TransakAuto,Agence DAMMARTIN EN GOELE,5
Saint-Priest-la-Roche,42590,341,16.4,TransakAuto,Agence ROANNE,1
Lattre-Saint-Quentin,62810,341,16.5,TransakAuto,Agence ARRAS,2
Saint-Didier-de-Bizonnes,38690,341,16.5,TransakAuto,Agence BOURGOIN-JAILLEU,1
Cuverville,76280,341,17.5,TransakAuto,Agence LE HAVRE,1
Saint-Aignan-sur-Ry,76116,341,17.5,TransakAuto,Agence ROUEN,1
Santo-Pietro-di-Tenda,20217,341,19.8,TransakAuto,Agence BASTIA,1
La Bâtie-Vieille,05000,340,3.6,TransakAuto,Agence GAP,1
Sermoise,02220,340,6.6,Simplicicar,soissons,1
Brossay,49700,340,9.9,TransakAuto,Agence SAUMUR,1
Gondreville,45490,340,10.6,TransakAuto,Agence MONTARGIS,1
Puligny-Montrachet,21190,340,12.0,Simplicicar,beaune,2
Virville,76110,340,14.0,TransakAuto,Agence LE HAVRE,1
Crannes-en-Champagne,72540,340,16.8,TransakAuto,Agence LE MANS,1
Tancrou,77440,340,17.4,TransakAuto,Agence MEAUX,1
Saint-Bonnet-des-Quarts,42310,340,18.1,TransakAuto,Agence ROANNE,1
Dammartin-Marpain,39290,340,19.2,AgenceAuto,dole,1
Lourmais,35270,340,19.9,AgenceAuto,saint-malo,1
Glay,25310,339,9.5,TransakAuto,Agence MONTBELIARD,2
Bousignies,59178,339,9.9,TransakAuto,Agence VALENCIENNES,2
Berentzwiller,68130,339,10.7,AgenceAuto,saint-louis,3
Étaules,21121,339,10.9,AgenceAuto,dijon,3
Montreuil-sur-Lozon,50570,339,11.8,TransakAuto,Agence SAINT-LO,1
Banteux,59266,339,13.0,TransakAuto,Agence CAMBRAI,1
Beaumont-les-Nonains,60390,339,13.2,Simplicicar,beauvais,3
Franquevielle,31210,339,13.2,Simplicicar,https://www.simplicicar.com/content/170-oncession-st-gaudens,1
Remigny,02440,339,14.1,AgenceAuto,saint-quentin,2
Droupt-Saint-Basle,10170,339,14.6,TransakAuto,Agence TROYES,2
Beire-le-Fort,21110,339,15.5,TransakAuto,Agence DIJON,3
Fieffes-Montrelet,80670,339,15.9,TransakAuto,Agence AMIENS,1
Sancy-lès-Provins,77320,339,18.0,TransakAuto,Agence PROVINS,1
Saint-Roman-de-Malegarde,84290,339,18.7,TransakAuto,Agence ORANGE,2
Raynans,25550,338,6.3,AgenceAuto,hericourt,4
Coin-sur-Seille,57420,338,8.3,TransakAuto,Agence METZ,2
Bournos,64450,338,8.4,Simplicicar,pau,2
Germainville,28500,338,8.9,TransakAuto,Agence DREUX,1
Sainte-Paule,69620,338,11.6,TransakAuto,Agence VILLEFRANCHE SUR SAONE,2
Soulvache,44660,338,13.8,TransakAuto,Agence CHATEAUBRIANT,1
Aurin,31570,338,14.2,AgenceAuto,toulouse-sud-est-labege,4
Poligny,05500,338,14.9,TransakAuto,Agence GAP,1
Erny-Saint-Julien,62960,338,17.3,Simplicicar,saint-omer,1
Baons-le-Comte,76190,337,2.8,TransakAuto,Agence YVETOT,2
Millencourt-en-Ponthieu,80135,337,5.6,TransakAuto,Agence ABBEVILLE,1
Castin,32810,337,6.3,TransakAuto,Agence AUCH,1
Attilly,02490,337,8.7,AgenceAuto,saint-quentin,2
Villy-le-Moutier,21250,337,9.3,Simplicicar,beaune,1
Lasseube-Propre,32550,337,9.5,TransakAuto,Agence AUCH,1
Saint-Paul-de-Serre,24380,337,13.2,TransakAuto,Agence PERIGUEUX,1
Épagny,02290,337,13.5,Simplicicar,soissons,1
Baron,30700,337,16.8,TransakAuto,Agence ALES,1
Pignols,63270,337,17.1,TransakAuto,Agence CLERMONT FERRAND SUD,1
Reumont,59980,337,19.8,TransakAuto,Agence CAMBRAI,1
Thoraise,25320,336,3.5,Simplicicar,caen,4
Colombiers,61250,336,5.2,TransakAuto,Agence ALENCON,1
Pergain-Taillac,32700,336,7.6,TransakAuto,Agence AGEN,1
Le Montellier,01800,336,10.5,Simplicicar,meximieux,4
Ramasse,01250,336,11.8,TransakAuto,Agence BOURG-EN-BRESSE,2
Buthiers,70190,336,11.9,TransakAuto,Agence BESANCON,3
Andrezel,77390,336,14.6,AgenceAuto,gretz-armainvilliers,3
Saint-Michel-de-Montaigne,24230,336,19.7,TransakAuto,Agence LIBOURNE,1
Blaignac,33190,335,1.9,TransakAuto,Agence LANGON,1
Barcelonne,26120,335,8.7,TransakAuto,Agence VALENCE,2
Billio,56420,335,11.2,TransakAuto,Agence PLOERMEL,1
Montpitol,31380,335,12.3,AgenceAuto,toulouse-nord,3
Louer,40380,335,12.8,TransakAuto,Agence DAX,2
Schalkendorf,67350,335,13.0,TransakAuto,Agence HAGUENAU,1
Crécy-au-Mont,02380,335,13.1,Simplicicar,soissons,1
Lières,62190,335,13.5,TransakAuto,Agence BETHUNE,1
Traize,73170,335,14.3,TransakAuto,Agence CHAMBERY,2
Passenans,39230,335,14.8,TransakAuto,Agence LONS LE SAUNIER,2
Fresnay-le-Long,76850,335,15.4,AgenceAuto,yerville,2
Charbonnières,71260,335,15.6,TransakAuto,Agence MACON,1
Asnières,27260,335,17.0,TransakAuto,Agence DEAUVILLE,1
Rozet-Saint-Albin,02210,335,19.7,Simplicicar,soissons,1
Neuilly-l'Hôpital,80132,334,5.4,TransakAuto,Agence ABBEVILLE,1
Brélidy,22140,334,7.1,TransakAuto,Agence BEGARD,2
Coincy,57530,334,8.0,AgenceAuto,metz,1
Stetten,68510,334,9.8,AgenceAuto,saint-louis,4
Wulverdinghe,59143,334,10.3,Simplicicar,saint-omer,2
Les Grangettes,25160,334,10.9,AgenceAuto,pontarlier,2
Linsdorf,68480,334,11.2,TransakAuto,Agence SAINT-LOUIS,2
Voinémont,54134,334,11.8,TransakAuto,Agence NANCY,3
Juigné-des-Moutiers,44670,334,13.0,TransakAuto,Agence CHATEAUBRIANT,1
Villeneuve-la-Dondagre,89150,334,13.1,TransakAuto,Agence SENS,1
Beaumont-sur-Grosne,71240,334,14.0,AgenceAuto,chalon-sur-saone,2
Barlest,65100,334,14.0,TransakAuto,Agence TARBES,1
La Pesse,39370,334,14.4,TransakAuto,Agence GEX,2
Vironvay,27400,334,17.5,TransakAuto,Agence ELBEUF,2
Saint-Pierre-de-Genebroz,73360,334,17.9,Simplicicar,aix-les-bains,2
Tincourt-Boucly,80240,334,19.5,AgenceAuto,saint-quentin,1
Dieulivol,33580,334,20.0,TransakAuto,Agence LANGON,1
Domvast,80150,333,9.0,TransakAuto,Agence ABBEVILLE,1
Tourneville,27930,333,9.4,Simplicicar,evreux,2
Bissey-sous-Cruchaud,71390,333,11.4,TransakAuto,Agence CHALON-SUR-SAONE,2
Mamey,54470,333,13.4,TransakAuto,Agence METZ,1
Garrigues,81500,333,16.0,AgenceAuto,toulouse-nord,2
Sauviac,33430,333,18.9,TransakAuto,Agence LANGON,1
Vaudemange,51380,333,19.5,AgenceAuto,chalons-en-champagne,1
Belval,50210,333,19.8,TransakAuto,Agence SAINT-LO,1
Le Titre,80132,332,6.9,TransakAuto,Agence ABBEVILLE,1
Villars-sous-Écot,25150,332,7.4,TransakAuto,Agence MONTBELIARD,3
Villers-sous-Prény,54700,332,8.9,TransakAuto,Agence METZ,1
Caussols,06460,332,10.1,TransakAuto,Agence GRASSE,2
Rouffignac-de-Sigoulès,24240,332,11.4,TransakAuto,Agence BERGERAC,1
La Planée,25160,332,11.4,Simplicicar,pontarlier,2
Auvernaux,91830,332,11.5,TransakAuto,Agence LIEUSAINT,1
Saint-Maurice,67220,332,11.5,AgenceAuto,selestat,1
Sabonnères,31370,332,13.8,AgenceAuto,toulouse-fontenilles,1
Saint-Salvadour,19700,332,15.0,AgenceAuto,tulle,1
Castillon-Savès,32490,332,15.3,AgenceAuto,toulouse-fontenilles,1
Corcy,02600,332,17.5,Simplicicar,soissons,1
Romain,51140,332,18.2,Simplicicar,reims,2
Carlipa,11170,332,18.6,TransakAuto,Agence CARCASSONNE,2
Vachères,04110,332,19.0,TransakAuto,Agence MANOSQUE,1
Castillon (Canton d'Arthez-de-Béarn),64370,332,19.2,Simplicicar,pau,1
Monnet-la-Ville,39300,332,19.5,TransakAuto,Agence LONS LE SAUNIER,1
Néac,33500,331,5.2,TransakAuto,Agence LIBOURNE,1
Solutré-Pouilly,71960,331,6.6,TransakAuto,Agence MACON,1
Cause-de-Clérans,24150,331,10.0,TransakAuto,Agence BERGERAC,1
Caucourt,62150,331,10.7,TransakAuto,Agence BETHUNE,2
Bayonville-sur-Mad,54890,331,12.2,TransakAuto,Agence METZ,2
Thézac,17600,331,12.2,TransakAuto,Agence SAINTES,2
Biederthal,68480,331,12.6,TransakAuto,Agence SAINT-LOUIS,2
Marestaing,32490,331,13.4,AgenceAuto,toulouse-fontenilles,1
Bérengeville-la-Campagne,27110,331,13.5,Simplicicar,evreux,2
La Haye-du-Theil,27370,331,14.5,TransakAuto,Agence ELBEUF,1
Saint-Vincent-de-Pertignas,33420,331,14.8,TransakAuto,Agence LIBOURNE,1
Olloix,63450,331,15.2,TransakAuto,Agence CLERMONT FERRAND SUD,1
Poiseux,58130,331,16.7,AgenceAuto,nevers,1
Senots,60240,331,16.9,TransakAuto,Agence GISORS,2
Ricaud,11400,331,17.4,TransakAuto,Agence VILLEFRANCHE-DE-LAURAGAIS,1
Sainte-Eusoye,60480,331,18.3,TransakAuto,Agence BEAUVAIS,1
Valforêt,21220,331,18.6,TransakAuto,Agence DIJON,3
Argenton,47250,331,18.7,TransakAuto,Agence LANGON,1
Fulleren,68210,331,18.7,AgenceAuto,mulhouse-sud,1
Baigts,40380,331,19.1,TransakAuto,Agence DAX,1
La Bastide-de-Bousignac,09500,331,19.3,Simplicicar,pamiers,1
Passonfontaine,25690,331,19.6,Simplicicar,pontarlier,2
Bénifontaine,62410,330,6.3,TransakAuto,Agence LENS,5
Feuges,10150,330,9.3,Simplicicar,troyes,3
La Bastide-de-Lordat,09700,330,10.6,Simplicicar,pamiers,1
Abaucourt,54610,330,12.2,TransakAuto,Agence METZ,1
Caloire,42240,330,13.8,Simplicicar,veauche,3
Ayette,62116,330,14.4,TransakAuto,Agence ARRAS,2
Montpeyroux,63114,330,15.5,TransakAuto,Agence CLERMONT FERRAND SUD,1
Lamothe-Fénelon,46350,330,15.8,TransakAuto,Agence SARLAT,1
Saint-Imoges,51160,330,16.0,Simplicicar,reims,1
Villeneuve-lès-Montréal,11290,330,16.3,TransakAuto,Agence CARCASSONNE,2
Anglars-Juillac,46140,330,17.3,TransakAuto,Agence CAHORS,1
Saint-Brieuc-des-Iffs,35630,330,17.3,TransakAuto,Agence RENNES OUEST,2
Nagel-Séez-Mesnil,27190,330,17.7,TransakAuto,Agence EVREUX,1
Les Salles-de-Castillon,33350,330,18.1,TransakAuto,Agence LIBOURNE,1
Landévennec,29560,330,19.0,AgenceAuto,brest,3
Vailly,10150,329,8.5,Simplicicar,troyes,3
Calavanté,65190,329,9.3,TransakAuto,Agence TARBES,1
Rémeling,57480,329,9.4,TransakAuto,"Agence BRUXELLES, BELGIQUE",1
Loconville,60240,329,10.3,TransakAuto,Agence GISORS,1
Ségreville,31460,329,10.4,TransakAuto,Agence VILLEFRANCHE-DE-LAURAGAIS,1
Buhy,95770,329,11.4,AgenceAuto,vernon,3
Reuil-sur-Brêche,60480,329,12.5,TransakAuto,Agence BEAUVAIS,2
Castéra-Lectourois,32700,329,13.5,TransakAuto,Agence AGEN,1
Foucart,76640,329,14.0,TransakAuto,Agence YVETOT,1
Anquetierville,76490,329,14.3,TransakAuto,Agence YVETOT,1
Bagneux,03460,329,15.1,TransakAuto,Agence MOULINS,1
Le Boisle,80150,329,18.1,TransakAuto,Agence ABBEVILLE,1
Bellebat,33760,329,19.1,TransakAuto,Agence LIBOURNE,1
Ferrières-les-Bois,25410,328,3.2,Simplicicar,besancon,4
Kirsch-lès-Sierck,57480,328,3.7,TransakAuto,"Agence BRUXELLES, BELGIQUE",2
Lamotte-Buleux,80150,328,6.3,TransakAuto,Agence ABBEVILLE,1
Solérieux,26130,328,6.5,TransakAuto,Agence BOLLENE,2
Veyssilieu,38460,328,9.2,Simplicicar,nord-isere,3
Épagny,21380,328,11.1,AgenceAuto,dijon,3
Calleville-les-Deux-Églises,76890,328,11.1,AgenceAuto,yerville,2
Saint-Aubin,59440,328,12.3,TransakAuto,Agence MAUBEUGE,1
Eth,59144,328,12.9,AgenceAuto,valenciennes,2
Saint-Pierre-Aigle,02600,328,13.0,Simplicicar,soissons,1
Joncourt,02420,328,13.2,TransakAuto,Agence SAINT-QUENTIN,2
Leschaux,74320,328,13.4,AgenceAuto,annecy,3
Saint-Aybert,59163,328,14.5,TransakAuto,Agence VALENCIENNES,2
Vosne-Romanée,21700,328,16.5,Simplicicar,beaune,1
Séron,65320,328,16.8,TransakAuto,Agence TARBES,1
Razac-d'Eymet,24500,328,18.7,TransakAuto,Agence BERGERAC,1
Saint-Ferme,33580,328,19.4,TransakAuto,Agence LANGON,1
Couzon,03160,328,20.0,TransakAuto,Agence MOULINS,1
Colombier-le-Cardinal,07430,327,3.9,TransakAuto,Agence DAVEZIEUX,1
Thil,51220,327,4.9,TransakAuto,Agence REIMS,2
Omerville,95420,327,8.2,AgenceAuto,vernon,4
Étrun,62161,327,8.8,Simplicicar,arras,3
Tibiran-Jaunac,65150,327,11.0,Simplicicar,https://www.simplicicar.com/content/170-oncession-st-gaudens,1
Dimechaux,59740,327,11.5,TransakAuto,Agence MAUBEUGE,1
Liercourt,80580,327,11.8,TransakAuto,Agence ABBEVILLE,1
Varneville-Bretteville,76890,327,12.1,AgenceAuto,yerville,2
Velle-sur-Moselle,54290,327,13.1,TransakAuto,Agence NANCY,3
Devrouze,71330,327,15.1,AgenceAuto,louhans,2
Villebaudon,50410,327,15.7,TransakAuto,Agence SAINT-LO,1
Belvès-de-Castillon,33350,327,15.9,TransakAuto,Agence LIBOURNE,1
Gouy-en-Artois,62123,327,16.6,TransakAuto,Agence ARRAS,2
Dollot,89150,327,16.7,TransakAuto,Agence SENS,1
Salesches,59218,327,17.5,AgenceAuto,valenciennes,1
Cambieure,11240,327,17.6,TransakAuto,Agence CARCASSONNE,2
Bossée,37240,327,18.0,Simplicicar,tours,1
Colombier,03600,327,18.3,TransakAuto,Agence MONTLUCON,1
Purgerot,70160,327,19.4,AgenceAuto,vesoul,1
Thénésol,73200,326,6.5,TransakAuto,Agence ALBERTVILLE,1
Crans,01320,326,7.0,Simplicicar,meximieux,1
Veyrignac,24370,326,8.5,TransakAuto,Agence SARLAT,1
Cessey,25440,326,9.8,Simplicicar,caen,4
Vieux-Moulin,88210,326,14.1,AgenceAuto,saint-die-des-vosges,1
Wy-dit-Joli-Village,95420,326,14.7,AgenceAuto,epone,5
Cazaux-Savès,32130,326,15.9,AgenceAuto,toulouse-fontenilles,1
Ounans,39380,326,16.6,AgenceAuto,dole,1
Maigné,72210,326,18.6,TransakAuto,Agence LE MANS,1
Achères,18250,326,18.9,TransakAuto,Agence BOURGES,1
Hautot-le-Vatois,76190,325,6.9,TransakAuto,Agence YVETOT,2
Doumy,64450,325,8.6,Simplicicar,pau,2
Les Baroches,54150,325,8.6,TransakAuto,Agence SAINT-DIZIER,1
Osly-Courtil,02290,325,9.2,Simplicicar,soissons,1
Plessis-Saint-Benoist,91410,325,10.4,TransakAuto,Agence ETAMPES,1
Bourg-le-Roi,72610,325,10.5,TransakAuto,Agence ALENCON,1
Hécourt,27120,325,12.7,Simplicicar,vernon,5
Tagsdorf,68130,325,12.8,AgenceAuto,mulhouse-sud,4
Crempigny-Bonneguête,74150,325,13.2,TransakAuto,Agence ANNECY,3
Saint-Just-et-Vacquières,30580,325,14.0,TransakAuto,Agence ALES,1
Bonneville,80670,325,14.5,TransakAuto,Agence AMIENS,1
Saulchoy,62870,325,15.2,TransakAuto,Agence LE TOUQUET,1
Montpothier,10400,325,16.1,TransakAuto,Agence PROVINS,1
Orsonville,78660,325,16.1,TransakAuto,Agence RAMBOUILLET,1
Breuil-sur-Vesle,51140,325,16.3,Simplicicar,reims,2
Doignies,59400,325,16.5,TransakAuto,Agence CAMBRAI,1
Neunkirchen-lès-Bouzonville,57320,325,17.7,TransakAuto,"Agence BRUXELLES, BELGIQUE",1
Saint-Remy-sur-Bussy,51600,325,18.5,AgenceAuto,chalons-en-champagne,1
Nantillé,17770,325,19.3,TransakAuto,Agence SAINTES,1
Labroquère,31510,324,8.5,Simplicicar,https://www.simplicicar.com/content/170-oncession-st-gaudens,1
Bonrepos-Riquet,31590,324,9.2,AgenceAuto,toulouse-nord,4
Jumelles,27220,324,9.6,TransakAuto,Agence EVREUX,2
Passy,89510,324,10.1,TransakAuto,Agence SENS,1
Saint-Paul-la-Coste,30480,324,11.3,TransakAuto,Agence ALES,1
Charrecey,71510,324,11.4,TransakAuto,Agence CHALON-SUR-SAONE,2
Noirefontaine,25190,324,11.5,TransakAuto,Agence MONTBELIARD,2
Saint-Paul,65150,324,13.3,Simplicicar,https://www.simplicicar.com/content/170-oncession-st-gaudens,1
Sailly-Achâtel,57420,324,13.4,TransakAuto,Agence METZ,1
Montner,66720,324,13.6,TransakAuto,Agence PERPIGNAN NORD SAINT ESTEVE,1
Haussonville,54290,324,14.8,TransakAuto,Agence NANCY,3
Saint-Remimont,54740,324,15.2,TransakAuto,Agence NANCY,3
Bargny,60620,324,17.5,TransakAuto,Agence DAMMARTIN EN GOELE,1
Sempy,62170,324,18.6,TransakAuto,Agence LE TOUQUET,1
Prunay-sur-Essonne,91720,324,19.2,TransakAuto,Agence ETAMPES,1
La Houblonnière,14340,324,19.3,TransakAuto,Agence DEAUVILLE,1
Béthon,72610,323,7.5,TransakAuto,Agence ALENCON,1
Vauxrezis,02200,323,8.1,Simplicicar,soissons,1
Meslières,25310,323,8.7,TransakAuto,Agence MONTBELIARD,2
Poids-de-Fiole,39570,323,9.5,TransakAuto,Agence LONS LE SAUNIER,2
Schwobsheim,67390,323,9.5,AgenceAuto,selestat,2
Sempesserre,32700,323,9.7,TransakAuto,Agence AGEN,1
Tréouergat,29290,323,13.0,TransakAuto,Agence BREST,3
Lavans-lès-Dole,39700,323,13.3,AgenceAuto,dole,2
Sachin,62550,323,15.1,TransakAuto,Agence BETHUNE,1
Chissey-sur-Loue,39380,323,16.2,Simplicicar,besancon,3
Séneujols,43510,323,16.9,Simplicicar,puy-en-velay,1
Fieux,47600,323,19.1,TransakAuto,Agence AGEN,1
Campagnac-lès-Quercy,24550,323,19.2,TransakAuto,Agence SARLAT,1
Vignely,77450,322,3.4,TransakAuto,Agence MEAUX,4
Loisy,54700,322,7.9,TransakAuto,Agence METZ,1
Montalet-le-Bois,78440,322,9.3,AgenceAuto,epone,6
Dossenheim-Kochersberg,67117,322,10.6,TransakAuto,Agence STRASBOURG NORD,2
Halloy-lès-Pernois,80670,322,10.8,TransakAuto,Agence AMIENS,2
Dieffenbach-lès-Wœrth,67360,322,12.2,TransakAuto,Agence HAGUENAU,1
Saint-Quentin-les-Chardonnets,61800,322,13.2,TransakAuto,Agence FLERS,1
Saint-Symphorien-sur-Saône,21170,322,13.4,AgenceAuto,dole,1
Abbéville-la-Rivière,91150,322,13.5,TransakAuto,Agence ETAMPES,1
Reppe,90150,322,13.8,AgenceAuto,belfort,1
La Cheppe,51600,322,13.9,AgenceAuto,chalons-en-champagne,1
Argoules,80120,322,14.6,TransakAuto,Agence LE TOUQUET,1
Maynal,39190,322,15.4,AgenceAuto,lons-le-saunier,3
Ochancourt,80210,322,16.3,TransakAuto,Agence ABBEVILLE,2
Jaignes,77440,322,16.6,TransakAuto,Agence MEAUX,1
Champigneul-Champagne,51150,322,16.6,AgenceAuto,chalons-en-champagne,1
Graveron-Sémerville,27110,322,17.5,Simplicicar,evreux,2
Haut-de-Bosdarros,64800,322,17.7,TransakAuto,Agence PAU,1
Sallen,14240,322,17.9,TransakAuto,Agence SAINT-LO,1
Le Bignon-du-Maine,53170,322,18.4,TransakAuto,Agence LAVAL,1
Zellenberg,68340,321,6.5,Simplicicar,colmar,2
Pruzilly,71570,321,7.0,TransakAuto,Agence MACON,1
Imbleville,76890,321,7.5,AgenceAuto,yerville,2
Bernouville,27660,321,8.0,TransakAuto,Agence GISORS,1
Île-d'Arz,56840,321,8.3,AgenceAuto,vannes,3
Grattepanche,80680,321,10.2,AgenceAuto,amiens,2
Grosne,90100,321,11.0,AgenceAuto,belfort,3
Baneuil,24150,321,11.4,TransakAuto,Agence BERGERAC,1
Meloisey,21190,321,11.7,Simplicicar,beaune,1
Malange,39700,321,14.3,AgenceAuto,dole,2
Archignat,03380,321,14.5,TransakAuto,Agence MONTLUCON,1
Autigny,76740,321,15.0,AgenceAuto,yerville,1
Allonnes,28150,321,17.7,TransakAuto,Agence CHARTRES,1
Le Vast,50630,321,18.2,TransakAuto,Agence CHERBOURG-EN-COTENTIN,1
Bosjean,71330,321,18.2,AgenceAuto,lons-le-saunier,2
Mancenans,25250,321,18.5,TransakAuto,Agence MONTBELIARD,1
Fluy,80540,320,10.8,AgenceAuto,amiens,2
La Chapelle-en-Vexin,95420,320,11.7,AgenceAuto,vernon,2
Juicq,17770,320,12.8,TransakAuto,Agence SAINTES,1
Presles-et-Boves,02370,320,13.3,Simplicicar,soissons,1
La Baume,74430,320,14.8,TransakAuto,Agence THONON-LES-BAINS,1
Flipou,27380,320,17.3,TransakAuto,Agence ELBEUF,1
Achiet-le-Petit,62121,320,18.3,TransakAuto,Agence ARRAS,2
Montceaux-lès-Provins,77151,320,18.7,TransakAuto,Agence PROVINS,1
Aboncourt,57920,320,19.0,AgenceAuto,metz,1
Saint-Léger-sur-Sarthe,61170,320,19.1,TransakAuto,Agence ALENCON,1
Armaillé,49420,320,19.2,TransakAuto,Agence CHATEAUBRIANT,1
Saint-Martin-sous-Montaigu,71640,319,7.7,TransakAuto,Agence CHALON-SUR-SAONE,2
Échalou,61440,319,8.0,TransakAuto,Agence FLERS,1
Le Faulq,14130,319,9.8,TransakAuto,Agence DEAUVILLE,1
Bretagne,90130,319,10.6,AgenceAuto,belfort,3
Dommartin-sous-Amance,54770,319,11.2,Simplicicar,nancy,3
Lagarde-Paréol,84290,319,11.5,TransakAuto,Agence ORANGE,2
Fajoles,46300,319,13.2,TransakAuto,Agence SARLAT,1
Les Cassés,11320,319,14.3,TransakAuto,Agence VILLEFRANCHE-DE-LAURAGAIS,1
Montgesty,46150,319,15.2,TransakAuto,Agence CAHORS,1
Saint-Côme,33430,319,16.3,TransakAuto,Agence LANGON,1
Sondersdorf,68480,319,18.2,TransakAuto,Agence SAINT-LOUIS,2
Douillet,72130,319,19.6,TransakAuto,Agence ALENCON,1
Rocquefort,76640,318,7.8,TransakAuto,Agence YVETOT,2
Fontaine-Chaalis,60300,318,9.5,TransakAuto,Agence DAMMARTIN EN GOELE,4
Récourt,62860,318,12.6,TransakAuto,Agence DOUAI,4
Campagne,34160,318,12.9,TransakAuto,Agence LUNEL,2
Brillevast,50330,318,14.3,TransakAuto,Agence CHERBOURG-EN-COTENTIN,1
Bouligneux,01330,318,15.7,TransakAuto,Agence LYON EST,2
Prunières,05230,318,18.4,TransakAuto,Agence GAP,1
Sagelat,24170,318,18.9,TransakAuto,Agence SARLAT,1
Villeneuve-sous-Pymont,39570,317,2.6,TransakAuto,Agence LONS LE SAUNIER,2
Labruyère-Dorsa,31190,317,8.1,TransakAuto,Agence EAUNES,4
Terny-Sorny,02880,317,8.9,Simplicicar,soissons,1
Brognon,21490,317,10.1,AgenceAuto,dijon,3
Saint-François-Lacroix,57320,317,12.5,TransakAuto,"Agence BRUXELLES, BELGIQUE",1
Puisieux,77139,317,12.9,TransakAuto,Agence DAMMARTIN EN GOELE,2
Le Mung,17350,317,14.7,TransakAuto,Agence SAINTES,1
Montigny-en-Arrouaise,02110,317,15.9,TransakAuto,Agence SAINT-QUENTIN,2
Limey-Remenauville,54470,317,16.1,TransakAuto,Agence METZ,1
Navacelles,30580,317,16.6,TransakAuto,Agence ALES,1
Aubiac,33430,317,17.8,TransakAuto,Agence LANGON,1
Maizières,70190,317,18.3,AgenceAuto,vesoul,1
Mazerier,03800,317,18.7,Simplicicar,vichy,1
Châtillon,03210,317,19.1,TransakAuto,Agence MOULINS,1
Saint-Avit,26330,317,19.1,TransakAuto,Agence ROMANS SUR ISERE,1
Courvières,25560,317,19.3,Simplicicar,pontarlier,1
Maizilly,42750,317,19.9,TransakAuto,Agence ROANNE,1
Échevronne,21420,316,10.1,Simplicicar,beaune,1
Loubens,33190,316,10.3,TransakAuto,Agence LANGON,1
Parbayse,64360,316,10.7,TransakAuto,Agence PAU,2
Échigey,21110,316,17.3,TransakAuto,Agence DIJON,2
Lugasson,33760,316,17.5,TransakAuto,Agence LIBOURNE,1
Fontaine-sur-Ay,51160,316,18.8,Simplicicar,reims,1
Champey-sur-Moselle,54700,315,4.3,TransakAuto,Agence METZ,1
Bertrimoutier,88520,315,5.6,AgenceAuto,saint-die-des-vosges,1
Magstatt-le-Haut,68510,315,11.5,AgenceAuto,saint-louis,4
Petitmagny,90170,315,13.1,AgenceAuto,belfort,2
Bierville,76750,315,13.8,TransakAuto,Agence ROUEN,1
Leugny,89130,315,17.8,TransakAuto,Agence AUXERRE,1
Les Bouchoux,39370,315,18.8,TransakAuto,Agence GEX,2
Clarbec,14130,314,7.1,TransakAuto,Agence DEAUVILLE,1
Forest-l'Abbaye,80150,314,8.1,TransakAuto,Agence ABBEVILLE,1
Empeaux,31470,314,8.5,AgenceAuto,toulouse-fontenilles,2
Bietlenheim,67720,314,8.9,TransakAuto,Agence STRASBOURG NORD,3
Bœsenbiesen,67390,314,9.0,AgenceAuto,selestat,2
Bouqueval,95720,314,10.3,AgenceAuto,la-croix-verte,6
Fresney,27220,314,12.0,TransakAuto,Agence EVREUX,2
Anais,17540,314,12.4,TransakAuto,Agence LA ROCHELLE / AYTRE,1
Grindorff-Bizing,57480,314,12.8,TransakAuto,"Agence BRUXELLES, BELGIQUE",1
Lupé,42520,314,12.9,TransakAuto,Agence DAVEZIEUX,1
Saint-Félix-de-Villadeix,24510,314,13.4,TransakAuto,Agence BERGERAC,1
Marles-sur-Canche,62170,314,13.4,TransakAuto,Agence LE TOUQUET,1
Singleyrac,24500,314,14.0,TransakAuto,Agence BERGERAC,1
Authoison,70190,314,14.8,AgenceAuto,vesoul,1
Beaumettes,84220,314,15.4,TransakAuto,Agence L&rsquo;ISLE SUR LA SORGUE,1
Cunèges,24240,314,15.5,TransakAuto,Agence BERGERAC,1
Courçais,03370,314,16.3,TransakAuto,Agence MONTLUCON,1
Memmelshoffen,67250,314,17.5,TransakAuto,Agence HAGUENAU,1
Fargues,40500,314,18.8,TransakAuto,Agence MONT DE MARSAN,1
Saint-Brice,33540,314,19.4,TransakAuto,Agence LANGON,1
Fauville,27930,313,1.1,Simplicicar,evreux,2
Blécourt,59268,313,4.9,TransakAuto,Agence CAMBRAI,1
Parnes,60240,313,9.9,TransakAuto,Agence GISORS,2
Blésignac,33670,313,14.7,TransakAuto,Agence LIBOURNE,1
Hudiviller,54110,313,15.5,AgenceAuto,nancy,3
Orvilliers-Saint-Julien,10170,313,16.0,TransakAuto,Agence TROYES,2
Aulon,31420,313,16.0,Simplicicar,https://www.simplicicar.com/content/170-oncession-st-gaudens,1
Villainville,76280,313,16.5,TransakAuto,Agence LE HAVRE,1
Autry-Issards,03210,313,16.9,TransakAuto,Agence MOULINS,1
Saint-Geneys-près-Saint-Paulien,43350,313,17.2,Simplicicar,puy-en-velay,1
Nouhant,23170,313,17.9,TransakAuto,Agence MONTLUCON,1
Aulnois-sur-Seille,57590,313,18.2,TransakAuto,Agence METZ,1
Oinville-sous-Auneau,28700,313,18.6,TransakAuto,Agence RAMBOUILLET,2
Montarlot-lès-Rioz,70190,313,18.8,TransakAuto,Agence BESANCON,1
Gailhan,30260,313,19.5,TransakAuto,Agence LUNEL,1
Riville,76540,313,19.6,TransakAuto,Agence YVETOT,1
Champs,02670,313,20.0,Simplicicar,soissons,1
Villers-Buzon,25170,312,4.7,Simplicicar,besancon,4
Villez-sous-Bailleul,27950,312,7.5,Simplicicar,vernon,4
Bouze-lès-Beaune,21200,312,8.6,Simplicicar,beaune,1
Sainte-Colombe-près-Vernon,27950,312,9.8,Simplicicar,vernon,3
Beaumont-lès-Randan,63310,312,16.4,Simplicicar,vichy,1
Chemin,39120,312,18.2,AgenceAuto,dole,1
Dosches,10220,312,19.0,Simplicicar,troyes,2
Ranrupt,67420,312,19.6,AgenceAuto,saint-die-des-vosges,1
Laubach,67580,311,6.3,TransakAuto,Agence HAGUENAU,1
Boulin,65350,311,8.0,TransakAuto,Agence TARBES,1
Bar,19800,311,10.6,AgenceAuto,tulle,1
Bragayrac,31470,311,11.4,AgenceAuto,toulouse-fontenilles,1
Ermenonville-la-Grande,28120,311,11.5,TransakAuto,Agence CHARTRES,1
Vauxrenard,69820,311,11.8,TransakAuto,Agence MACON,1
Montégut-Plantaurel,09120,311,12.0,Simplicicar,pamiers,1
Villers-en-Vexin,27420,311,14.4,TransakAuto,Agence GISORS,3
Neuvy,41250,311,18.2,TransakAuto,Agence BLOIS,1
Figarol,31260,311,18.7,Simplicicar,https://www.simplicicar.com/content/170-oncession-st-gaudens,1
Saint-Julien-Innocence-Eulalie,24500,311,19.2,TransakAuto,Agence BERGERAC,1
Prades-Salars,12290,311,19.7,TransakAuto,Agence RODEZ,1
Adelans-et-le-Val-de-Bithaine,70200,311,19.7,AgenceAuto,vesoul,1
Courcelles-sur-Viosne,95650,310,3.9,AgenceAuto,cergy-pontoise,6
Sains-lès-Marquion,62860,310,11.2,TransakAuto,Agence CAMBRAI,1
Vaux,31540,310,12.4,TransakAuto,Agence VILLEFRANCHE-DE-LAURAGAIS,1
Argenvilliers,28480,310,13.1,AgenceAuto,nogent-le-rotrou,1
Latoue,31800,310,13.1,Simplicicar,https://www.simplicicar.com/content/170-oncession-st-gaudens,1
Théville,50330,310,14.0,TransakAuto,Agence CHERBOURG-EN-COTENTIN,1
Royville,76730,310,14.0,AgenceAuto,yerville,2
La Champenoise,36100,310,17.2,TransakAuto,Agence CHATEAUROUX,2
Le Noyer,05500,310,17.5,TransakAuto,Agence GAP,1
Villers-lès-Luxeuil,70300,310,18.3,AgenceAuto,vesoul,1
Mansonville,82120,310,18.4,TransakAuto,Agence AGEN,1
Journy,62850,310,18.4,Simplicicar,saint-omer,1
Égligny,77126,310,18.8,TransakAuto,Agence PROVINS,1
Saint-Jean-Poutge,32190,310,19.4,TransakAuto,Agence AUCH,1
Billancelles,28190,310,19.6,TransakAuto,Agence CHARTRES,1
Champvans-les-Moulins,25170,309,2.9,AgenceAuto,besancon-valentin,4
Mey,57070,309,5.0,AgenceAuto,metz,2
Saint-Meslin-du-Bosc,27370,309,15.9,TransakAuto,Agence ELBEUF,1
Beauregard-et-Bassac,24140,309,17.3,TransakAuto,Agence BERGERAC,1
Urbeis,67220,309,17.9,AgenceAuto,saint-die-des-vosges,2
Cormont,62630,309,18.2,TransakAuto,Agence LE TOUQUET,1
Paars,02220,309,18.4,Simplicicar,soissons,1
Lagnicourt-Marcel,62159,309,18.5,TransakAuto,Agence ARRAS,3
Quintigny,39570,308,6.8,AgenceAuto,lons-le-saunier,2
Moncley,25170,308,7.9,AgenceAuto,besancon-valentin,4
Petit-Croix,90130,308,8.7,AgenceAuto,belfort,3
Lodes,31800,308,9.4,Simplicicar,https://www.simplicicar.com/content/170-oncession-st-gaudens,1
Nogna,39570,308,9.8,TransakAuto,Agence LONS LE SAUNIER,2
Mont-Saint-Vincent,71300,308,11.0,AgenceAuto,montceau-les-mines,1
Tœufles,80870,308,11.5,TransakAuto,Agence ABBEVILLE,1
Branscourt,51140,308,11.6,Simplicicar,reims,2
Mignères,45490,308,12.5,TransakAuto,Agence MONTARGIS,1
Brugairolles,11300,308,14.6,TransakAuto,Agence CARCASSONNE,2
Domqueur,80620,308,15.4,TransakAuto,Agence ABBEVILLE,1
Montboillon,70700,308,15.7,AgenceAuto,besancon-valentin,3
Grandjean,17350,308,16.0,TransakAuto,Agence SAINTES,1
Hauteville,62810,308,17.0,TransakAuto,Agence ARRAS,2
Lamothe,40250,308,17.8,TransakAuto,Agence MONT DE MARSAN,1
Saint-Pons,07580,308,18.5,TransakAuto,Agence MONTELIMAR,1
La Chapelle-Craonnaise,53230,308,19.4,TransakAuto,Agence LAVAL,1
Haynecourt,59268,307,6.7,TransakAuto,Agence CAMBRAI,2
Saint-Vigor,27930,307,7.6,Simplicicar,evreux,3
Bonneville-sur-Touques,14800,307,8.0,TransakAuto,Agence DEAUVILLE,1
Saint-Samson,14670,307,9.5,TransakAuto,Agence CAEN,1
Madirac,33670,307,11.2,TransakAuto,Agence CADAUJAC,3
Emlingen,68130,307,12.2,AgenceAuto,mulhouse-sud,4
Bacquepuis,27930,307,12.3,Simplicicar,evreux,2
Lombreuil,45700,307,12.7,TransakAuto,Agence MONTARGIS,1
Diefmatten,68780,307,14.7,AgenceAuto,mulhouse-sud,1
Putot-en-Auge,14430,307,15.9,TransakAuto,Agence CAEN,1
Pronville-en-Artois,62860,307,16.3,TransakAuto,Agence CAMBRAI,2
Les Poulières,88600,307,16.4,AgenceAuto,saint-die-des-vosges,1
Crésantignes,10320,307,16.5,AgenceAuto,troyes,1
Bussy-Lettrée,51320,307,19.1,AgenceAuto,chalons-en-champagne,1
Saint-Vincent-sur-l'Isle,24420,307,19.3,TransakAuto,Agence PERIGUEUX,1
Pennedepie,14600,306,13.0,TransakAuto,Agence DEAUVILLE,2
Colombiers,17460,306,13.4,TransakAuto,Agence SAINTES,1
Aizy-Jouy,02370,306,13.6,Simplicicar,soissons,1
Saint-Point-Lac,25160,306,14.0,AgenceAuto,pontarlier,2
Chevannes,45210,306,15.9,TransakAuto,Agence MONTARGIS,1
Saint-Crespin,76590,306,16.1,TransakAuto,Agence DIEPPE,1
Gaja-et-Villedieu,11300,306,17.7,Simplicicar,carcassonne,2
Belleydoux,01130,306,18.9,TransakAuto,Agence GEX,2
Salavre,01270,306,19.8,TransakAuto,Agence BOURG-EN-BRESSE,1
Vascœuil,27910,306,19.8,TransakAuto,Agence ROUEN,1
Malay-le-Petit,89100,305,6.8,TransakAuto,Agence SENS,1
Fouquerolles,60510,305,7.9,TransakAuto,Agence BEAUVAIS,2
Sainte-Mondane,24370,305,9.0,TransakAuto,Agence SARLAT,1
Dierrey-Saint-Pierre,10190,305,11.4,TransakAuto,Agence TROYES,3
Saint-Pierre-d'Alvey,73170,305,12.2,Simplicicar,aix-les-bains,2
Canville-les-Deux-Églises,76560,305,12.7,AgenceAuto,yerville,2
Chenevrey-et-Morogne,70150,305,12.9,Simplicicar,besancon,3
Saint-Germain-sous-Cailly,76690,305,13.9,TransakAuto,Agence ROUEN,1
Hautot-l'Auvray,76450,305,14.6,AgenceAuto,yerville,2
École,73630,305,14.8,TransakAuto,Agence ALBERTVILLE,1
Le Plessis-Placy,77440,305,15.1,TransakAuto,Agence MEAUX,2
Fontenois-lès-Montbozon,70230,305,15.8,AgenceAuto,vesoul,1
Saint-Antoine,25370,305,16.2,AgenceAuto,pontarlier,2
Étevaux,21270,305,17.0,Simplicicar,dijon,3
Contay,80560,305,18.1,TransakAuto,Agence AMIENS,1
Puynormand,33660,305,19.4,TransakAuto,Agence LIBOURNE,1
Dagny,77320,305,19.7,TransakAuto,Agence PROVINS,1
La Grée-Saint-Laurent,56120,304,7.3,TransakAuto,Agence PLOERMEL,1
Blairville,62173,304,10.2,TransakAuto,Agence ARRAS,2
Saint-Martin-des-Champs,78790,304,11.6,AgenceAuto,epone,3
Montbarrey,39380,304,13.0,AgenceAuto,dole,1
Mailhoc,81130,304,13.1,TransakAuto,Agence ALBI,1
Estrée,62170,304,14.6,TransakAuto,Agence LE TOUQUET,1
Le Mayet-d'École,03800,304,14.8,Simplicicar,vichy,1
Cabanac,65350,304,15.3,TransakAuto,Agence TARBES,1
Cramont,80370,304,15.4,TransakAuto,Agence ABBEVILLE,1
Saint-Jean-de-Couz,73160,304,15.8,Simplicicar,aix-les-bains,2
Rouvrel,80250,304,16.8,AgenceAuto,amiens,1
Montcabrier,81500,304,18.1,AgenceAuto,toulouse-nord,2
Saint-Agnan,81500,304,19.1,AgenceAuto,toulouse-nord,1
Trie-la-Ville,60590,303,4.5,TransakAuto,Agence GISORS,1
Mervilla,31320,303,5.3,AgenceAuto,toulouse-sud-est-labege,6
Chérisay,72610,303,9.6,TransakAuto,Agence ALENCON,1
Gigouzac,46150,303,12.1,TransakAuto,Agence CAHORS,1
Montastruc,82130,303,13.1,TransakAuto,Agence MONTAUBAN,2
Thédirac,46150,303,15.6,TransakAuto,Agence CAHORS,1
Les Pechs du Vers,46360,303,16.5,TransakAuto,Agence CAHORS,1
Meillard,03500,303,19.7,TransakAuto,Agence MOULINS,1
Jaméricourt,60240,302,6.9,TransakAuto,Agence GISORS,1
Escobecques,59320,302,10.0,AgenceAuto,lille-seclin,6
Nantouillet,77230,302,10.9,TransakAuto,Agence DAMMARTIN EN GOELE,5
Ganties,31160,302,13.3,Simplicicar,https://www.simplicicar.com/content/170-oncession-st-gaudens,1
Saint-Quentin-en-Tourmont,80120,302,15.2,TransakAuto,Agence LE TOUQUET,1
Lammerville,76730,302,15.9,AgenceAuto,yerville,2
Cosmes,53230,302,16.7,TransakAuto,Agence LAVAL,1
Montastruc-de-Salies,31160,302,18.6,Simplicicar,https://www.simplicicar.com/content/170-oncession-st-gaudens,1
Courlandon,51170,302,19.3,Simplicicar,reims,1
Vevy,39570,301,7.2,TransakAuto,Agence LONS LE SAUNIER,2
Semondans,25750,301,7.3,AgenceAuto,hericourt,4
Rottelsheim,67170,301,7.9,TransakAuto,Agence HAGUENAU,3
Saint-Jacques-d'Atticieux,07340,301,8.8,TransakAuto,Agence DAVEZIEUX,1
Berthez,33124,301,9.2,TransakAuto,Agence LANGON,1
Dury,62156,301,13.8,TransakAuto,Agence DOUAI,4
Mars-sur-Allier,58240,301,15.4,AgenceAuto,nevers,1
La Neuville-sur-Oudeuil,60690,301,15.7,TransakAuto,Agence BEAUVAIS,2
Saint-Étienne-Roilaye,60350,301,16.6,Simplicicar,compiegne,2
Boissets,78910,301,17.1,TransakAuto,Agence MANTES-LA-JOLIE,1
Béhencourt,80260,301,17.2,TransakAuto,Agence AMIENS,1
Locquignol,59530,301,17.2,TransakAuto,Agence MAUBEUGE,1
Bult,88700,301,17.4,TransakAuto,Agence EPINAL,2
Pointel,61220,301,18.2,TransakAuto,Agence FLERS,1
Marly-sur-Arroux,71420,301,18.8,AgenceAuto,montceau-les-mines,1
Nourard-le-Franc,60130,301,19.9,TransakAuto,Agence BEAUVAIS,1
Chambors,60240,300,3.6,TransakAuto,Agence GISORS,1
Novillard,90340,300,7.7,AgenceAuto,belfort,3
Blienschwiller,67650,300,9.2,AgenceAuto,selestat,1
Bettlach,68480,300,10.4,TransakAuto,Agence SAINT-LOUIS,2
Serrières,71960,300,11.2,TransakAuto,Agence MACON,1
Malpas,25160,300,12.0,AgenceAuto,pontarlier,2
Bagnoles,11600,300,12.6,Simplicicar,carcassonne,2
Nanteuil-la-Forêt,51480,300,13.9,Simplicicar,reims,2
Preux-au-Sart,59144,300,16.2,AgenceAuto,valenciennes,3
Cartigny-l'Épinay,14330,300,16.9,TransakAuto,Agence SAINT-LO,1
Agonges,03210,300,17.0,TransakAuto,Agence MOULINS,1
Saint-Jouin,14430,300,17.2,TransakAuto,Agence DEAUVILLE,2
Cachy,80800,300,17.3,AgenceAuto,amiens,1
Montaigu-le-Blin,03150,300,18.0,Simplicicar,vichy,1
Grandchamp,78113,300,18.4,TransakAuto,Agence RAMBOUILLET,2
Soudron,51320,300,19.4,AgenceAuto,chalons-en-champagne,1
Pompierre-sur-Doubs,25340,300,19.7,TransakAuto,Agence MONTBELIARD,1
Touët-de-l'Escarène,06440,300,20.0,Simplicicar,nice,1
Pierreville,54160,299,9.8,TransakAuto,Agence NANCY,3
Villers-le-Château,51510,299,10.3,AgenceAuto,chalons-en-champagne,1
Mijoux,01170,299,13.8,AgenceAuto,saint-genis-pouilly,2
Grand-Rozoy,02210,299,14.4,Simplicicar,soissons,1
Fléville-Lixières,54150,299,14.7,TransakAuto,Agence SAINT-DIZIER,1
Mory,62159,299,15.4,TransakAuto,Agence ARRAS,2
Jarret,65100,299,16.5,TransakAuto,Agence TARBES,1
Chassant,28480,299,19.1,AgenceAuto,nogent-le-rotrou,1
Saint-Ulrich,68210,299,19.2,AgenceAuto,belfort,1
Coisevaux,70400,298,4.8,AgenceAuto,hericourt,4
Allondaz,73200,298,5.7,TransakAuto,Agence ALBERTVILLE,1
Parville,27180,298,5.9,TransakAuto,Agence EVREUX,2
Vernantois,39570,298,6.0,TransakAuto,Agence LONS LE SAUNIER,2
Villers-Franqueux,51220,298,6.6,TransakAuto,Agence REIMS,2
Méneslies,80520,298,7.9,TransakAuto,"Agence MONS, BELGIQUE",1
Hardencourt-Cocherel,27120,298,9.4,Simplicicar,evreux,3
Izaut-de-l'Hôtel,31160,298,9.7,Simplicicar,https://www.simplicicar.com/content/170-oncession-st-gaudens,1
Bernienville,27180,298,12.1,Simplicicar,evreux,2
Tarnès,33240,298,12.7,TransakAuto,Agence LIBOURNE,3
Wylder,59380,298,12.7,TransakAuto,Agence DUNKERQUE,3
Les Clérimois,89190,298,12.8,TransakAuto,Agence SENS,1
Pressy,62550,298,13.6,TransakAuto,Agence BETHUNE,1
Rouvres-Saint-Jean,45300,298,14.9,TransakAuto,Agence ETAMPES,1
Sommeval,10320,298,15.0,AgenceAuto,troyes,1
Foissy-sur-Vanne,89190,298,16.1,TransakAuto,Agence SENS,1
Saint-Flavy,10350,298,16.7,TransakAuto,Agence TROYES,2
Ricquebourg,60490,298,17.0,TransakAuto,Agence COMPIEGNE,2
Neuville-en-Avesnois,59218,298,17.9,AgenceAuto,valenciennes,1
Gomer,64420,298,19.4,TransakAuto,Agence PAU,2
Saint-Martin-aux-Arbres,76760,297,1.7,AgenceAuto,yerville,2
Chauvry,95560,297,2.3,AgenceAuto,la-croix-verte,7
Chis,65800,297,10.5,TransakAuto,Agence TARBES,1
Thénisy,77520,297,11.7,TransakAuto,Agence PROVINS,1
Grandvillers-aux-Bois,60190,297,13.8,TransakAuto,Agence COMPIEGNE,2
Bretteville-le-Rabet,14190,297,18.3,TransakAuto,Agence CAEN,1
Chichée,89800,297,18.5,TransakAuto,Agence AUXERRE,1
Littenheim,67490,297,18.7,TransakAuto,Agence STRASBOURG NORD,1
Belleuse,80160,297,20.0,AgenceAuto,amiens,1
La Malachère,70190,297,20.0,AgenceAuto,vesoul,1
Lantillac,56120,296,6.0,TransakAuto,Agence PLOERMEL,1
Gauchin-Légal,62150,296,9.2,TransakAuto,Agence BETHUNE,2
Chevigney-sur-l'Ognon,25170,296,9.3,AgenceAuto,besancon-valentin,4
Souyeaux,65350,296,9.5,TransakAuto,Agence TARBES,1
Bizeneuille,03170,296,11.3,TransakAuto,Agence MONTLUCON,1
Treilles-en-Gâtinais,45490,296,12.1,TransakAuto,Agence MONTARGIS,1
Brussey,70150,296,12.2,AgenceAuto,besancon-valentin,4
Esperce,31190,296,13.3,TransakAuto,Agence EAUNES,1
Maureville,31460,296,14.0,TransakAuto,Agence VILLEFRANCHE-DE-LAURAGAIS,2
Yvrench,80150,296,14.5,TransakAuto,Agence ABBEVILLE,1
Dennevy,71510,296,14.9,TransakAuto,Agence CHALON-SUR-SAONE,1
Brissay-Choigny,02240,296,15.5,TransakAuto,Agence SAINT-QUENTIN,2
Ville-en-Selve,51500,296,15.8,Simplicicar,reims,2
Beux,57580,296,15.9,TransakAuto,Agence METZ,2
Douriez,62870,296,18.0,TransakAuto,Agence LE TOUQUET,1
Santenay,41190,296,19.4,TransakAuto,Agence BLOIS,1
Frettemeule,80220,296,19.4,TransakAuto,"Agence MONS, BELGIQUE",1
Le Castellet,04700,296,19.8,TransakAuto,Agence MANOSQUE,1
Chille,39570,295,1.9,TransakAuto,Agence LONS LE SAUNIER,2
Campigneulles-les-Grandes,62170,295,4.5,TransakAuto,Agence LE TOUQUET,1
Davron,78810,295,5.9,TransakAuto,Agence LES CLAYES SOUS BOIS,5
Voulton,77560,295,6.7,TransakAuto,Agence PROVINS,1
Gimbrède,32340,295,9.2,TransakAuto,Agence AGEN,1
Le Carlaret,09100,295,9.4,Simplicicar,pamiers,1
Saint-Martin-le-Gaillard,76260,295,10.0,TransakAuto,"Agence MONS, BELGIQUE",1
Milon-la-Chapelle,78470,295,11.0,TransakAuto,Agence LES CLAYES SOUS BOIS,3
Saires-la-Verrerie,61220,295,11.2,TransakAuto,Agence FLERS,1
Gamaches-en-Vexin,27150,295,12.2,TransakAuto,Agence GISORS,2
Vassel,63910,295,15.1,TransakAuto,Agence CLERMONT FERRAND SUD,1
Willer,68960,295,15.3,AgenceAuto,saint-louis,3
Brias,62130,295,16.6,TransakAuto,Agence BETHUNE,1
Mérignas,33350,295,17.4,TransakAuto,Agence LIBOURNE,1
Averdoingt,62127,295,18.9,TransakAuto,Agence BETHUNE,1
Charcenne,70700,295,19.2,AgenceAuto,besancon-valentin,1
Gouvets,50420,295,19.4,TransakAuto,Agence SAINT-LO,1
Pomps,64370,295,19.4,Simplicicar,pau,1
Montmartin,60190,294,8.7,TransakAuto,Agence COMPIEGNE,2
Juvignies,60112,294,9.0,TransakAuto,Agence BEAUVAIS,2
Champenard,27600,294,10.5,Simplicicar,vernon,3
Torfou,91730,294,10.8,TransakAuto,Agence ETAMPES,1
Velleminfroy,70240,294,11.9,AgenceAuto,vesoul,1
Les Authieux,27220,294,12.5,TransakAuto,Agence EVREUX,3
Colombier,42220,294,13.2,TransakAuto,Agence DAVEZIEUX,2
Saint-Abit,64800,294,15.5,TransakAuto,Agence PAU,2
Sains-lès-Pernes,62550,294,16.3,TransakAuto,Agence BETHUNE,1
Aspin-en-Lavedan,65100,294,17.7,TransakAuto,Agence TARBES,1
Lissac,43350,294,18.3,Simplicicar,puy-en-velay,1
Cassagnes,66720,294,19.1,TransakAuto,Agence PERPIGNAN NORD SAINT ESTEVE,1
Vieux-lès-Asfeld,08190,294,19.3,TransakAuto,Agence REIMS,1
Sénac,65140,294,19.4,TransakAuto,Agence TARBES,1
Saint-Vincent-le-Paluel,24200,293,3.4,TransakAuto,Agence SARLAT,1
Haute-Isle,95780,293,4.2,AgenceAuto,vernon,4
Menotey,39290,293,9.3,AgenceAuto,dole,1
Chérisy,62128,293,9.9,TransakAuto,Agence ARRAS,3
Saint-Pierre-du-Jonquet,14670,293,10.9,TransakAuto,Agence CAEN,1
Saint-Pierre,51510,293,11.2,AgenceAuto,chalons-en-champagne,1
Ville-sur-Yron,54800,293,12.4,TransakAuto,Agence SAINT-DIZIER,1
Oudeuil,60860,293,13.2,TransakAuto,Agence BEAUVAIS,2
Larroque,31580,293,13.7,Simplicicar,https://www.simplicicar.com/content/170-oncession-st-gaudens,1
Saint-Félix-de-Foncaude,33540,293,14.2,TransakAuto,Agence LANGON,1
Peseux,39120,293,14.4,AgenceAuto,dole,1
Cardesse,64360,293,14.8,TransakAuto,Agence PAU,1
Belmont-sur-Buttant,88600,293,16.8,AgenceAuto,saint-die-des-vosges,1
Riverie,69440,293,16.8,Simplicicar,lyon-ouest,1
Le Saulcy,88210,293,18.5,AgenceAuto,saint-die-des-vosges,1
Troisvaux,62130,293,19.1,TransakAuto,Agence BETHUNE,1
Charonville,28120,293,19.4,TransakAuto,Agence CHARTRES,1
Chauffours,28120,292,9.4,TransakAuto,Agence CHARTRES,1
Les Plans,30340,292,13.6,TransakAuto,Agence ALES,1
Deycimont,88600,292,14.3,AgenceAuto,epinal,2
Quercamps,62380,292,15.6,Simplicicar,saint-omer,1
Grandcourt,76660,292,17.6,TransakAuto,"Agence MONS, BELGIQUE",1
Lasserre-de-Prouille,11270,292,18.7,TransakAuto,Agence CARCASSONNE,2
Éply,54610,291,4.9,TransakAuto,Agence METZ,1
Charmentray,77410,291,6.0,TransakAuto,Agence MEAUX,4
Lépine,62170,291,6.0,TransakAuto,Agence LE TOUQUET,1
Le Plessis-l'Évêque,77165,291,8.2,TransakAuto,Agence MEAUX,4
Anvéville,76560,291,9.1,TransakAuto,Agence YVETOT,2
Pontcey,70360,291,10.4,AgenceAuto,vesoul,1
Ourches,26120,291,10.8,TransakAuto,Agence VALENCE,2
Osmoy,18390,291,12.6,TransakAuto,Agence BOURGES,1
Balaiseaux,39120,291,13.4,AgenceAuto,dole,1
Dompierre-les-Tilleuls,25560,291,13.9,Simplicicar,pontarlier,2
Thibie,51510,291,14.4,AgenceAuto,chalons-en-champagne,1
Saint-Léon,33670,291,16.3,TransakAuto,Agence LIBOURNE,1
Lutter,68480,291,17.2,TransakAuto,Agence SAINT-LOUIS,2
Ernemont-sur-Buchy,76750,291,19.6,TransakAuto,Agence ROUEN,1
Merschweiller,57480,290,4.4,TransakAuto,"Agence BRUXELLES, BELGIQUE",2
Sannes,84240,290,9.0,TransakAuto,Agence PERTUIS,3
Pontru,02490,290,10.6,AgenceAuto,saint-quentin,2
Saint-Bénézet,30350,290,11.3,TransakAuto,Agence ALES,1
Auxey-Duresses,21190,290,11.5,Simplicicar,beaune,1
La Tranclière,01160,290,13.3,AgenceAuto,bourg-en-bresse,2
Ligneyrac,19500,290,14.4,TransakAuto,Agence BRIVE-LA-GAILLARDE,2
Labéjan,32300,290,14.8,TransakAuto,Agence AUCH,1
Pasques,21370,290,16.7,AgenceAuto,dijon,3
Saint-Ouen-Marchefroy,28260,290,17.3,TransakAuto,Agence DREUX,2
Vernoux,01560,290,18.4,AgenceAuto,louhans,1
Saint-Léger-sous-la-Bussière,71520,290,18.9,TransakAuto,Agence MACON,1
Banvillars,90800,289,3.4,AgenceAuto,hericourt,4
Saint-Aubin,62170,289,5.3,TransakAuto,Agence LE TOUQUET,1
Valserres,05130,289,8.2,TransakAuto,Agence GAP,1
Vichères,28480,289,9.7,AgenceAuto,nogent-le-rotrou,1
Dimont,59216,289,11.5,TransakAuto,Agence MAUBEUGE,1
Moyenneville,62121,289,12.4,TransakAuto,Agence ARRAS,2
Jongieux,73170,289,16.3,TransakAuto,Agence CHAMBERY,2
Aigny,51150,289,16.8,AgenceAuto,chalons-en-champagne,1
Lacquy,40120,289,17.5,TransakAuto,Agence MONT DE MARSAN,1
Cléron,25330,289,18.5,Simplicicar,caen,2
Le Mesnil-Amey,50570,288,9.1,TransakAuto,Agence SAINT-LO,1
Juvigny,02880,288,9.1,Simplicicar,soissons,1
Nevy-lès-Dole,39380,288,9.6,AgenceAuto,dole,1
Halstroff,57480,288,10.7,TransakAuto,"Agence BRUXELLES, BELGIQUE",1
Charentenay,89580,288,11.2,TransakAuto,Agence AUXERRE,1
Miossens-Lanusse,64450,288,13.0,Simplicicar,pau,2
Hendecourt-lès-Cagnicourt,62182,288,13.4,TransakAuto,Agence ARRAS,3
Beleymas,24140,288,15.5,TransakAuto,Agence BERGERAC,1
Hestrud,59740,288,15.9,TransakAuto,Agence MAUBEUGE,1
Cernoy,60190,288,17.6,TransakAuto,Agence COMPIEGNE,2
Grangues,14160,288,17.8,TransakAuto,Agence CAEN,2
Venouse,89230,288,19.0,TransakAuto,Agence AUXERRE,1
Lahosse,40250,288,19.6,TransakAuto,Agence DAX,1
Maxou,46090,287,8.0,TransakAuto,Agence CAHORS,1
Sallenelles,14121,287,8.4,TransakAuto,Agence CAEN,1
Dommiers,02600,287,11.0,Simplicicar,soissons,1
Estrées-sur-Noye,80250,287,11.9,AgenceAuto,amiens,2
Adinfer,62116,287,13.0,TransakAuto,Agence ARRAS,2
Siradan,65370,287,13.4,Simplicicar,https://www.simplicicar.com/content/170-oncession-st-gaudens,1
Saint-Georges-sur-l'Aa,59820,287,14.7,TransakAuto,Agence DUNKERQUE,3
Auxelles-Haut,90200,287,16.8,AgenceAuto,belfort,2
Lajoux,01410,287,17.5,TransakAuto,Agence GEX,2
Senargent-Mignafans,70110,287,18.0,AgenceAuto,hericourt,1
Domléger-Longvillers,80370,287,18.1,TransakAuto,Agence ABBEVILLE,1
Mersuay,70160,287,18.5,AgenceAuto,vesoul,1
Baugy,60113,286,5.4,TransakAuto,Agence COMPIEGNE,2
Bey,01290,286,5.8,TransakAuto,Agence MACON,1
Durcet,61100,286,9.9,TransakAuto,Agence FLERS,1
Thiancourt,90100,286,12.8,AgenceAuto,montbeliard,4
Velaine-sous-Amance,54280,286,13.0,AgenceAuto,nancy,3
Saint-Gilles,71510,286,14.1,TransakAuto,Agence CHALON-SUR-SAONE,1
Magny,68210,286,14.2,AgenceAuto,belfort,1
Douchy-lès-Ayette,62116,286,14.6,TransakAuto,Agence ARRAS,2
Caucalières,81200,286,15.1,TransakAuto,Agence CASTRES,1
Scey-Maisières,25290,286,16.2,TransakAuto,Agence BESANCON,3
Bihucourt,62121,286,18.1,TransakAuto,Agence ARRAS,2
Lucey,73170,286,19.1,TransakAuto,Agence CHAMBERY,2
Saint-Mayme-de-Péreyrol,24380,286,19.7,TransakAuto,Agence PERIGUEUX,1
Grimbosq,14220,286,19.9,TransakAuto,Agence CAEN,1
Vincelottes,89290,285,4.7,TransakAuto,Agence AUXERRE,1
Boinville-en-Mantois,78930,285,6.0,AgenceAuto,epone,3
Le Vernois,39210,285,6.3,TransakAuto,Agence LONS LE SAUNIER,2
Colombier,24560,285,7.7,TransakAuto,Agence BERGERAC,1
Hurbache,88210,285,9.5,AgenceAuto,saint-die-des-vosges,1
Saint-Nicolas-des-Bois,61250,285,9.8,TransakAuto,Agence ALENCON,1
Routes,76560,285,11.9,AgenceAuto,yerville,2
Rocques,14100,285,13.2,TransakAuto,Agence DEAUVILLE,1
Pichanges,21120,285,13.2,AgenceAuto,dijon,3
Omonville,76730,285,14.5,TransakAuto,Agence DIEPPE,2
Hotot-en-Auge,14430,285,14.7,TransakAuto,Agence CAEN,1
Augea,39190,285,15.1,AgenceAuto,louhans,3
Doucier,39130,285,15.6,TransakAuto,Agence LONS LE SAUNIER,2
Rouède,31160,285,16.9,Simplicicar,https://www.simplicicar.com/content/170-oncession-st-gaudens,1
Valojoulx,24290,285,17.8,TransakAuto,Agence SARLAT,1
Saint-Paul-le-Gaultier,72130,285,18.2,TransakAuto,Agence ALENCON,1
Paris-l'Hôpital,71150,285,18.2,TransakAuto,Agence CHALON-SUR-SAONE,1
Maisoncelle-Tuilerie,60480,285,18.4,TransakAuto,Agence BEAUVAIS,1
Ruyaulcourt,62124,285,18.6,TransakAuto,Agence CAMBRAI,1
Pissy,80540,284,7.8,AgenceAuto,amiens,2
Higuères-Souye,64160,284,10.7,Simplicicar,pau,2
Saint-Hippolyte-de-Caton,30360,284,10.9,TransakAuto,Agence ALES,1
Reichsfeld,67140,284,11.8,AgenceAuto,selestat,1
Buissy,62860,284,15.1,TransakAuto,Agence CAMBRAI,4
Les Grandes-Loges,51400,284,15.4,AgenceAuto,chalons-en-champagne,1
Saint-Ange-et-Torçay,28170,284,15.9,TransakAuto,Agence DREUX,1
La Rochepot,21340,284,16.1,Simplicicar,beaune,1
Bézu-la-Forêt,27480,284,16.8,TransakAuto,Agence GISORS,1
Charleville-sous-Bois,57220,284,18.3,AgenceAuto,metz,1
Lagraulet-Saint-Nicolas,31480,284,18.5,TransakAuto,Agence FRONTON,1
Heurteauville,76940,284,18.9,TransakAuto,Agence YVETOT,1
Bonnevaux,74360,284,19.0,TransakAuto,Agence THONON-LES-BAINS,1
Villars-Saint-Georges,25410,283,7.3,Simplicicar,besancon,3
Saint-Amadou,09100,283,8.3,Simplicicar,pamiers,1
Saint-Jure,57420,283,8.6,TransakAuto,Agence METZ,1
Obrechies,59680,283,9.2,TransakAuto,Agence MAUBEUGE,1
Bagas,33190,283,9.4,TransakAuto,Agence LANGON,1
Théméricourt,95450,283,10.4,AgenceAuto,cergy-pontoise,6
Madière,09100,283,11.3,Simplicicar,pamiers,1
Larnas,07220,283,13.0,TransakAuto,Agence MONTELIMAR,2
Saint-Lucien,28210,283,14.2,TransakAuto,Agence RAMBOUILLET,1
Wacquemoulin,60420,283,15.9,TransakAuto,Agence COMPIEGNE,2
Marenla,62990,283,15.9,TransakAuto,Agence LE TOUQUET,1
Aubarède,65350,283,17.3,TransakAuto,Agence TARBES,1
Noyelles-sur-Sambre,59550,283,17.4,TransakAuto,Agence MAUBEUGE,1
Blandainville,28120,283,17.5,TransakAuto,Agence CHARTRES,1
Cormost,10800,283,17.8,AgenceAuto,troyes,1
Mazerulles,54280,283,18.4,AgenceAuto,nancy,2
Sainte-Cécile,71250,283,19.1,TransakAuto,Agence MACON,1
Les Voivres,88240,283,19.1,AgenceAuto,epinal,1
Dieffenthal,67650,282,5.5,AgenceAuto,selestat,1
Abbans-Dessus,25440,282,8.1,Simplicicar,besancon,4
Villeperrot,89140,282,8.5,TransakAuto,Agence SENS,1
Bernac-Dessus,65360,282,9.2,TransakAuto,Agence TARBES,1
Tugny-et-Pont,02640,282,11.0,AgenceAuto,saint-quentin,2
Saint-Vincent-d'Autéjac,82300,282,11.8,AgenceAuto,montauban,1
Dénestanville,76590,282,12.2,TransakAuto,Agence DIEPPE,1
Saint-Ouen-le-Mauger,76730,282,12.5,AgenceAuto,yerville,2
Larivière,90150,282,12.6,AgenceAuto,belfort,1
Orrouer,28190,282,13.2,TransakAuto,Agence CHARTRES,1
Champfrémont,53370,282,13.4,TransakAuto,Agence ALENCON,1
Saint-Genest-de-Contest,81440,282,14.9,TransakAuto,Agence ALBI,1
Chennevières-lès-Louvres,95380,282,15.5,TransakAuto,Agence DAMMARTIN EN GOELE,5
Le Mesnil-Villement,14690,282,16.7,TransakAuto,Agence FLERS,1
Nizerolles,03250,282,16.9,Simplicicar,vichy,1
Champvoux,58400,282,17.3,AgenceAuto,nevers,1
Autrechêne,90140,281,8.1,AgenceAuto,belfort,3
Drincham,59630,281,9.6,TransakAuto,Agence DUNKERQUE,4
Handschuheim,67117,281,11.5,AgenceAuto,strasbourg-nord,3
Beaumotte-lès-Pin,70150,281,12.0,AgenceAuto,besancon-valentin,4
Mary,71300,281,12.9,AgenceAuto,montceau-les-mines,1
Buswiller,67350,281,13.4,TransakAuto,Agence HAGUENAU,1
Fresnay-le-Comte,28360,281,13.6,TransakAuto,Agence CHARTRES,1
Médière,25250,281,14.0,TransakAuto,Agence MONTBELIARD,3
Épineuse,60190,281,15.9,AgenceAuto,senlis,5
Allainville,78660,281,17.9,TransakAuto,Agence ETAMPES,2
Le Pavillon-Sainte-Julie,10350,280,7.0,TransakAuto,Agence TROYES,3
Saint-Jean-le-Vieux,38420,280,7.3,TransakAuto,Agence GRENOBLE EST,3
Butot,76890,280,11.9,AgenceAuto,yerville,3
Pierregot,80260,280,12.6,TransakAuto,Agence AMIENS,2
Chérisey,57420,280,12.6,TransakAuto,Agence METZ,2
La Vernaz,74200,280,13.7,TransakAuto,Agence THONON-LES-BAINS,1
Huêtre,45520,280,14.5,TransakAuto,Agence ORLEANS,2
Neufvy-sur-Aronde,60190,280,14.6,TransakAuto,Agence COMPIEGNE,2
Langy,03150,280,15.2,Simplicicar,vichy,1
Castelnou,66300,280,16.2,TransakAuto,Agence PERPIGNAN NORD SAINT ESTEVE,1
Escondeaux,65140,280,16.3,TransakAuto,Agence TARBES,1
Maison-Ponthieu,80150,280,17.4,TransakAuto,Agence ABBEVILLE,1
Loupiac,46350,280,19.1,TransakAuto,Agence SARLAT,1
La Gimond,42140,279,10.3,Simplicicar,veauche,3
Saint-Félix,03260,279,10.3,Simplicicar,vichy,1
Roquebrune,33580,279,10.8,TransakAuto,Agence LANGON,1
Jallerange,25170,279,11.2,Simplicicar,besancon,3
Bleigny-le-Carreau,89230,279,11.5,TransakAuto,Agence AUXERRE,1
Marest,62550,279,11.8,TransakAuto,Agence BETHUNE,1
Labastide-du-Vert,46150,279,13.4,TransakAuto,Agence CAHORS,1
Gonnelieu,59231,279,14.1,TransakAuto,Agence CAMBRAI,1
Ouzouer-des-Champs,45290,279,14.8,TransakAuto,Agence MONTARGIS,1
Aulnay-sur-Marne,51150,279,15.2,AgenceAuto,chalons-en-champagne,1
Pailly,89140,279,16.1,TransakAuto,Agence SENS,1
Berneuil,80620,279,16.2,TransakAuto,Agence AMIENS,1
Talcy,41370,279,19.5,TransakAuto,Agence BLOIS,1
Les Authieux-sur-Calonne,14130,278,5.4,TransakAuto,Agence DEAUVILLE,1
Cuq,47220,278,5.5,TransakAuto,Agence AGEN,1
Laumesfeld,57480,278,10.2,TransakAuto,"Agence BRUXELLES, BELGIQUE",1
Hédouville,95690,278,11.2,TransakAuto,Agence CERGY,4
Frédéric-Fontaine,70200,278,12.7,AgenceAuto,hericourt,2
Villiers-sur-Seine,77114,278,13.3,TransakAuto,Agence PROVINS,1
Beaucourt-sur-l'Hallue,80260,278,14.8,TransakAuto,Agence AMIENS,2
Viersat,23170,278,16.1,TransakAuto,Agence MONTLUCON,1
Cerisy-Buleux,80140,278,18.8,TransakAuto,Agence ABBEVILLE,1
Saint-Didier,39570,277,4.5,AgenceAuto,lons-le-saunier,2
Saint-Avit,81110,277,5.7,TransakAuto,Agence CASTRES,1
Publy,39570,277,8.1,TransakAuto,Agence LONS LE SAUNIER,2
Rousseloy,60660,277,8.2,Simplicicar,st-maximin,3
Vaucourtois,77580,277,8.8,TransakAuto,Agence MEAUX,2
Nampty,80160,277,8.9,AgenceAuto,amiens,2
Marson,51240,277,10.9,AgenceAuto,chalons-en-champagne,1
Échenoz-le-Sec,70000,277,10.9,AgenceAuto,vesoul,1
Rouvillers,60190,277,12.0,TransakAuto,Agence COMPIEGNE,2
Villery,10320,277,13.0,AgenceAuto,troyes,3
Perrouse,70190,277,13.4,TransakAuto,Agence BESANCON,2
Carbay,49420,277,13.4,TransakAuto,Agence CHATEAUBRIANT,1
Mailleroncourt-Charette,70240,277,13.7,AgenceAuto,vesoul,1
Chambérat,03370,277,14.7,TransakAuto,Agence MONTLUCON,1
Brienne-sur-Aisne,08190,277,15.2,TransakAuto,Agence REIMS,1
Elbach,68210,277,16.2,AgenceAuto,belfort,2
Saint-Sulpice-de-Pommiers,33540,277,16.8,TransakAuto,Agence LANGON,1
Fouleix,24380,277,17.0,TransakAuto,Agence BERGERAC,1
Saint-Polgues,42260,277,17.7,TransakAuto,Agence ROANNE,1
Morville,50700,277,19.2,TransakAuto,Agence CHERBOURG-EN-COTENTIN,1
Flesquières,59267,276,10.1,TransakAuto,Agence CAMBRAI,1
Charmoy,71710,276,10.1,AgenceAuto,montceau-les-mines,1
Sanssat,03150,276,12.4,Simplicicar,vichy,1
Neuilly-le-Bisson,61250,276,13.3,TransakAuto,Agence ALENCON,1
Villarzel-Cabardès,11600,276,15.2,Simplicicar,carcassonne,2
Fouillouse,05130,276,15.4,TransakAuto,Agence GAP,1
Bourville,76740,276,15.4,AgenceAuto,yerville,2
Courdimanche-sur-Essonne,91720,276,16.2,TransakAuto,Agence ETAMPES,1
Saint-Aubin,02300,276,19.5,Simplicicar,soissons,1
Saint-Denis-de-Vaux,71640,275,8.2,TransakAuto,Agence CHALON-SUR-SAONE,2
Émeringes,69840,275,9.2,TransakAuto,Agence MACON,1
Montjoyer,26230,275,10.3,TransakAuto,Agence MONTELIMAR,2
Roquefort,32390,275,11.2,TransakAuto,Agence AUCH,1
Montchauvet,78790,275,12.3,TransakAuto,Agence MANTES-LA-JOLIE,2
Dierrey-Saint-Julien,10190,275,12.6,TransakAuto,Agence TROYES,3
Gousse,40465,275,12.7,TransakAuto,Agence DAX,2
Birieux,01330,275,13.4,TransakAuto,Agence LYON EST,4
Thiouville,76450,275,13.5,TransakAuto,Agence YVETOT,2
Sérilhac,19190,275,15.3,Simplicicar,brive,3
Ratières,26330,275,16.9,TransakAuto,Agence ROMANS SUR ISERE,1
Saint-Georges-Blancaneix,24130,275,17.0,TransakAuto,Agence BERGERAC,1
Peyrouse,65270,275,17.8,TransakAuto,Agence TARBES,1
Pont-du-Navoy,39300,275,17.9,TransakAuto,Agence LONS LE SAUNIER,1
Appenai-sous-Bellême,61130,275,18.2,AgenceAuto,nogent-le-rotrou,1
Jouaville,54800,274,4.8,TransakAuto,Agence SAINT-DIZIER,2
Barie,33190,274,7.3,TransakAuto,Agence LANGON,1
Boncourt,28260,274,12.9,TransakAuto,Agence DREUX,1
Casteide-Cami,64170,274,13.6,Simplicicar,pau,2
Santans,39380,274,13.8,AgenceAuto,dole,1
Niozelles,04300,274,14.2,TransakAuto,Agence MANOSQUE,1
Gardegan-et-Tourtirac,33350,274,16.3,TransakAuto,Agence LIBOURNE,1
Retschwiller,67250,274,17.2,TransakAuto,Agence HAGUENAU,1
Lapenche,82240,274,17.4,AgenceAuto,montauban,1
Les Iffs,35630,274,17.5,TransakAuto,Agence RENNES OUEST,2
Anguilcourt-le-Sart,02800,274,18.7,TransakAuto,Agence SAINT-QUENTIN,2
Serches,02220,273,8.0,Simplicicar,soissons,1
Espanès,31450,273,8.8,Simplicicar,toulouse-sud,4
Étobon,70400,273,9.8,AgenceAuto,hericourt,2
Fontaine-lès-Croisilles,62128,273,11.0,TransakAuto,Agence ARRAS,3
Montagne,38160,273,12.6,TransakAuto,Agence ROMANS SUR ISERE,1
Hohfrankenheim,67270,273,13.3,TransakAuto,Agence STRASBOURG NORD,3
Creyssensac-et-Pissot,24380,273,13.9,TransakAuto,Agence PERIGUEUX,1
Billième,73170,273,14.0,TransakAuto,Agence CHAMBERY,2
Ansacq,60250,273,14.5,Simplicicar,st-maximin,4
Beaupuy,82600,273,14.7,TransakAuto,Agence FRONTON,1
Romagny,68210,273,15.3,AgenceAuto,belfort,1
Mazirat,03420,273,16.1,TransakAuto,Agence MONTLUCON,1
La Compôte,73630,273,17.2,TransakAuto,Agence ALBERTVILLE,1
Chivres,21820,273,17.5,Simplicicar,beaune,1
Saint-Georges,82240,273,18.2,AgenceAuto,montauban,1
Molinons,89190,273,18.9,TransakAuto,Agence SENS,1
Antilly,60620,273,19.0,TransakAuto,Agence DAMMARTIN EN GOELE,1
Autrey,88700,273,19.5,AgenceAuto,saint-die-des-vosges,1
Vroncourt,54330,273,19.7,TransakAuto,Agence NANCY,1
Berhet,22140,272,6.3,TransakAuto,Agence BEGARD,2
Garancières-en-Drouais,28500,272,7.7,TransakAuto,Agence DREUX,1
Saint-Sulpice-de-Favières,91910,272,9.3,TransakAuto,Agence ETAMPES,1
Eguenigue,90150,272,9.4,AgenceAuto,belfort,2
Vaux-sur-Eure,27120,272,11.0,Simplicicar,evreux,3
Poudis,81700,272,12.8,TransakAuto,Agence CASTRES,1
Jugazan,33420,272,15.5,TransakAuto,Agence LIBOURNE,1
Montgey,81470,272,16.4,TransakAuto,Agence CASTRES,1
Cerneux,77320,272,17.0,TransakAuto,Agence PROVINS,1
Glanon,21250,272,17.9,Simplicicar,beaune,1
Soupir,02160,272,18.2,Simplicicar,soissons,1
Millemont,78940,272,18.3,AgenceAuto,epone,2
Villuis,77480,272,18.3,TransakAuto,Agence PROVINS,1
Moulins-sur-Ouanne,89130,272,19.4,TransakAuto,Agence AUXERRE,1
Dambenoît-lès-Colombe,70200,272,19.6,AgenceAuto,vesoul,1
Saint-Jean-Pierre-Fixte,28400,271,3.6,AgenceAuto,nogent-le-rotrou,1
Saint-Lary,32360,271,10.7,TransakAuto,Agence AUCH,1
Errevet,70400,271,11.0,AgenceAuto,belfort,2
Briconville,28300,271,11.3,TransakAuto,Agence CHARTRES,1
Beutal,25250,271,11.7,TransakAuto,Agence MONTBELIARD,3
Champigny-la-Futelaye,27220,271,13.3,TransakAuto,Agence DREUX,3
Litteau,14490,271,14.3,TransakAuto,Agence SAINT-LO,1
Le Hanouard,76450,271,14.8,TransakAuto,Agence YVETOT,2
Vincy-Manœuvre,77139,271,15.4,TransakAuto,Agence DAMMARTIN EN GOELE,2
Harquency,27700,271,17.1,Simplicicar,vernon,2
Françay,41190,271,17.9,TransakAuto,Agence BLOIS,1
Montabot,50410,271,18.4,TransakAuto,Agence SAINT-LO,1
Servilly,03120,271,19.4,Simplicicar,vichy,1
Écurcey,25150,270,5.3,TransakAuto,Agence MONTBELIARD,2
Gapennes,80150,270,9.7,TransakAuto,Agence ABBEVILLE,1
Goux-lès-Dambelin,25150,270,9.7,TransakAuto,Agence MONTBELIARD,2
Chaignes,27120,270,9.8,Simplicicar,vernon,4
Saint-Georges-de-Montclard,24140,270,10.2,TransakAuto,Agence BERGERAC,1
Anoux,54150,270,12.5,TransakAuto,Agence SAINT-DIZIER,1
Essertaux,80160,270,13.4,AgenceAuto,amiens,1
Logrian-Florian,30610,270,14.8,TransakAuto,Agence ALES,1
Amoncourt,70170,270,15.1,AgenceAuto,vesoul,1
Boncourt-le-Bois,21700,270,15.9,Simplicicar,beaune,1
Cayriech,82240,270,17.1,AgenceAuto,montauban,1
Famechon,80290,270,18.2,AgenceAuto,amiens,1
Bélesta,66720,270,19.2,TransakAuto,Agence PERPIGNAN NORD SAINT ESTEVE,1
Croix-Moligneaux,80400,270,19.5,AgenceAuto,saint-quentin,1
Berville-la-Campagne,27170,270,19.7,TransakAuto,Agence EVREUX,1
La Bazoque,61100,269,2.5,TransakAuto,Agence FLERS,1
Champagney,25170,269,3.8,AgenceAuto,besancon-valentin,4
Leulinghem,62500,269,6.4,Simplicicar,saint-omer,1
Éclaibes,59330,269,8.8,TransakAuto,Agence MAUBEUGE,1
Formentin,14340,269,10.0,TransakAuto,Agence DEAUVILLE,1
Cavigny,50620,269,10.5,TransakAuto,Agence SAINT-LO,1
Jagny-sous-Bois,95850,269,10.6,AgenceAuto,la-croix-verte,4
Orbessan,32260,269,12.3,TransakAuto,Agence AUCH,1
Saint-Micaud,71460,269,12.4,AgenceAuto,montceau-les-mines,1
La Chapelle-du-Mont-du-Chat,73370,269,13.0,TransakAuto,Agence CHAMBERY,2
Saint-André-la-Côte,69440,269,14.7,Simplicicar,lyon-ouest,2
Valonne,25190,269,14.8,TransakAuto,Agence MONTBELIARD,2
Séry-Magneval,60800,269,16.3,Simplicicar,compiegne,2
Marseillan,65350,269,16.3,TransakAuto,Agence TARBES,1
Sancourt,80400,269,17.9,AgenceAuto,saint-quentin,2
Fresnoy-le-Château,10270,269,18.1,AgenceAuto,troyes,1
Saint-Sigismond,45310,269,18.4,Simplicicar,orleans,1
Coussa,09120,268,4.0,Simplicicar,pamiers,1
Vernas,38460,268,5.8,TransakAuto,Agence ANTHON,4
Port-le-Grand,80132,268,6.2,TransakAuto,Agence ABBEVILLE,1
Hiis,65200,268,9.3,TransakAuto,Agence TARBES,1
Saint-Pierre,31590,268,10.1,AgenceAuto,toulouse-nord,4
Sarcy,51170,268,12.0,Simplicicar,reims,2
Reugney,25330,268,15.8,Simplicicar,pontarlier,2
Comberouger,82600,268,16.5,TransakAuto,Agence FRONTON,1
Aube,57580,268,17.1,AgenceAuto,metz,2
Fumichon,14590,268,17.6,TransakAuto,Agence DEAUVILLE,1
Les Brunels,11400,268,18.4,TransakAuto,Agence CASTRES,1
Forges-la-Forêt,35640,268,19.6,TransakAuto,Agence CHATEAUBRIANT,1
Loubens,09120,267,7.5,Simplicicar,pamiers,1
Domèvre-sur-Durbion,88330,267,11.4,TransakAuto,Agence EPINAL,2
Tarasteix,65320,267,12.4,TransakAuto,Agence TARBES,1
Le Tilleul-Lambert,27110,267,18.8,TransakAuto,Agence EVREUX,2
Vomécourt,88700,267,19.6,TransakAuto,Agence EPINAL,1
Cier-de-Rivière,31510,266,4.6,Simplicicar,https://www.simplicicar.com/content/170-oncession-st-gaudens,1
Mazeley,88150,266,8.1,TransakAuto,Agence EPINAL,2
Berméricourt,51220,266,8.5,TransakAuto,Agence REIMS,2
Reugny,03190,266,10.6,TransakAuto,Agence MONTLUCON,1
Aubonne,25520,266,11.9,Simplicicar,pontarlier,2
Monteignet-sur-l'Andelot,03800,266,14.1,Simplicicar,vichy,1
Recques-sur-Course,62170,266,14.9,TransakAuto,Agence LE TOUQUET,1
Songy,51240,266,17.8,AgenceAuto,chalons-en-champagne,1
Magneux,51170,266,19.1,Simplicicar,reims,1
Remaucourt,02100,265,7.5,TransakAuto,Agence SAINT-QUENTIN,2
Aubin,64230,265,8.6,Simplicicar,pau,2
Francoulès,46090,265,10.1,TransakAuto,Agence CAHORS,1
Augers-en-Brie,77560,265,12.4,TransakAuto,Agence PROVINS,1
Arthies,95420,265,13.0,AgenceAuto,vernon,4
Saint-Just-en-Brie,77370,265,13.7,TransakAuto,Agence PROVINS,1
Tangry,62550,265,16.1,TransakAuto,Agence BETHUNE,1
Mouscardès,40290,265,16.3,TransakAuto,Agence DAX,1
Le Mesnil-sur-Bulles,60130,265,18.7,TransakAuto,Agence BEAUVAIS,2
Montcey,70000,264,6.2,AgenceAuto,vesoul,1
Yzeux,80310,264,9.5,TransakAuto,Agence AMIENS,2
Grassendorf,67350,264,9.9,TransakAuto,Agence HAGUENAU,2
Gayan,65320,264,10.1,TransakAuto,Agence TARBES,1
Saint-Mard-de-Vaux,71640,264,10.7,TransakAuto,Agence CHALON-SUR-SAONE,2
Autreville-sur-Moselle,54380,264,12.3,TransakAuto,Agence METZ,1
Crastes,32270,264,12.8,TransakAuto,Agence AUCH,1
Melleville,76260,264,12.8,TransakAuto,"Agence MONS, BELGIQUE",1
Saint-Jean-de-Crieulon,30610,264,13.3,TransakAuto,Agence ALES,1
Bailleul-aux-Cornailles,62127,264,16.3,TransakAuto,Agence BETHUNE,1
Saint-Germain-sur-Renon,01240,264,16.9,AgenceAuto,bourg-en-bresse,2
Aix-en-Issart,62170,264,16.9,TransakAuto,Agence LE TOUQUET,1
Les Baux-de-Provence,13520,264,17.6,TransakAuto,Agence ARLES,1
Chambolle-Musigny,21220,264,17.8,TransakAuto,Agence DIJON,3
Richeville,27420,264,17.8,TransakAuto,Agence GISORS,3
Villemardy,41100,264,17.9,TransakAuto,Agence BLOIS,1
Saint-Martin-d'Hardinghem,62560,264,17.9,Simplicicar,saint-omer,1
La Force,11270,264,18.2,TransakAuto,Agence CARCASSONNE,2
Le Catelier,76590,264,18.4,TransakAuto,Agence DIEPPE,1
Grossouvre,18600,264,19.8,AgenceAuto,nevers,1
Saint-Étienne-de-Valoux,07340,263,6.6,TransakAuto,Agence DAVEZIEUX,1
Franey,25170,263,7.7,Simplicicar,besancon,4
Rainans,39290,263,8.3,AgenceAuto,dole,1
Saisseval,80540,263,9.3,AgenceAuto,amiens,2
Calmoutier,70240,263,9.6,AgenceAuto,vesoul,1
Argelos,64450,263,9.7,Simplicicar,pau,2
Beauvois-en-Vermandois,02590,263,12.2,AgenceAuto,saint-quentin,2
Forgès,19380,263,12.9,AgenceAuto,tulle,1
Astugue,65200,263,13.3,TransakAuto,Agence TARBES,1
Villeret,02420,263,13.9,AgenceAuto,saint-quentin,2
Saint-Laurent-du-Bois,33540,263,14.3,TransakAuto,Agence LANGON,1
Lalacelle,61320,263,15.4,TransakAuto,Agence ALENCON,1
Charbonnières,28330,263,18.0,AgenceAuto,nogent-le-rotrou,1
Razengues,32600,263,18.2,AgenceAuto,toulouse-fontenilles,1
Friedolsheim,67490,263,18.3,TransakAuto,Agence STRASBOURG NORD,1
L'Écaille,08300,263,19.1,TransakAuto,Agence REIMS,1
Brossainc,07340,262,8.2,TransakAuto,Agence DAVEZIEUX,1
Artassenx,40090,262,8.7,TransakAuto,Agence MONT DE MARSAN,1
Joyeux,01800,262,9.1,Simplicicar,meximieux,2
Brignancourt,95640,262,11.7,AgenceAuto,cergy-pontoise,3
Buissoncourt,54110,262,12.3,AgenceAuto,nancy,3
Touillon-et-Loutelet,25370,262,14.4,AgenceAuto,pontarlier,2
Sainte-Marie-de-Vatimesnil,27150,262,14.6,TransakAuto,Agence GISORS,2
Hannonville-Suzémont,54800,262,16.0,TransakAuto,Agence SAINT-DIZIER,1
Prudemanche,28270,262,16.3,TransakAuto,Agence DREUX,1
Villers-le-Sec,02240,262,17.2,TransakAuto,Agence SAINT-QUENTIN,2
Alzen,09240,262,17.5,Simplicicar,pamiers,1
Garos,64410,262,18.0,Simplicicar,pau,1
Saint-Lambert,14570,262,18.4,TransakAuto,Agence FLERS,1
Souclin,01150,262,18.5,Simplicicar,meximieux,1
Airon-Notre-Dame,62180,261,3.8,TransakAuto,Agence LE TOUQUET,1
Angoumé,40990,261,6.3,AgenceAuto,dax,2
Le Plessis-aux-Bois,77165,261,9.3,TransakAuto,Agence MEAUX,4
Valsemé,14340,261,9.3,TransakAuto,Agence DEAUVILLE,1
Sarcenas,38700,261,9.8,AgenceAuto,grenoble,3
Nampont,80120,261,10.0,TransakAuto,Agence LE TOUQUET,1
Moncy,61800,261,10.2,TransakAuto,Agence FLERS,1
Puiselet-le-Marais,91150,261,10.9,TransakAuto,Agence ETAMPES,1
Gildwiller,68210,261,12.3,AgenceAuto,mulhouse-sud,1
Ponson-Dessus,64460,261,13.0,TransakAuto,Agence TARBES,1
Courtemaux,45320,261,13.1,TransakAuto,Agence MONTARGIS,1
Nort-Leulinghem,62890,261,13.8,Simplicicar,saint-omer,1
Rouessé-Fontaine,72610,261,14.0,TransakAuto,Agence ALENCON,1
Lalonquette,64450,261,14.8,Simplicicar,pau,1
Chassagne-Montrachet,21190,261,14.9,Simplicicar,beaune,2
Doudeauville-en-Vexin,27150,261,14.9,TransakAuto,Agence GISORS,1
Portes,27190,261,15.5,TransakAuto,Agence EVREUX,2
Avesnes-en-Val,76630,261,16.2,TransakAuto,"Agence MONS, BELGIQUE",1
La Tour-du-Meix,39270,261,18.6,TransakAuto,Agence LONS LE SAUNIER,2
Caubon-Saint-Sauveur,47120,261,19.1,TransakAuto,Agence LANGON,1
La Touche,26160,260,11.2,TransakAuto,Agence MONTELIMAR,1
Saint-Germain-lès-Buxy,71390,260,11.3,TransakAuto,Agence CHALON-SUR-SAONE,2
Hamelincourt,62121,260,11.9,TransakAuto,Agence ARRAS,2
Sarniguet,65390,260,11.9,TransakAuto,Agence TARBES,1
Boisdinghem,62500,260,11.9,Simplicicar,saint-omer,1
Lamotte-Brebière,80450,260,12.0,AgenceAuto,amiens,2
Claville-Motteville,76690,260,13.3,TransakAuto,Agence ROUEN,1
Bouvelinghem,62380,260,15.8,Simplicicar,saint-omer,1
Coutençon,77154,260,16.1,TransakAuto,Agence FONTAINEBLEAU,1
Sassegnies,59145,260,16.1,TransakAuto,Agence MAUBEUGE,1
Saint-Sulpice,01340,260,17.6,TransakAuto,Agence BOURG-EN-BRESSE,2
Vallereuil,24190,260,18.8,TransakAuto,Agence PERIGUEUX,1
Cour-sur-Loire,41500,259,7.6,TransakAuto,Agence BLOIS,1
Liorac-sur-Louyre,24520,259,8.8,TransakAuto,Agence BERGERAC,1
Maruéjols-lès-Gardon,30350,259,9.8,TransakAuto,Agence ALES,1
Cardeilhac,31350,259,12.7,Simplicicar,https://www.simplicicar.com/content/170-oncession-st-gaudens,1
La Boissière,27220,259,15.9,Simplicicar,evreux,3
Aisonville-et-Bernoville,02110,259,18.5,TransakAuto,Agence SAINT-QUENTIN,1
Courtefontaine,39700,258,7.6,Simplicicar,besancon,3
Anneux,59400,258,8.4,TransakAuto,Agence CAMBRAI,1
Bezaumont,54380,258,10.2,TransakAuto,Agence METZ,1
Belmont,39380,258,10.3,AgenceAuto,dole,1
La Frette,71440,258,12.9,AgenceAuto,louhans,2
Durfort,81540,258,15.3,TransakAuto,Agence CASTRES,1
Rosières-en-Haye,54385,258,19.1,TransakAuto,Agence METZ,1
Saint-Léger-Triey,21270,258,19.3,Simplicicar,dijon,2
Onjon,10220,258,19.5,Simplicicar,troyes,1
Manneville-la-Pipard,14130,257,2.8,TransakAuto,Agence DEAUVILLE,1
Tourville-en-Auge,14130,257,4.0,TransakAuto,Agence DEAUVILLE,1
Urcerey,90800,257,4.2,AgenceAuto,hericourt,4
Bugny,25520,257,7.3,Simplicicar,pontarlier,2
Noyers,27720,257,8.9,TransakAuto,Agence GISORS,2
Saint-Baraing,39120,257,11.9,AgenceAuto,dole,1
Vellescot,90100,257,12.5,AgenceAuto,belfort,3
Cresseveuille,14430,257,14.7,TransakAuto,Agence DEAUVILLE,1
Estialescq,64290,257,14.7,TransakAuto,Agence PAU,1
Presnoy,45260,257,16.6,TransakAuto,Agence MONTARGIS,1
Labatmale,64530,257,16.8,TransakAuto,Agence TARBES,1
Saint-Remy-sous-Barbuise,10700,257,17.2,TransakAuto,Agence TROYES,2
Villars-les-Bois,17770,257,18.7,TransakAuto,Agence SAINTES,1
Audelange,39700,256,9.2,AgenceAuto,dole,2
Laye,05500,256,9.5,TransakAuto,Agence GAP,1
Izaourt,65370,256,9.5,Simplicicar,https://www.simplicicar.com/content/170-oncession-st-gaudens,1
Simeyrols,24370,256,9.6,TransakAuto,Agence SARLAT,1
Rouvray,27120,256,10.0,Simplicicar,vernon,3
Sieurac,81120,256,10.7,TransakAuto,Agence ALBI,1
Villeneuve-Saint-Salves,89230,256,12.6,TransakAuto,Agence AUXERRE,1
Ébaty,21190,256,12.7,Simplicicar,beaune,3
Le Chautay,18150,256,12.7,AgenceAuto,nevers,1
Glatigny,57530,256,13.0,AgenceAuto,metz,1
Sainte-Fauste,36100,256,13.5,TransakAuto,Agence CHATEAUROUX,2
Orliac-de-Bar,19390,256,13.6,AgenceAuto,tulle,1
Nomdieu,47600,256,15.1,TransakAuto,Agence AGEN,1
Bézaudun-les-Alpes,06510,256,15.1,TransakAuto,Agence NICE OUEST,4
Ouilly-du-Houley,14590,256,16.4,TransakAuto,Agence DEAUVILLE,1
Droupt-Sainte-Marie,10170,256,16.9,TransakAuto,Agence TROYES,2
Francheville,21440,256,17.9,AgenceAuto,dijon,1
Noyelle-Vion,62810,256,18.4,Simplicicar,arras,2
Concevreux,02160,256,19.7,TransakAuto,Agence REIMS,1
Chenay,72610,255,6.6,TransakAuto,Agence ALENCON,1
Varennes,31450,255,8.0,TransakAuto,Agence VILLEFRANCHE-DE-LAURAGAIS,2
Aiguebelette-le-Lac,73610,255,8.5,Simplicicar,aix-les-bains,2
Aussac,81600,255,9.9,TransakAuto,Agence ALBI,1
Crécy-Couvé,28500,255,10.0,TransakAuto,Agence DREUX,1
Chevigny,39290,255,10.5,AgenceAuto,dole,1
Aluze,71510,255,11.1,TransakAuto,Agence CHALON-SUR-SAONE,2
Sainte-Livrade,31530,255,11.3,AgenceAuto,toulouse-fontenilles,2
Boiry-Saint-Martin,62175,255,11.4,TransakAuto,Agence ARRAS,2
Jarsy,73630,255,12.2,TransakAuto,Agence ALBERTVILLE,1
Agnières,62690,255,15.2,Simplicicar,arras,4
Mesgrigny,10170,255,17.1,TransakAuto,Agence TROYES,2
Saint-Pierre-le-Viger,76740,255,18.4,AgenceAuto,yerville,2
Boisleux-Saint-Marc,62175,254,8.6,TransakAuto,Agence ARRAS,2
Grézieux-le-Fromental,42600,254,11.1,Simplicicar,moto-veauche,2
Vandélicourt,60490,254,11.2,TransakAuto,Agence COMPIEGNE,2
Affringues,62380,254,14.6,Simplicicar,saint-omer,1
La Sauzière-Saint-Jean,81630,254,15.9,AgenceAuto,montauban,1
Bidon,07700,254,16.2,TransakAuto,Agence BOLLENE,1
Rouville,60800,254,16.3,TransakAuto,Agence DAMMARTIN EN GOELE,1
La Ferté-Hauterive,03340,254,16.4,TransakAuto,Agence MOULINS,1
Saint-Ellier-les-Bois,61320,254,16.7,TransakAuto,Agence ALENCON,1
Anderny,54560,254,17.5,TransakAuto,Agence SAINT-DIZIER,1
Montauriol,66300,254,19.0,TransakAuto,Agence PERPIGNAN NORD SAINT ESTEVE,1
Zehnacker,67310,254,19.8,TransakAuto,Agence STRASBOURG NORD,1
Montclar-Lauragais,31290,253,5.0,TransakAuto,Agence VILLEFRANCHE-DE-LAURAGAIS,1
Allenay,80130,253,8.2,TransakAuto,"Agence MONS, BELGIQUE",1
Basseneville,14670,253,10.7,TransakAuto,Agence CAEN,1
Loucrup,65200,253,10.9,TransakAuto,Agence TARBES,1
Bailleul,80490,253,11.8,TransakAuto,Agence ABBEVILLE,1
Faymont,70200,253,13.1,AgenceAuto,hericourt,2
Oherville,76560,253,13.3,TransakAuto,Agence YVETOT,2
Orignac,65200,253,13.9,TransakAuto,Agence TARBES,1
Lods,25930,253,13.9,Simplicicar,pontarlier,2
Rochefort,73240,253,14.2,Simplicicar,aix-les-bains,2
Longvilliers,62630,253,15.1,TransakAuto,Agence LE TOUQUET,1
Riencourt-lès-Cagnicourt,62182,253,15.6,TransakAuto,Agence ARRAS,3
Saint-Vallerin,71390,253,15.8,TransakAuto,Agence CHALON-SUR-SAONE,1
Bettrechies,59570,253,15.8,TransakAuto,Agence MAUBEUGE,2
Ventelay,51140,253,16.6,Simplicicar,reims,2
Haute-Épine,60690,253,17.1,TransakAuto,Agence BEAUVAIS,2
Hautefeuille,77515,253,17.4,AgenceAuto,gretz-armainvilliers,2
Champlive,25360,253,17.5,TransakAuto,Agence BESANCON,1
Merlieux-et-Fouquerolles,02000,253,19.3,Simplicicar,soissons,1
Montcony,71500,252,9.3,AgenceAuto,louhans,2
Treslon,51140,252,10.8,Simplicicar,reims,2
Choisy-la-Victoire,60190,252,13.0,AgenceAuto,senlis,5
Éterpigny,62156,252,13.2,TransakAuto,Agence ARRAS,3
Nousse,40380,252,16.8,TransakAuto,Agence DAX,2
Lacaugne,31390,252,16.9,TransakAuto,Agence EAUNES,1
Écuelles,71350,252,16.9,Simplicicar,beaune,1
Montlandon,28240,252,17.3,AgenceAuto,nogent-le-rotrou,1
Molandier,11420,252,17.4,TransakAuto,Agence VILLEFRANCHE-DE-LAURAGAIS,1
Zermezeele,59670,252,17.5,Simplicicar,saint-omer,2
Saint-Front-d'Alemps,24460,252,17.5,TransakAuto,Agence PERIGUEUX,1
Virac,81640,252,18.1,TransakAuto,Agence ALBI,1
Gazaupouy,32480,252,18.2,TransakAuto,Agence AGEN,1
Loison-sur-Créquoise,62990,252,19.6,TransakAuto,Agence LE TOUQUET,1
Saint-Sève,33190,251,8.3,TransakAuto,Agence LANGON,1
Brannens,33124,251,9.5,TransakAuto,Agence LANGON,1
Roussent,62870,251,9.5,TransakAuto,Agence LE TOUQUET,1
Thélod,54330,251,13.0,TransakAuto,Agence NANCY,3
Mallièvre,85590,251,13.2,TransakAuto,Agence CHOLET,1
Sainte-Foy,40190,251,13.5,TransakAuto,Agence MONT DE MARSAN,1
Jeancourt,02490,251,13.7,AgenceAuto,saint-quentin,2
Le Val,25440,251,15.0,Simplicicar,besancon,3
Hayes,57530,251,15.7,AgenceAuto,metz,1
Saint-Léger-Dubosq,14430,251,16.8,TransakAuto,Agence DEAUVILLE,2
Bischholtz,67340,251,17.0,TransakAuto,Agence HAGUENAU,1
Boisse,24560,251,17.7,TransakAuto,Agence BERGERAC,1
Les Junies,46150,251,17.7,TransakAuto,Agence CAHORS,1
Lacassagne,65140,251,17.8,TransakAuto,Agence TARBES,1
Berrie,86120,251,19.0,TransakAuto,Agence SAUMUR,1
Val-Mont,21340,251,19.5,Simplicicar,beaune,1
Saint-Luc,27930,250,6.1,TransakAuto,Agence EVREUX,2
Abbans-Dessous,25320,250,6.8,Simplicicar,besancon,4
Les Issards,09100,250,8.2,Simplicicar,pamiers,1
Saint-Gorgon-Main,25520,250,9.3,Simplicicar,pontarlier,2
Saix,86120,250,12.9,TransakAuto,Agence SAUMUR,1
Vitreux,39350,250,14.2,Simplicicar,besancon,2
Fréchencourt,80260,250,15.0,TransakAuto,Agence AMIENS,2
Goudon,65190,250,15.3,TransakAuto,Agence TARBES,1
Messanges,21220,250,15.6,Simplicicar,beaune,1
Douilly,80400,250,16.0,AgenceAuto,saint-quentin,2
Saint-Ouen-le-Pin,14340,250,16.5,TransakAuto,Agence DEAUVILLE,1
Neuviller-sur-Moselle,54290,250,16.6,TransakAuto,Agence NANCY,3
Leval,90110,250,16.8,AgenceAuto,belfort,1
Saint-Martin-d'Oydes,09100,250,17.0,Simplicicar,pamiers,1
Montroty,76220,250,18.4,TransakAuto,Agence GISORS,1
Roumens,31540,250,19.1,TransakAuto,Agence CASTRES,1
Sasseville,76450,250,19.1,AgenceAuto,yerville,2
Botans,90400,249,1.9,AgenceAuto,belfort,4
Conne-de-Labarde,24560,249,7.9,TransakAuto,Agence BERGERAC,1
Layrisse,65380,249,8.5,TransakAuto,Agence TARBES,1
Chouzelot,25440,249,8.8,Simplicicar,caen,4
Bray-lès-Mareuil,80580,249,8.9,TransakAuto,Agence ABBEVILLE,1
Romain,39350,249,8.9,Simplicicar,besancon,3
Frais,90150,249,10.0,AgenceAuto,belfort,2
La Chapelle-Rambaud,74800,249,10.7,Simplicicar,genevois,3
Fieulaine,02110,249,12.5,TransakAuto,Agence SAINT-QUENTIN,2
Rosey,70000,249,13.1,AgenceAuto,vesoul,1
Chavannaz,74270,249,13.6,TransakAuto,Agence ANNECY,3
Longpont,02600,249,13.6,Simplicicar,soissons,1
Castelvieilh,65350,249,14.1,TransakAuto,Agence TARBES,1
Chapelon,45270,249,14.8,TransakAuto,Agence MONTARGIS,1
Pamplie,79220,249,16.4,TransakAuto,"Agence NAMUR, BELGIQUE",1
Montagnac,30350,249,17.2,TransakAuto,Agence ALES,1
Gesnes,53150,249,19.0,TransakAuto,Agence LAVAL,1
Boutx,31160,249,20.0,Simplicicar,https://www.simplicicar.com/content/170-oncession-st-gaudens,1
Coatascorn,22140,248,5.6,TransakAuto,Agence BEGARD,2
Juif,71440,248,7.2,AgenceAuto,louhans,1
Celles-sur-Aisne,02370,248,9.6,Simplicicar,soissons,1
Savigny-sur-Ardres,51170,248,13.3,Simplicicar,reims,2
Ladern-sur-Lauquet,11250,248,13.4,Simplicicar,carcassonne,2
Parey-Saint-Césaire,54330,248,13.6,TransakAuto,Agence NANCY,3
Arcizac-ez-Angles,65100,248,13.6,TransakAuto,Agence TARBES,1
Crevans-et-la-Chapelle-lès-Granges,70400,248,13.7,AgenceAuto,hericourt,3
Gerbécourt-et-Haplemont,54740,248,15.1,TransakAuto,Agence NANCY,3
Lécussan,31580,248,17.1,Simplicicar,https://www.simplicicar.com/content/170-oncession-st-gaudens,1
Saint-Loup,39120,248,17.2,AgenceAuto,dole,1
Oursel-Maison,60480,248,18.5,TransakAuto,Agence BEAUVAIS,1
Vennans,25640,248,18.9,TransakAuto,Agence BESANCON,1
Saint-Denis-Combarnazat,63310,248,19.5,Simplicicar,vichy,1
Carbes,81570,247,8.0,TransakAuto,Agence CASTRES,1
Louzouer,45210,247,8.0,TransakAuto,Agence MONTARGIS,1
Irancy,89290,247,8.3,TransakAuto,Agence AUXERRE,1
Courchapon,25170,247,10.0,Simplicicar,besancon,3
Auriac,64450,247,10.8,Simplicicar,pau,2
Montels,34310,247,11.5,TransakAuto,Agence BEZIERS,3
Palleau,71350,247,13.6,Simplicicar,beaune,1
Montflours,53240,247,13.7,TransakAuto,Agence LAVAL,1
Chelers,62127,247,14.0,TransakAuto,Agence BETHUNE,1
Sermange,39700,247,14.3,Simplicicar,besancon,3
Cailhau,11240,247,16.2,TransakAuto,Agence CARCASSONNE,2
Genevrey,70240,247,16.4,AgenceAuto,vesoul,1
Villecomte,21120,247,16.8,AgenceAuto,dijon,2
Courtefontaine,25470,247,17.2,TransakAuto,Agence MONTBELIARD,1
Villembray,60650,247,17.4,TransakAuto,Agence BEAUVAIS,2
Sermesse,71350,247,17.8,AgenceAuto,chalon-sur-saone,1
Montceaux-lès-Vaudes,10260,247,19.0,AgenceAuto,troyes,1
Noroy,60130,247,19.7,TransakAuto,Agence COMPIEGNE,1
Bonnay,80800,247,19.8,TransakAuto,Agence AMIENS,1
Castres,02680,246,4.1,AgenceAuto,saint-quentin,2
Andelarrot,70000,246,7.2,AgenceAuto,vesoul,1
Chantemerle-lès-Grignan,26230,246,8.8,TransakAuto,Agence BOLLENE,2
Lasclaveries,64450,246,10.6,Simplicicar,pau,2
Évrange,57570,246,11.2,TransakAuto,Agence THIONVILLE,2
Cricquebœuf,14113,246,12.9,TransakAuto,Agence DEAUVILLE,2
Fultot,76560,246,12.9,AgenceAuto,yerville,2
Cromary,70190,246,13.4,TransakAuto,Agence BESANCON,2
Guérin,47250,246,15.5,TransakAuto,Agence LANGON,1
Paulin,24590,246,16.4,TransakAuto,Agence SARLAT,1
La Chapelle-Souëf,61130,246,16.5,AgenceAuto,nogent-le-rotrou,1
Westrehem,62960,246,17.8,TransakAuto,Agence BETHUNE,1
Réjaumont,32390,246,18.1,TransakAuto,Agence AUCH,1
Voissant,38620,246,19.4,Simplicicar,aix-les-bains,1
Saint-Martin-de-Vaulserre,38480,246,19.9,Simplicicar,aix-les-bains,1
Saint-Pair,14670,245,7.6,TransakAuto,Agence CAEN,1
Saux-et-Pomarède,31800,245,7.9,Simplicicar,https://www.simplicicar.com/content/170-oncession-st-gaudens,1
Runan,22260,245,8.5,TransakAuto,Agence BEGARD,2
Billey,21130,245,8.7,AgenceAuto,dole,1
Mailly-sur-Seille,54610,245,10.2,TransakAuto,Agence METZ,1
Cliponville,76640,245,10.6,TransakAuto,Agence YVETOT,2
Parcy-et-Tigny,02210,245,11.4,Simplicicar,soissons,1
Daubeuf-la-Campagne,27110,245,13.6,TransakAuto,Agence ELBEUF,1
Lubine,88490,245,14.7,AgenceAuto,saint-die-des-vosges,1
Bouilland,21420,245,14.8,Simplicicar,beaune,1
La Ferrière-Béchet,61500,245,15.7,TransakAuto,Agence ALENCON,1
Courtacon,77560,245,16.0,TransakAuto,Agence PROVINS,1
Le Bouchet-Mont-Charvin,74230,245,16.2,TransakAuto,Agence ALBERTVILLE,1
Bornambusc,76110,245,16.5,TransakAuto,Agence LE HAVRE,1
Suze,26400,245,18.2,TransakAuto,Agence VALENCE,1
Arpenans,70200,245,18.2,AgenceAuto,vesoul,1
Voise,28700,245,18.6,TransakAuto,Agence CHARTRES,1
Plessis-de-Roye,60310,245,18.8,TransakAuto,Agence COMPIEGNE,2
Buc,90800,244,4.1,AgenceAuto,hericourt,4
Saint-Euphraise-et-Clairizet,51390,244,7.8,Simplicicar,reims,2
Verthemex,73170,244,8.3,Simplicicar,aix-les-bains,2
Les Esseintes,33190,244,8.7,TransakAuto,Agence LANGON,1
Fénols,81600,244,9.3,TransakAuto,Agence ALBI,1
Seysses-Savès,32130,244,11.5,AgenceAuto,toulouse-fontenilles,1
Sainte-Opportune,61100,244,12.3,TransakAuto,Agence FLERS,1
Guyencourt,02160,244,14.9,TransakAuto,Agence REIMS,2
Estrébœuf,80230,244,15.3,TransakAuto,Agence ABBEVILLE,1
Mollans,70240,244,16.6,AgenceAuto,vesoul,1
Grun-Bordas,24380,244,16.7,TransakAuto,Agence PERIGUEUX,1
Vernoy,89150,244,17.2,TransakAuto,Agence SENS,1
Mercy,03340,244,17.8,TransakAuto,Agence MOULINS,1
Pommier,62111,244,19.1,TransakAuto,Agence ARRAS,2
Widehem,62630,244,19.4,TransakAuto,Agence LE TOUQUET,1
Saint-Mars-Vieux-Maisons,77320,244,19.8,TransakAuto,Agence PROVINS,1
Yonval,80132,243,5.7,TransakAuto,Agence ABBEVILLE,1
Clamecy,02880,243,6.4,Simplicicar,soissons,1
Condamine,39570,243,8.3,AgenceAuto,lons-le-saunier,3
Denipaire,88210,243,8.4,AgenceAuto,saint-die-des-vosges,1
Boinvilliers,78200,243,9.1,TransakAuto,Agence MANTES-LA-JOLIE,2
Saint-Laurent-des-Bois,27220,243,10.5,TransakAuto,Agence DREUX,1
Saint-Bertrand-de-Comminges,31510,243,11.9,Simplicicar,https://www.simplicicar.com/content/170-oncession-st-gaudens,1
Monze,11800,243,13.6,Simplicicar,carcassonne,2
Sainte-Marie-du-Mont,38660,243,14.7,AgenceAuto,grenoble,2
Lespinoy,62990,243,14.9,TransakAuto,Agence LE TOUQUET,1
Viévigne,21310,243,15.6,Simplicicar,dijon,3
Soupex,11320,243,15.7,TransakAuto,Agence VILLEFRANCHE-DE-LAURAGAIS,1
Villers-lès-Cagnicourt,62182,243,16.4,TransakAuto,Agence ARRAS,4
Vicq-d'Auribat,40380,243,16.6,TransakAuto,Agence DAX,2
Cressia,39270,243,16.7,AgenceAuto,lons-le-saunier,2
Bouy-Luxembourg,10220,243,16.9,Simplicicar,troyes,3
Charlas,31350,243,17.2,Simplicicar,https://www.simplicicar.com/content/170-oncession-st-gaudens,1
Aignes,31550,242,12.0,TransakAuto,Agence VILLEFRANCHE-DE-LAURAGAIS,2
Millebosc,76260,242,12.2,TransakAuto,"Agence MONS, BELGIQUE",1
Le Boullay-les-Deux-Églises,28170,242,14.0,TransakAuto,Agence DREUX,1
Villiers-en-Bière,77190,242,14.0,TransakAuto,Agence LIEUSAINT,1
Noyelles-en-Chaussée,80150,242,14.1,TransakAuto,Agence ABBEVILLE,1
Saléchan,65370,242,14.9,Simplicicar,https://www.simplicicar.com/content/170-oncession-st-gaudens,1
Saint-Urcisse,47270,242,15.2,TransakAuto,Agence AGEN,1
Vivans,42310,242,15.7,TransakAuto,Agence ROANNE,1
Palante,70200,242,16.8,AgenceAuto,hericourt,1
Saint-Amand-de-Vergt,24380,242,19.0,TransakAuto,Agence BERGERAC,1
Sainte-Foy-de-Longas,24510,242,19.0,TransakAuto,Agence BERGERAC,1
Montouliers,34310,242,19.2,Simplicicar,narbonne,1
Ormesson,77167,242,19.9,TransakAuto,Agence FONTAINEBLEAU,1
Lélex,01410,241,9.4,TransakAuto,Agence GEX,2
Gaujac,47200,241,13.0,TransakAuto,Agence LANGON,1
La Vicogne,80260,241,14.7,TransakAuto,Agence AMIENS,1
Tart-le-Bas,21110,241,15.6,TransakAuto,Agence DIJON,2
La Vendue-Mignot,10800,241,17.2,AgenceAuto,troyes,1
Marcieux,73470,240,8.3,Simplicicar,aix-les-bains,2
Vésigneul-sur-Marne,51240,240,8.8,AgenceAuto,chalons-en-champagne,1
Wattignies-la-Victoire,59680,240,9.6,TransakAuto,Agence MAUBEUGE,1
Saint-Mézard,32700,240,10.5,TransakAuto,Agence AGEN,1
Abbéville-lès-Conflans,54800,240,10.9,TransakAuto,Agence SAINT-DIZIER,1
Saint-Germain-d'Étables,76590,240,11.3,TransakAuto,Agence DIEPPE,1
Carneville,50330,240,11.6,TransakAuto,Agence CHERBOURG-EN-COTENTIN,1
Moiré,69620,240,11.9,TransakAuto,Agence VILLEFRANCHE SUR SAONE,3
Riupeyrous,64160,240,12.8,Simplicicar,pau,2
Autrey-lès-Cerre,70110,240,13.3,AgenceAuto,vesoul,1
Tronchy,71440,240,13.6,AgenceAuto,chalon-sur-saone,2
Neuilly-en-Vexin,95640,240,13.9,AgenceAuto,cergy-pontoise,4
Buethwiller,68210,240,13.9,AgenceAuto,mulhouse-sud,1
Bernay-en-Ponthieu,80120,240,15.9,TransakAuto,Agence ABBEVILLE,2
Birac,33430,240,15.9,TransakAuto,Agence LANGON,1
Saumont,47600,240,16.3,TransakAuto,Agence AGEN,1
Citerne,80490,240,16.9,TransakAuto,Agence ABBEVILLE,1
Moimay,70110,240,18.5,AgenceAuto,vesoul,1
Méhoncourt,54360,240,19.5,TransakAuto,Agence NANCY,1
Ossen,65100,240,19.6,TransakAuto,Agence TARBES,1
Rozières-sur-Crise,02200,239,5.3,Simplicicar,soissons,1
Issans,25550,239,6.8,AgenceAuto,hericourt,4
Montreuil-sur-Thérain,60134,239,7.2,Simplicicar,beauvais,2
La Chapelle-Saint-Sulpice,77160,239,8.8,TransakAuto,Agence PROVINS,1
Bissezeele,59380,239,9.5,TransakAuto,Agence DUNKERQUE,3
Caragoudes,31460,239,10.3,TransakAuto,Agence VILLEFRANCHE-DE-LAURAGAIS,2
Frévillers,62127,239,10.9,TransakAuto,Agence BETHUNE,1
Pers-en-Gâtinais,45210,239,16.0,TransakAuto,Agence MONTARGIS,1
Chessenaz,74270,239,17.3,TransakAuto,Agence ANNECY,1
Ozon,65190,239,17.7,TransakAuto,Agence TARBES,1
Murs-et-Gélignieux,01300,239,18.5,Simplicicar,aix-les-bains,2
Nouvion-le-Comte,02800,239,19.0,TransakAuto,Agence SAINT-QUENTIN,2
Armaucourt,54760,239,19.6,TransakAuto,Agence METZ,1
Le Pin,39210,238,3.6,TransakAuto,Agence LONS LE SAUNIER,2
Arvigna,09100,238,7.2,Simplicicar,pamiers,1
Lagardiolle,81110,238,7.9,TransakAuto,Agence CASTRES,1
Forfry,77165,238,8.9,TransakAuto,Agence DAMMARTIN EN GOELE,2
Maupertus-sur-Mer,50330,238,9.2,TransakAuto,Agence CHERBOURG-EN-COTENTIN,1
Hodenc-l'Évêque,60430,238,9.3,Simplicicar,beauvais,2
Chaudun,02200,238,9.8,Simplicicar,soissons,1
Launstroff,57480,238,10.4,TransakAuto,"Agence BRUXELLES, BELGIQUE",1
Cerre-lès-Noroy,70000,238,11.8,AgenceAuto,vesoul,1
Dompierre,88600,238,12.4,AgenceAuto,epinal,2
Savignargues,30350,238,12.5,TransakAuto,Agence ALES,1
Auvillars,14340,238,12.6,TransakAuto,Agence DEAUVILLE,1
Tourtrol,09500,238,13.0,Simplicicar,pamiers,1
Branville,14430,238,13.1,TransakAuto,Agence DEAUVILLE,1
Xaintray,79220,238,14.8,TransakAuto,"Agence NAMUR, BELGIQUE",1
Aguts,81470,238,16.7,TransakAuto,Agence CASTRES,1
Aubencheul-aux-Bois,02420,238,16.9,TransakAuto,Agence CAMBRAI,1
Chargey-lès-Port,70170,238,17.3,AgenceAuto,vesoul,1
Garancières-en-Beauce,28700,238,17.4,TransakAuto,Agence ETAMPES,1
Faux-Vésigneul,51320,238,17.8,AgenceAuto,chalons-en-champagne,1
Buxières-d'Aillac,36230,238,18.9,AgenceAuto,chateauroux,2
Kiffis,68480,238,19.0,TransakAuto,Agence SAINT-LOUIS,2
Reclinghem,62560,238,19.1,Simplicicar,saint-omer,1
Fierville-les-Parcs,14130,237,4.9,TransakAuto,Agence DEAUVILLE,1
Bersillies,59600,237,5.6,TransakAuto,Agence MAUBEUGE,1
Pernand-Vergelesses,21420,237,6.4,Simplicicar,beaune,1
Roupy,02590,237,7.1,AgenceAuto,saint-quentin,2
Courmas,51390,237,8.3,Simplicicar,reims,2
Marolles-en-Beauce,91150,237,10.2,TransakAuto,Agence ETAMPES,1
Bailleulval,62123,237,14.9,TransakAuto,Agence ARRAS,2
Vaudesson,02320,237,15.3,Simplicicar,soissons,1
Saint-Laurent-la-Vallée,24170,237,15.6,TransakAuto,Agence SARLAT,1
Beuzeville-la-Guérard,76450,237,15.8,TransakAuto,Agence YVETOT,2
Brives,36100,237,17.0,TransakAuto,Agence CHATEAUROUX,1
Claracq,64330,237,17.0,Simplicicar,pau,1
Cours-de-Monségur,33580,237,18.7,TransakAuto,Agence LANGON,1
Maennolsheim,67700,237,19.1,TransakAuto,Agence STRASBOURG NORD,1
Fiménil,88600,237,19.4,AgenceAuto,epinal,1
Champagnac-la-Noaille,19320,237,19.4,AgenceAuto,tulle,1
Saint-Cyr-en-Arthies,95510,236,8.3,TransakAuto,Agence MANTES-LA-JOLIE,3
Albignac,19190,236,8.6,Simplicicar,brive,3
Farinole,20253,236,9.9,TransakAuto,Agence BASTIA,1
Villemereuil,10800,236,11.3,AgenceAuto,troyes,3
La Barre,39700,236,11.4,Simplicicar,besancon,3
Cambiac,31460,236,12.2,TransakAuto,Agence VILLEFRANCHE-DE-LAURAGAIS,1
Veyrines-de-Domme,24250,236,12.7,TransakAuto,Agence SARLAT,1
Cazals,82140,236,13.4,AgenceAuto,montauban,1
Villers-Robert,39120,236,13.5,AgenceAuto,dole,1
Loisieux,73170,236,13.7,TransakAuto,Agence CHAMBERY,2
Venterol,05130,236,13.9,TransakAuto,Agence GAP,1
Lez-Fontaine,59740,236,14.2,TransakAuto,Agence MAUBEUGE,1
Garrigues,34160,236,14.6,TransakAuto,Agence LUNEL,2
Saint-Martial,33490,236,15.6,TransakAuto,Agence LANGON,1
Le Mesnil-Jourdain,27400,236,15.7,TransakAuto,Agence ELBEUF,2
Meigneux,77520,236,16.1,TransakAuto,Agence PROVINS,1
Lahitte,32810,235,6.7,TransakAuto,Agence AUCH,1
Coolus,51510,235,7.0,AgenceAuto,chalons-en-champagne,1
Raucourt,54610,235,7.9,TransakAuto,Agence METZ,1
Pévy,51140,235,11.8,Simplicicar,reims,2
Provenchère,70170,235,12.0,AgenceAuto,vesoul,1
Marsac,65500,235,13.3,TransakAuto,Agence TARBES,1
Vigneulles,54360,235,14.0,TransakAuto,Agence NANCY,3
Sivry,54610,235,14.1,TransakAuto,Agence METZ,1
Sorel-en-Vimeu,80490,235,14.2,TransakAuto,Agence ABBEVILLE,1
Gaudiès,09700,235,14.9,Simplicicar,pamiers,1
Le Brouilh-Monbert,32350,235,15.8,TransakAuto,Agence AUCH,1
Rotangy,60360,235,15.8,TransakAuto,Agence BEAUVAIS,2
Saint-Jean-de-Rebervilliers,28170,235,16.4,TransakAuto,Agence DREUX,1
Yquebeuf,76690,235,17.2,TransakAuto,Agence ROUEN,1
Lafitte,82100,235,18.2,TransakAuto,Agence MONTAUBAN,1
Ligny-Saint-Flochel,62127,235,18.4,TransakAuto,Agence BETHUNE,1
Vrigny,51390,234,4.7,Simplicicar,reims,2
Montcoy,71620,234,6.1,AgenceAuto,chalon-sur-saone,2
Le Louverot,39210,234,6.2,TransakAuto,Agence LONS LE SAUNIER,2
Allondans,25550,234,6.4,AgenceAuto,montbeliard,4
Revigny,39570,234,6.5,TransakAuto,Agence LONS LE SAUNIER,2
Lacollonge,90150,234,9.3,AgenceAuto,belfort,2
Ventenac,09120,234,9.7,Simplicicar,pamiers,1
Gaudreville-la-Rivière,27190,234,10.1,TransakAuto,Agence EVREUX,2
Saint-Sulpice-de-Guilleragues,33580,234,12.3,TransakAuto,Agence LANGON,1
Saint-Bandry,02290,234,15.1,Simplicicar,soissons,1
Saint-Bonnet-Elvert,19380,234,16.0,AgenceAuto,tulle,1
Méracq,64410,234,16.1,Simplicicar,pau,1
Gorenflos,80690,234,16.4,TransakAuto,Agence ABBEVILLE,1
Zeinheim,67310,234,17.2,TransakAuto,Agence STRASBOURG NORD,2
Géus-d'Arzacq,64370,234,17.2,Simplicicar,pau,1
Destord,88600,234,17.3,AgenceAuto,epinal,2
Léobard,46300,234,17.3,TransakAuto,Agence SARLAT,1
Cogna,39130,234,18.2,TransakAuto,Agence LONS LE SAUNIER,1
Bosset,24130,234,18.5,TransakAuto,Agence BERGERAC,1
Lagery,51170,234,18.8,Simplicicar,reims,1
Lavercantière,46340,234,19.2,TransakAuto,Agence CAHORS,1
Marnay-sur-Seine,10400,234,19.6,TransakAuto,Agence PROVINS,1
Beaurain,59730,234,19.7,AgenceAuto,valenciennes,1
Saules,25580,234,19.8,TransakAuto,Agence BESANCON,1
Ciadoux,31350,234,19.8,Simplicicar,https://www.simplicicar.com/content/170-oncession-st-gaudens,1
Hurtières,38570,233,6.2,TransakAuto,Agence GRENOBLE EST,2
Le Fayel,60680,233,7.0,TransakAuto,Agence COMPIEGNE,3
Fresnoy-en-Gohelle,62580,233,7.8,TransakAuto,Agence LENS,4
Viellenave-d'Arthez,64170,233,9.3,Simplicicar,pau,2
Couret,31160,233,12.1,Simplicicar,https://www.simplicicar.com/content/170-oncession-st-gaudens,1
Saint-Ouen-du-Mesnil-Oger,14670,233,12.4,TransakAuto,Agence CAEN,1
Trocy-en-Multien,77440,233,13.1,TransakAuto,Agence MEAUX,2
Mauvaisin,31190,233,14.2,TransakAuto,Agence VILLEFRANCHE-DE-LAURAGAIS,3
Viménil,88600,233,15.0,AgenceAuto,epinal,2
Vadenay,51400,233,15.2,AgenceAuto,chalons-en-champagne,1
Moisville,27320,233,16.7,TransakAuto,Agence EVREUX,3
Cazevieille,34270,233,18.5,AgenceAuto,montpellier-est,1
Maspie-Lalonquère-Juillacq,64350,233,19.8,Simplicicar,pau,1
Fontaine-lès-Clercs,02680,232,5.4,AgenceAuto,saint-quentin,2
Port-sur-Seille,54700,232,5.6,TransakAuto,Agence METZ,1
Hibarette,65380,232,5.6,TransakAuto,Agence TARBES,1
Saint-Jean-de-la-Croix,49130,232,7.1,Simplicicar,angers,3
Maissemy,02490,232,8.6,AgenceAuto,saint-quentin,2
Chapelle-Vallon,10700,232,9.8,TransakAuto,Agence TROYES,3
Ravigny,53370,232,10.9,TransakAuto,Agence ALENCON,1
Théus,05190,232,10.9,TransakAuto,Agence GAP,1
Bethonvilliers,90150,232,11.1,AgenceAuto,belfort,2
Saint-Paul,19150,232,12.0,AgenceAuto,tulle,1
Flavignerot,21160,232,13.8,TransakAuto,Agence DIJON,3
Vauthiermont,90150,232,14.6,AgenceAuto,belfort,1
Mérilheu,65200,232,16.2,TransakAuto,Agence TARBES,1
Lavans-Vuillafans,25580,232,16.9,Simplicicar,pontarlier,2
Naussannes,24440,232,17.7,TransakAuto,Agence BERGERAC,1
Gury,60310,232,18.4,TransakAuto,Agence COMPIEGNE,2
Saint-Laurent-des-Combes,33330,231,7.8,TransakAuto,Agence LIBOURNE,1
Warneton,59560,231,9.3,TransakAuto,Agence LILLE,4
Rilly-Sainte-Syre,10280,231,11.1,TransakAuto,Agence TROYES,3
Courgis,89800,231,11.6,TransakAuto,Agence AUXERRE,1
Saint-Cyr-la-Rosière,61130,231,12.5,AgenceAuto,nogent-le-rotrou,1
Aubigny-aux-Kaisnes,02590,231,13.4,AgenceAuto,saint-quentin,2
Chapeau,03340,231,14.5,TransakAuto,Agence MOULINS,1
Vézillon,27700,231,14.7,Simplicicar,vernon,1
Lissay-Lochy,18340,231,16.7,TransakAuto,Agence BOURGES,1
Carnac-Rouffiac,46140,231,17.7,TransakAuto,Agence CAHORS,1
Quenoche,70190,231,17.8,AgenceAuto,vesoul,1
Albiac,31460,231,18.0,TransakAuto,Agence VILLEFRANCHE-DE-LAURAGAIS,1
Hours,64420,231,18.1,TransakAuto,Agence TARBES,1
Laneuveville-devant-Bayon,54740,231,18.3,TransakAuto,Agence NANCY,2
Routier,11240,231,18.4,TransakAuto,Agence CARCASSONNE,2
Auvers-sous-Montfaucon,72540,231,19.6,TransakAuto,Agence LE MANS,1
Le Mage,61290,231,20.0,AgenceAuto,nogent-le-rotrou,1
Louvilliers-en-Drouais,28500,230,5.6,TransakAuto,Agence DREUX,1
Rampan,50000,230,6.1,TransakAuto,Agence SAINT-LO,1
Bouilly,51390,230,8.4,Simplicicar,reims,2
Angos,65690,230,9.4,TransakAuto,Agence TARBES,1
Bayecourt,88150,230,10.1,TransakAuto,Agence EPINAL,2
Cournols,63450,230,13.7,TransakAuto,Agence CLERMONT FERRAND SUD,1
Le Noyer,73340,230,14.4,TransakAuto,Agence CHAMBERY,2
Maillères,40120,230,14.8,TransakAuto,Agence MONT DE MARSAN,1
Pouançay,86120,230,15.8,TransakAuto,Agence SAUMUR,1
Chassey-lès-Montbozon,70230,230,15.9,AgenceAuto,vesoul,1
Saint-Urcisse,81630,230,16.0,AgenceAuto,montauban,1
Tilloy-et-Bellay,51460,230,19.1,AgenceAuto,chalons-en-champagne,1
Arnaud-Guilhem,31360,230,19.5,Simplicicar,https://www.simplicicar.com/content/170-oncession-st-gaudens,1
Magny-lès-Villers,21700,229,7.9,Simplicicar,beaune,1
Luisetaines,77520,229,14.0,TransakAuto,Agence PROVINS,1
Schwoben,68130,229,14.3,AgenceAuto,mulhouse-sud,3
Cult,70150,229,15.4,Simplicicar,besancon,3
Lefaux,62630,229,15.6,TransakAuto,Agence LE TOUQUET,1
Prunay-Belleville,10350,229,15.6,TransakAuto,Agence TROYES,3
Ormoy,28210,229,17.1,TransakAuto,Agence DREUX,1
Saint-Hubert,57640,229,17.8,AgenceAuto,metz,1
Dannemarie,78550,229,18.4,TransakAuto,Agence DREUX,1
Saint-Pierre-de-Mézoargues,13150,229,18.5,TransakAuto,Agence AVIGNON,1
Bréziers,05190,229,18.5,TransakAuto,Agence GAP,1
Vaux-sur-Lunain,77710,229,19.2,TransakAuto,Agence FONTAINEBLEAU,1
Céran,32500,229,19.6,TransakAuto,Agence AUCH,1
Salazac,30760,229,19.9,TransakAuto,Agence BOLLENE,1
Herbeville,78580,228,5.8,TransakAuto,Agence CHAMBOURCY,5
Prétot-Vicquemare,76560,228,8.3,AgenceAuto,yerville,2
Guerfand,71620,228,8.4,AgenceAuto,chalon-sur-saone,2
Cailly-sur-Eure,27490,228,10.5,Simplicicar,evreux,3
Mingoval,62690,228,13.0,TransakAuto,Agence BETHUNE,4
Montrécourt,59227,228,14.1,AgenceAuto,valenciennes,3
Sengouagnet,31160,228,15.9,Simplicicar,https://www.simplicicar.com/content/170-oncession-st-gaudens,1
Saint-Martin-de-Fugères,43150,228,16.2,Simplicicar,puy-en-velay,1
Saint-Georges-sur-Renon,01400,228,16.5,AgenceAuto,bourg-en-bresse,2
Lavazan,33690,228,16.9,TransakAuto,Agence LANGON,1
Lherm,46150,228,18.2,TransakAuto,Agence CAHORS,1
Favreuil,62450,228,18.7,TransakAuto,Agence ARRAS,2
Noiron-sur-Bèze,21310,228,19.1,Simplicicar,dijon,2
Trévérec,22290,228,19.7,TransakAuto,Agence BEGARD,1
Vélye,51130,228,19.8,AgenceAuto,chalons-en-champagne,1
Burtoncourt,57220,228,19.8,AgenceAuto,metz,1
Chariez,70000,227,6.9,AgenceAuto,vesoul,1
Velennes,60510,227,7.0,TransakAuto,Agence BEAUVAIS,2
Bertrimont,76890,227,8.6,AgenceAuto,yerville,2
Châteaubourg,07130,227,10.4,Simplicicar,valence,2
Mirepoix,32390,227,11.5,TransakAuto,Agence AUCH,1
Semousies,59440,227,13.1,TransakAuto,Agence MAUBEUGE,1
Troguéry,22450,227,15.1,TransakAuto,Agence BEGARD,2
Tanville,61500,227,15.7,TransakAuto,Agence ALENCON,1
Faucompierre,88460,227,16.2,AgenceAuto,epinal,2
Tanay,21310,227,16.4,Simplicicar,dijon,3
Ostreville,62130,227,16.9,TransakAuto,Agence BETHUNE,1
Labassère,65200,227,17.2,TransakAuto,Agence TARBES,1
Cours-les-Bains,33690,227,17.5,TransakAuto,Agence LANGON,1
Ouézy,14270,227,17.7,TransakAuto,Agence CAEN,1
Juilles,32200,227,19.3,TransakAuto,Agence AUCH,1
Rothois,60690,227,19.4,TransakAuto,Agence BEAUVAIS,1
Thizay,36100,227,19.7,TransakAuto,Agence CHATEAUROUX,1
Mantallot,22450,226,7.8,TransakAuto,Agence BEGARD,2
Boissy-en-Drouais,28500,226,8.0,TransakAuto,Agence DREUX,1
Touffreville-sur-Eu,76910,226,8.9,TransakAuto,"Agence MONS, BELGIQUE",2
Calce,66600,226,9.1,TransakAuto,Agence PERPIGNAN NORD SAINT ESTEVE,1
Bouilhonnac,11800,226,11.2,Simplicicar,carcassonne,2
Vallerois-le-Bois,70000,226,12.3,AgenceAuto,vesoul,1
Saint-Rémy-Blanzy,02210,226,14.2,Simplicicar,soissons,1
Saint-Julien-sur-Dheune,71210,226,17.3,AgenceAuto,montceau-les-mines,2
Craincourt,57590,226,17.4,TransakAuto,Agence METZ,1
Chevry-sous-le-Bignon,45210,226,18.2,TransakAuto,Agence MONTARGIS,1
Forceville-en-Vimeu,80140,226,18.9,TransakAuto,Agence ABBEVILLE,1
Châtillon-la-Borde,77820,226,18.9,TransakAuto,Agence FONTAINEBLEAU,1
Villers-les-Bois,39120,226,18.9,AgenceAuto,dole,1
Roizy,08190,226,19.6,TransakAuto,Agence REIMS,1
Le Fresne-Poret,50850,226,19.7,TransakAuto,Agence FLERS,1
Pagny-lès-Goin,57420,225,8.2,TransakAuto,Agence METZ,2
Crosville-sur-Scie,76590,225,10.9,TransakAuto,Agence DIEPPE,1
Hodent,95420,225,11.2,AgenceAuto,vernon,3
Sercœur,88600,225,11.3,TransakAuto,Agence EPINAL,2
Dours,65350,225,12.4,TransakAuto,Agence TARBES,1
Saint-Médard,31360,225,13.3,Simplicicar,https://www.simplicicar.com/content/170-oncession-st-gaudens,1
Lagleygeolle,19500,225,13.5,Simplicicar,brive,3
Bullecourt,62128,225,14.0,TransakAuto,Agence ARRAS,2
Gigors-et-Lozeron,26400,225,14.6,TransakAuto,Agence VALENCE,2
Wemaers-Cappel,59670,225,15.5,Simplicicar,saint-omer,1
Le Leuy,40250,225,15.8,TransakAuto,Agence MONT DE MARSAN,1
Gumery,10400,225,16.3,TransakAuto,Agence PROVINS,1
Clitourps,50330,225,17.2,TransakAuto,Agence CHERBOURG-EN-COTENTIN,1
Canapville,14800,224,6.1,TransakAuto,Agence DEAUVILLE,1
Volnay,21190,224,7.7,Simplicicar,beaune,1
Fontainebrux,39140,224,7.9,AgenceAuto,lons-le-saunier,3
Saint-Loubert,33210,224,10.5,TransakAuto,Agence LANGON,1
Lierville,60240,224,12.8,TransakAuto,Agence GISORS,2
Létricourt,54610,224,14.1,TransakAuto,Agence METZ,1
Villy-sur-Yères,76260,224,14.3,TransakAuto,"Agence MONS, BELGIQUE",1
Esclauzels,46090,224,14.4,TransakAuto,Agence CAHORS,1
Saint-Martin-le-Colonel,26190,224,15.9,TransakAuto,Agence ROMANS SUR ISERE,1
Le Bellay-en-Vexin,95750,224,16.0,AgenceAuto,cergy-pontoise,4
Saint-Cirgue,81340,224,19.1,TransakAuto,Agence ALBI,1
Escorpain,28270,223,10.9,TransakAuto,Agence DREUX,1
Saint-Vincent-de-Lamontjoie,47310,223,12.5,TransakAuto,Agence AGEN,1
Fresnoy-au-Val,80290,223,13.5,AgenceAuto,amiens,2
Capelle-Fermont,62690,223,14.4,Simplicicar,arras,4
Borey,70110,223,14.4,AgenceAuto,vesoul,1
Gugnécourt,88600,223,15.6,AgenceAuto,epinal,2
Courcelles-en-Bassée,77126,223,16.0,TransakAuto,Agence FONTAINEBLEAU,1
Saint-Sylvestre-de-Cormeilles,27260,223,16.3,TransakAuto,Agence DEAUVILLE,1
Vers-sous-Sellières,39230,223,16.5,AgenceAuto,lons-le-saunier,2
Sainte-Colombe,76460,223,17.0,AgenceAuto,yerville,2
Vaudevant,07410,223,17.6,TransakAuto,Agence DAVEZIEUX,1
Ligescourt,80150,223,18.1,TransakAuto,Agence ABBEVILLE,1
Éhuns,70300,223,18.7,AgenceAuto,vesoul,1
La Boissière-en-Gâtine,79310,223,18.8,TransakAuto,"Agence NAMUR, BELGIQUE",1
Algans,81470,223,19.7,TransakAuto,Agence CASTRES,1
Wisques,62219,222,5.0,Simplicicar,saint-omer,1
Cahon,80132,222,7.6,TransakAuto,Agence ABBEVILLE,1
Castillon-Massas,32360,222,7.9,TransakAuto,Agence AUCH,1
Vergisson,71960,222,8.6,TransakAuto,Agence MACON,1
Fossès-et-Baleyssac,33190,222,10.1,TransakAuto,Agence LANGON,1
Raissac-d'Aude,11200,222,10.6,Simplicicar,narbonne,2
Croisy-sur-Eure,27120,222,11.5,Simplicicar,evreux,3
Felon,90110,222,13.8,AgenceAuto,belfort,1
Vignale,20290,222,14.2,TransakAuto,Agence BASTIA,1
Salles-sous-Bois,26770,222,15.1,TransakAuto,Agence MONTELIMAR,2
Bassemberg,67220,222,15.2,AgenceAuto,selestat,1
Saint-Pantaléon,84220,222,15.8,TransakAuto,Agence L&rsquo;ISLE SUR LA SORGUE,1
Fays,88600,222,16.5,AgenceAuto,epinal,2
Saint-Ulphace,72320,222,18.6,AgenceAuto,nogent-le-rotrou,1
Vitrac-sur-Montane,19800,222,18.9,AgenceAuto,tulle,1
Abidos,64150,222,19.0,TransakAuto,Agence PAU,1
Peuton,53360,222,19.3,TransakAuto,Agence LAVAL,1
Bessuéjouls,12500,222,19.4,AgenceAuto,rodez,3
Chenay,51140,221,6.9,Simplicicar,reims,2
Saint-Cernin-de-Labarde,24560,221,10.0,TransakAuto,Agence BERGERAC,1
Bouleuse,51170,221,10.2,Simplicicar,reims,2
Châtaincourt,28270,221,11.1,TransakAuto,Agence DREUX,1
Fauguernon,14100,221,11.7,TransakAuto,Agence DEAUVILLE,1
Lonçon,64410,221,12.2,Simplicicar,pau,2
Mesterrieux,33540,221,12.5,TransakAuto,Agence LANGON,1
Bezalles,77970,221,12.5,TransakAuto,Agence PROVINS,1
Busséol,63270,221,13.2,TransakAuto,Agence CLERMONT FERRAND SUD,1
Criquetot-sur-Longueville,76590,221,15.1,TransakAuto,Agence DIEPPE,2
Saint-Ouen-sous-Bailly,76630,221,15.1,TransakAuto,Agence DIEPPE,2
Carrère,64160,221,15.1,Simplicicar,pau,1
Aillon-le-Vieux,73340,221,15.5,TransakAuto,Agence CHAMBERY,2
Puxieux,54800,221,16.1,TransakAuto,Agence SAINT-DIZIER,1
Douville-en-Auge,14430,221,16.4,TransakAuto,Agence DEAUVILLE,1
Bathernay,26260,221,16.5,TransakAuto,Agence ROMANS SUR ISERE,1
Neuvelle-lès-la-Charité,70130,221,18.3,AgenceAuto,vesoul,1
Saint-Julien-Vocance,07690,221,18.8,TransakAuto,Agence DAVEZIEUX,1
Manonville,54385,221,18.9,TransakAuto,Agence METZ,1
Caudebronde,11390,221,19.6,TransakAuto,Agence CARCASSONNE,2
Vitrolles,05110,221,19.7,TransakAuto,Agence GAP,1
Krautwiller,67170,220,10.2,TransakAuto,Agence STRASBOURG NORD,3
Cocquerel,80510,220,11.9,TransakAuto,Agence ABBEVILLE,1
Lombard,39230,220,12.1,AgenceAuto,lons-le-saunier,2
Castéra-Lou,65350,220,14.7,TransakAuto,Agence TARBES,1
Hectomare,27110,220,14.8,TransakAuto,Agence ELBEUF,1
Vouillon,36100,220,15.6,TransakAuto,Agence CHATEAUROUX,2
Cabrerets,46330,220,16.0,TransakAuto,Agence CAHORS,1
Jaulny,54470,220,16.4,TransakAuto,Agence METZ,1
Olley,54800,220,17.0,TransakAuto,Agence SAINT-DIZIER,1
Garlède-Mondebat,64450,220,17.0,Simplicicar,pau,1
Canteloup,50330,220,17.7,TransakAuto,Agence CHERBOURG-EN-COTENTIN,1
Chelle-Debat,65350,220,17.8,TransakAuto,Agence TARBES,1
Saint-Julien-Gaulène,81340,220,18.8,TransakAuto,Agence ALBI,1
Moyemont,88700,220,18.9,TransakAuto,Agence EPINAL,1
Ramousies,59177,220,19.2,TransakAuto,Agence MAUBEUGE,1
Mortemer,60490,220,19.7,TransakAuto,Agence COMPIEGNE,1
La Chapelle-Saint-Sépulcre,45210,219,5.3,TransakAuto,Agence MONTARGIS,1
Archelange,39290,219,7.7,AgenceAuto,dole,1
Villemontoire,02210,219,8.2,Simplicicar,soissons,1
Chauchigny,10170,219,8.5,TransakAuto,Agence TROYES,3
Sequehart,02420,219,10.4,TransakAuto,Agence SAINT-QUENTIN,2
Flacey,21490,219,10.6,AgenceAuto,dijon,3
Servas,30340,219,13.3,TransakAuto,Agence ALES,1
Le Bois-Hellain,27260,219,13.6,TransakAuto,Agence DEAUVILLE,1
Gézier-et-Fontenelay,70700,219,14.2,AgenceAuto,besancon-valentin,4
La Forclaz,74200,219,15.2,TransakAuto,Agence THONON-LES-BAINS,1
Gouise,03340,219,16.8,TransakAuto,Agence MOULINS,1
Linghem,62120,219,18.0,Simplicicar,saint-omer,2
Puiseux-en-Retz,02600,219,18.0,Simplicicar,soissons,1
Rammersmatt,68800,219,18.4,AgenceAuto,mulhouse-sud,1
Coirac,33540,219,19.9,TransakAuto,Agence LANGON,1
Humbercamps,62158,219,20.0,TransakAuto,Agence ARRAS,1
Mazerolles-le-Salin,25170,218,5.1,AgenceAuto,besancon-valentin,4
Saint-Ignan,31800,218,8.4,Simplicicar,https://www.simplicicar.com/content/170-oncession-st-gaudens,1
Baromesnil,76260,218,8.7,TransakAuto,"Agence MONS, BELGIQUE",1
Ormes-et-Ville,54740,218,15.2,TransakAuto,Agence NANCY,3
Saint-Aubin-Montenoy,80540,218,17.3,AgenceAuto,amiens,1
Paray-Douaville,78660,218,18.3,TransakAuto,Agence RAMBOUILLET,1
Ernemont-la-Villette,76220,218,19.5,TransakAuto,Agence GISORS,1
Boudeville,76560,217,6.5,AgenceAuto,yerville,2
Montfuron,04110,217,7.7,TransakAuto,Agence MANOSQUE,1
Grattery,70170,217,8.8,AgenceAuto,vesoul,1
Thibivillers,60240,217,9.0,TransakAuto,Agence GISORS,2
Bruville,54800,217,9.8,TransakAuto,Agence SAINT-DIZIER,2
Fresnay-le-Gilmert,28300,217,10.1,TransakAuto,Agence CHARTRES,1
Filain,70230,217,11.0,AgenceAuto,vesoul,1
Variscourt,02190,217,14.1,TransakAuto,Agence REIMS,2
Puycalvel,81440,217,14.2,TransakAuto,Agence CASTRES,1
Vitrolles-en-Lubéron,84240,217,14.9,TransakAuto,Agence MANOSQUE,2
Gémigny,45310,217,14.9,Simplicicar,orleans,2
La Villette,14570,217,15.3,TransakAuto,Agence FLERS,1
Plessis-Saint-Jean,89140,217,15.3,TransakAuto,Agence SENS,1
Montigny-sur-l'Ain,39300,217,16.9,TransakAuto,Agence LONS LE SAUNIER,2
Le Quesnel-Aubry,60480,217,17.3,TransakAuto,Agence BEAUVAIS,2
Venas,03190,217,17.4,TransakAuto,Agence MONTLUCON,1
Moulayrès,81300,217,17.8,TransakAuto,Agence CASTRES,1
Saussens,31460,217,18.0,AgenceAuto,toulouse-nord,3
Rangen,67310,217,18.1,TransakAuto,Agence STRASBOURG NORD,2
Omex,65100,217,19.0,TransakAuto,Agence TARBES,1
Briod,39570,216,3.9,TransakAuto,Agence LONS LE SAUNIER,2
Ménerville,78200,216,7.4,TransakAuto,Agence MANTES-LA-JOLIE,4
Saint-Martin-sur-Cojeul,62128,216,7.7,TransakAuto,Agence ARRAS,2
Pont-sur-Vanne,89190,216,11.2,TransakAuto,Agence SENS,1
Lussan,32270,216,12.2,TransakAuto,Agence AUCH,1
Fouencamps,80440,216,13.5,AgenceAuto,amiens,2
Cuperly,51400,216,13.7,AgenceAuto,chalons-en-champagne,1
Glatigny,60650,216,15.8,TransakAuto,Agence BEAUVAIS,2
La Belliole,89150,216,16.7,TransakAuto,Agence SENS,1
Varouville,50330,216,17.5,TransakAuto,Agence CHERBOURG-EN-COTENTIN,1
Monsures,80160,216,18.0,AgenceAuto,amiens,1
Belcastel,81500,216,18.9,AgenceAuto,toulouse-nord,1
Noviant-aux-Prés,54385,216,19.2,TransakAuto,Agence METZ,1
Saosnes,72600,216,19.7,TransakAuto,Agence ALENCON,1
Villeromain,41100,216,20.0,TransakAuto,Agence BLOIS,1
Saint-Vincent,31290,215,6.2,TransakAuto,Agence VILLEFRANCHE-DE-LAURAGAIS,1
Poggio-d'Oletta,20232,215,7.0,TransakAuto,Agence BASTIA,1
Agenvillers,80150,215,8.2,TransakAuto,Agence ABBEVILLE,1
Rochonvillers,57840,215,9.5,TransakAuto,Agence THIONVILLE,1
Bucy-Saint-Liphard,45140,215,10.7,Simplicicar,orleans,2
Garrey,40180,215,11.1,TransakAuto,Agence DAX,2
Itterswiller,67140,215,11.3,AgenceAuto,selestat,1
Lubey,54150,215,11.4,TransakAuto,Agence SAINT-DIZIER,1
Drom,01250,215,12.3,TransakAuto,Agence BOURG-EN-BRESSE,2
Villegaudin,71620,215,14.6,AgenceAuto,chalon-sur-saone,1
Marigny,39130,215,15.6,TransakAuto,Agence LONS LE SAUNIER,2
Théligny,72320,215,17.1,AgenceAuto,nogent-le-rotrou,1
Sergeac,24290,215,17.8,TransakAuto,Agence SARLAT,1
Tilloy-lès-Hermaville,62690,215,18.2,Simplicicar,arras,3
Hestrus,62550,215,18.3,TransakAuto,Agence BETHUNE,1
Saint-Bonnet-de-Vieille-Vigne,71430,215,18.3,AgenceAuto,montceau-les-mines,1
Faux-Villecerf,10290,215,18.6,TransakAuto,Agence TROYES,1
Beaumetz,80370,215,19.8,TransakAuto,Agence ABBEVILLE,1
Corcelles-Ferrières,25410,214,4.5,Simplicicar,besancon,4
Flagey-lès-Auxonne,21130,214,9.4,AgenceAuto,dole,1
Coulonvillers,80135,214,13.4,TransakAuto,Agence ABBEVILLE,1
Falkwiller,68210,214,13.8,AgenceAuto,mulhouse-sud,1
Béthancourt-en-Valois,60129,214,14.7,Simplicicar,compiegne,2
Chavonne,02370,214,15.5,Simplicicar,soissons,1
Saillac,19500,214,15.7,Simplicicar,brive,2
Forgues,31370,214,17.5,AgenceAuto,toulouse-fontenilles,1
Lavaurette,82240,214,18.9,AgenceAuto,montauban,1
Bélaye,46140,214,19.3,TransakAuto,Agence CAHORS,1
Lamayou,64460,214,19.9,TransakAuto,Agence TARBES,1
Nivillers,60510,213,4.6,TransakAuto,Agence BEAUVAIS,2
Boutencourt,60590,213,7.7,TransakAuto,Agence GISORS,1
Chavanne,70400,213,8.7,AgenceAuto,hericourt,4
La Neuville-Vault,60112,213,11.5,TransakAuto,Agence BEAUVAIS,2
Montmachoux,77940,213,12.2,TransakAuto,Agence FONTAINEBLEAU,1
Robertot,76560,213,12.3,TransakAuto,Agence YVETOT,2
Cessoy-en-Montois,77520,213,12.9,TransakAuto,Agence PROVINS,1
Romagny-sous-Rougemont,90110,213,14.4,AgenceAuto,belfort,1
Val-Suzon,21121,213,14.7,AgenceAuto,dijon,3
Bellefond,33760,213,16.1,TransakAuto,Agence LIBOURNE,1
Le Plessier-sur-Bulles,60130,213,16.6,TransakAuto,Agence BEAUVAIS,2
Bailleulmont,62123,213,16.9,TransakAuto,Agence ARRAS,2
Bouchy-Saint-Genest,51310,213,17.6,TransakAuto,Agence PROVINS,1
Brives-sur-Charente,17800,213,18.1,TransakAuto,Agence SAINTES,1
Saint-Victor,24350,213,19.0,TransakAuto,Agence PERIGUEUX,1
Laveline-du-Houx,88640,213,19.5,AgenceAuto,epinal,1
Laval-Saint-Roman,30760,213,20.0,TransakAuto,Agence BOLLENE,1
Amenucourt,95510,212,2.0,AgenceAuto,vernon,4
Bellonne,62490,212,7.8,TransakAuto,Agence DOUAI,4
Saint-Maur,39570,212,7.8,TransakAuto,Agence LONS LE SAUNIER,2
Chézy,03230,212,11.4,TransakAuto,Agence MOULINS,1
Coulangeron,89580,212,11.7,TransakAuto,Agence AUXERRE,1
Le Verguier,02490,212,12.0,AgenceAuto,saint-quentin,2
Boncé,28150,212,14.1,TransakAuto,Agence CHARTRES,1
Arry,80120,212,15.0,TransakAuto,Agence LE TOUQUET,2
Serzy-et-Prin,51170,212,15.4,Simplicicar,reims,2
Lahage,31370,212,15.4,AgenceAuto,toulouse-fontenilles,1
Faget-Abbatial,32450,212,18.1,TransakAuto,Agence AUCH,1
Idrac-Respaillès,32300,212,18.5,TransakAuto,Agence AUCH,1
Aiguèze,30760,212,18.8,TransakAuto,Agence BOLLENE,1
Mutigny,51160,212,19.5,Simplicicar,reims,1
Marigny-lès-Reullée,21200,211,6.3,Simplicicar,beaune,1
Maysel,60660,211,7.0,Simplicicar,st-maximin,3
Manéhouville,76590,211,9.6,TransakAuto,Agence DIEPPE,1
La Chapelle-Forainvilliers,28500,211,10.6,TransakAuto,Agence DREUX,1
Saint-Michel-de-Lapujade,33190,211,10.8,TransakAuto,Agence LANGON,1
Cadarcet,09240,211,12.2,Simplicicar,pamiers,1
Brailly-Cornehotte,80150,211,13.8,TransakAuto,Agence ABBEVILLE,1
Congerville-Thionville,91740,211,13.8,TransakAuto,Agence ETAMPES,1
La Bretenière,39700,211,13.8,AgenceAuto,dole,3
Saint-Martin-le-Vieil,11170,211,15.5,TransakAuto,Agence CARCASSONNE,2
Sepx,31360,211,15.6,Simplicicar,https://www.simplicicar.com/content/170-oncession-st-gaudens,1
Chenôves,71390,211,16.9,TransakAuto,Agence CHALON-SUR-SAONE,1
Fresnes-Tilloloy,80140,211,17.3,TransakAuto,Agence ABBEVILLE,1
Saint-Denis-des-Monts,27520,211,18.2,TransakAuto,Agence ELBEUF,1
La Cauchie,62158,211,18.4,TransakAuto,Agence ARRAS,2
Viefvillers,60360,211,18.9,TransakAuto,Agence BEAUVAIS,1
Mondouzil,31850,210,4.1,AgenceAuto,toulouse-nord,4
Louye,27650,210,5.1,TransakAuto,Agence DREUX,1
Saint-Victor-Rouzaud,09100,210,7.6,Simplicicar,pamiers,1
Lespouey,65190,210,9.6,TransakAuto,Agence TARBES,1
Uttenhoffen,67110,210,10.3,TransakAuto,Agence HAGUENAU,1
Sistels,82340,210,11.9,TransakAuto,Agence AGEN,1
Castanet,81150,210,12.5,TransakAuto,Agence ALBI,1
Tréduder,22310,210,12.5,AgenceAuto,lannion,2
Séby,64410,210,12.7,Simplicicar,pau,2
Dompierre-sur-Mont,39270,210,12.8,TransakAuto,Agence LONS LE SAUNIER,2
Rémérangles,60510,210,13.2,Simplicicar,beauvais,2
Saint-Louet-sur-Vire,50420,210,13.8,TransakAuto,Agence SAINT-LO,1
Lamaids,03380,210,13.9,TransakAuto,Agence MONTLUCON,1
Courtempierre,45490,210,14.1,TransakAuto,Agence MONTARGIS,1
Loc-Brévalaire,29260,210,14.5,TransakAuto,Agence BREST,3
Baubigny,21340,210,15.2,Simplicicar,beaune,1
Beaupuy,32600,210,16.2,AgenceAuto,toulouse-fontenilles,1
Neauphe-sous-Essai,61500,210,16.9,TransakAuto,Agence ALENCON,1
Conteville,80370,210,17.4,TransakAuto,Agence ABBEVILLE,1
Lucy-sur-Cure,89270,210,17.4,TransakAuto,Agence AUXERRE,1
Domfaing,88600,210,17.4,AgenceAuto,saint-die-des-vosges,1
Cormot-Vauchignon,21340,210,18.2,Simplicicar,beaune,1
Évriguet,56490,210,18.9,TransakAuto,Agence PLOERMEL,1
Bannières,81500,210,19.9,AgenceAuto,toulouse-nord,1
Coulommes-la-Montagne,51390,209,5.4,Simplicicar,reims,2
Saint-Germain-d'Elle,50810,209,12.6,TransakAuto,Agence SAINT-LO,1
Moulédous,65190,209,14.8,TransakAuto,Agence TARBES,1
Chenicourt,54610,209,15.0,TransakAuto,Agence METZ,1
Sainte-Marie-de-Vaux,87420,209,15.7,AgenceAuto,limoges,2
Les Noës,42370,209,16.5,TransakAuto,Agence ROANNE,1
Letteguives,27910,209,17.1,TransakAuto,Agence ROUEN,1
La Tagnière,71190,209,17.1,AgenceAuto,montceau-les-mines,1
Bucamps,60480,209,17.6,TransakAuto,Agence BEAUVAIS,2
Pontours,24150,209,17.9,TransakAuto,Agence BERGERAC,1
Bettencourt-Rivière,80270,209,18.4,TransakAuto,Agence ABBEVILLE,2
Chein-Dessus,31160,209,18.6,Simplicicar,https://www.simplicicar.com/content/170-oncession-st-gaudens,1
Bézouotte,21310,209,18.9,Simplicicar,dijon,2
Saint-Apollinaire,05160,209,19.4,TransakAuto,Agence GAP,1
Pimorin,39270,209,19.8,AgenceAuto,lons-le-saunier,1
Dignonville,88000,208,8.1,TransakAuto,Agence EPINAL,2
Maudétour-en-Vexin,95420,208,11.5,AgenceAuto,vernon,4
Le Roulier,88460,208,12.3,AgenceAuto,epinal,2
Klang,57920,208,13.9,TransakAuto,"Agence BRUXELLES, BELGIQUE",2
Ablainzevelle,62116,208,15.9,TransakAuto,Agence ARRAS,2
Ligardes,32480,208,16.0,TransakAuto,Agence AGEN,1
Porte-de-Seine,27100,208,16.2,TransakAuto,Agence ELBEUF,1
Trinay,45410,208,17.4,TransakAuto,Agence ORLEANS,1
Tichey,21250,208,17.4,AgenceAuto,dole,1
Bize,65150,208,18.2,Simplicicar,https://www.simplicicar.com/content/170-oncession-st-gaudens,1
Renneville,27910,208,18.3,TransakAuto,Agence ROUEN,1
La Tombe,77130,208,18.8,TransakAuto,Agence FONTAINEBLEAU,1
Ménil-Hermei,61210,208,19.4,TransakAuto,Agence FLERS,1
Saint-Martin-de-Cenilly,50210,208,19.8,TransakAuto,Agence SAINT-LO,1
Montlognon,60300,207,7.1,TransakAuto,Agence DAMMARTIN EN GOELE,2
Seilhan,31510,207,8.5,Simplicicar,https://www.simplicicar.com/content/170-oncession-st-gaudens,1
Maurens,31540,207,10.5,TransakAuto,Agence VILLEFRANCHE-DE-LAURAGAIS,1
Boucagnères,32550,207,10.7,TransakAuto,Agence AUCH,1
Gans,33430,207,11.6,TransakAuto,Agence LANGON,1
Breuvery-sur-Coole,51240,207,12.4,AgenceAuto,chalons-en-champagne,1
Le Heaulme,95640,207,12.8,AgenceAuto,cergy-pontoise,3
Fichous-Riumayou,64410,207,14.4,Simplicicar,pau,2
Crasville-la-Rocquefort,76740,207,15.6,AgenceAuto,yerville,2
Le Roc,46200,207,15.8,TransakAuto,Agence SARLAT,1
Colmen,57320,207,16.1,TransakAuto,"Agence BRUXELLES, BELGIQUE",1
Mayot,02800,207,16.5,TransakAuto,Agence SAINT-QUENTIN,2
Sault-Saint-Remy,08190,207,17.8,TransakAuto,Agence REIMS,1
Les Plains-et-Grands-Essarts,25470,207,18.1,TransakAuto,Agence MONTBELIARD,1
Brie,09700,207,19.3,Simplicicar,pamiers,1
La Motte-en-Champsaur,05500,207,19.6,TransakAuto,Agence GAP,1
Châlons-sur-Vesle,51140,206,5.9,Simplicicar,reims,2
Hermin,62150,206,9.0,TransakAuto,Agence BETHUNE,2
Bostens,40090,206,12.7,TransakAuto,Agence MONT DE MARSAN,1
Haucourt,62156,206,13.2,TransakAuto,Agence ARRAS,3
Oissy,80540,206,13.3,AgenceAuto,amiens,2
Civrac-sur-Dordogne,33350,206,14.4,TransakAuto,Agence LIBOURNE,1
Nestier,65150,206,16.5,Simplicicar,https://www.simplicicar.com/content/170-oncession-st-gaudens,1
Fleury,80160,206,16.7,AgenceAuto,amiens,1
Combefa,81640,206,17.4,TransakAuto,Agence ALBI,1
Romigny,51170,206,17.7,Simplicicar,reims,1
Drudas,31480,206,17.8,TransakAuto,Agence FRONTON,1
Semens,33490,206,17.8,TransakAuto,Agence LANGON,1
Marions,33690,206,18.4,TransakAuto,Agence LANGON,1
Chancey,70140,206,19.2,Simplicicar,besancon,1
Velorcey,70300,206,19.3,AgenceAuto,vesoul,1
Escamps,46230,206,19.5,TransakAuto,Agence CAHORS,1
Lombia,64160,206,19.7,TransakAuto,Agence TARBES,1
Villiers-le-Sec,95720,205,6.5,AgenceAuto,la-croix-verte,6
Damousies,59680,205,8.0,TransakAuto,Agence MAUBEUGE,1
Rémondans-Vaivre,25150,205,9.4,TransakAuto,Agence MONTBELIARD,2
Marolles-les-Buis,28400,205,10.9,AgenceAuto,nogent-le-rotrou,1
Champcenest,77560,205,12.1,TransakAuto,Agence PROVINS,1
Saint-Martin-des-Combes,24140,205,13.6,TransakAuto,Agence BERGERAC,1
Pompiac,32130,205,14.2,AgenceAuto,toulouse-fontenilles,1
Saint-Paulet,11320,205,14.9,TransakAuto,Agence VILLEFRANCHE-DE-LAURAGAIS,1
Chaum,31440,205,16.0,Simplicicar,https://www.simplicicar.com/content/170-oncession-st-gaudens,1
Castelviel,33540,205,17.4,TransakAuto,Agence LANGON,1
Noailles,81170,205,18.2,TransakAuto,Agence ALBI,1
Hannescamps,62111,205,18.5,TransakAuto,Agence ARRAS,2
Jouy-lès-Reims,51390,204,5.6,Simplicicar,reims,2
Verges,39570,204,8.8,TransakAuto,Agence LONS LE SAUNIER,2
Les Étilleux,28330,204,8.9,AgenceAuto,nogent-le-rotrou,1
Ménil-Erreux,61250,204,11.4,TransakAuto,Agence ALENCON,1
Romange,39700,204,11.4,AgenceAuto,dole,2
Aventignan,65660,204,12.8,Simplicicar,https://www.simplicicar.com/content/170-oncession-st-gaudens,1
Ozourt,40380,204,13.1,TransakAuto,Agence DAX,2
Trescault,62147,204,13.9,TransakAuto,Agence CAMBRAI,1
Grébault-Mesnil,80140,204,14.3,TransakAuto,Agence ABBEVILLE,1
Bellegarde-Sainte-Marie,31530,204,15.1,AgenceAuto,toulouse-fontenilles,2
Toulouse-le-Château,39230,204,16.2,TransakAuto,Agence LONS LE SAUNIER,2
Segonzac,24600,204,17.5,TransakAuto,Agence PERIGUEUX,1
Taillant,17350,204,17.9,TransakAuto,Agence SAINTES,1
Thulay,25310,203,5.7,TransakAuto,Agence MONTBELIARD,3
Braillans,25640,203,8.7,TransakAuto,Agence BESANCON,3
Berthenicourt,02240,203,9.1,TransakAuto,Agence SAINT-QUENTIN,2
Saint-Germain-des-Grois,61110,203,9.2,AgenceAuto,nogent-le-rotrou,1
Villers-sur-Port,70170,203,12.0,AgenceAuto,vesoul,1
Omey,51240,203,12.8,AgenceAuto,chalons-en-champagne,1
Allas-les-Mines,24220,203,13.4,TransakAuto,Agence SARLAT,1
Lhéraule,60650,203,13.8,TransakAuto,Agence BEAUVAIS,2
Broindon,21220,203,13.8,TransakAuto,Agence DIJON,3
Bretagnolles,27220,203,14.6,Simplicicar,evreux,3
Louâtre,02600,203,15.0,Simplicicar,soissons,1
Rouffilhac,46300,203,15.4,TransakAuto,Agence SARLAT,1
Puits-la-Vallée,60480,203,17.1,TransakAuto,Agence BEAUVAIS,2
Beuvron-en-Auge,14430,203,17.1,TransakAuto,Agence CAEN,1
Croutoy,60350,203,18.2,Simplicicar,compiegne,2
Saint-Paul-d'Uzore,42600,203,18.8,Simplicicar,moto-veauche,1
Saconin-et-Breuil,02200,202,8.2,Simplicicar,soissons,1
Aast,64460,202,14.0,TransakAuto,Agence TARBES,1
Nouvron-Vingré,02290,202,14.0,Simplicicar,soissons,1
Étrappe,25250,202,15.8,TransakAuto,Agence MONTBELIARD,3
Ornézan,32260,202,15.9,TransakAuto,Agence AUCH,1
Houdetot,76740,202,18.0,AgenceAuto,yerville,1
Selens,02300,202,18.0,Simplicicar,soissons,1
Bédeille,64460,202,19.0,TransakAuto,Agence TARBES,1
Badefols-sur-Dordogne,24150,202,19.9,TransakAuto,Agence BERGERAC,1
Frapelle,88490,201,5.9,AgenceAuto,saint-die-des-vosges,1
Tailly,21190,201,7.6,Simplicicar,beaune,2
Le Brévedent,14130,201,9.0,TransakAuto,Agence DEAUVILLE,1
Thorailles,45210,201,9.6,TransakAuto,Agence MONTARGIS,1
Vauville,14800,201,10.7,TransakAuto,Agence DEAUVILLE,1
Secourt,57420,201,11.6,TransakAuto,Agence METZ,1
Piégut,05130,201,12.3,TransakAuto,Agence GAP,1
Bonnières,60112,201,13.3,TransakAuto,Agence BEAUVAIS,2
Airoux,11320,201,15.0,TransakAuto,Agence VILLEFRANCHE-DE-LAURAGAIS,1
Champclause,43260,201,16.4,Simplicicar,puy-en-velay,1
Neuville,19380,201,17.2,AgenceAuto,tulle,1
Peyzac-le-Moustier,24620,201,17.9,TransakAuto,Agence SARLAT,1
Saint-Cirq-Lapopie,46330,201,18.1,TransakAuto,Agence CAHORS,1
Cézan,32410,201,18.2,TransakAuto,Agence AUCH,1
Charmois,54360,201,18.5,TransakAuto,Agence NANCY,3
Villemoiron-en-Othe,10160,201,18.9,AgenceAuto,troyes,1
Chaillevois,02000,201,19.6,Simplicicar,soissons,1
Chavéria,39270,201,19.7,AgenceAuto,lons-le-saunier,2
Saint-Voir,03220,201,19.7,TransakAuto,Agence MOULINS,1
Le Mesnil-Fuguet,27930,200,7.2,Simplicicar,evreux,2
Nempont-Saint-Firmin,62180,200,8.5,TransakAuto,Agence LE TOUQUET,1
Marigny,03210,200,10.4,TransakAuto,Agence MOULINS,1
Plumetot,14440,200,11.1,TransakAuto,Agence CAEN,1
Le Chalon,26350,200,11.1,TransakAuto,Agence ROMANS SUR ISERE,1
Sainte-Mère,32700,200,12.1,TransakAuto,Agence AGEN,1
Tronville,54800,200,13.8,TransakAuto,Agence SAINT-DIZIER,2
Thézey-Saint-Martin,54610,200,14.4,TransakAuto,Agence METZ,1
Lauzès,46360,200,15.4,TransakAuto,Agence CAHORS,1
Montgobert,02600,200,15.8,Simplicicar,soissons,1
La Neuville-sur-Ressons,60490,200,16.2,TransakAuto,Agence COMPIEGNE,2
Brans,39290,200,16.5,AgenceAuto,dole,1
L'Étang-Vergy,21220,200,18.0,Simplicicar,beaune,1
Aillières-Beauvoir,72600,200,18.4,TransakAuto,Agence ALENCON,1
Tilleul-Dame-Agnès,27170,200,19.6,TransakAuto,Agence EVREUX,1
Ruan,45410,200,20.0,TransakAuto,Agence ORLEANS,1
Sassey,27930,199,3.5,Simplicicar,evreux,3
Ségura,09120,199,5.1,Simplicicar,pamiers,1
Le Theil-en-Auge,14130,199,8.0,TransakAuto,Agence DEAUVILLE,2
Nevy-sur-Seille,39210,199,8.8,TransakAuto,Agence LONS LE SAUNIER,2
Échavanne,70400,199,9.0,AgenceAuto,hericourt,2
Vaudéville,88000,199,9.4,AgenceAuto,epinal,2
Brametot,76740,199,13.2,AgenceAuto,yerville,2
Offlanges,39290,199,13.9,AgenceAuto,dole,1
Bursard,61500,199,15.3,TransakAuto,Agence ALENCON,1
Lailly,89190,199,17.1,TransakAuto,Agence SENS,1
Barretaine,39800,199,18.3,TransakAuto,Agence LONS LE SAUNIER,1
Barly,62810,199,19.5,TransakAuto,Agence ARRAS,2
Dième,69170,199,19.8,TransakAuto,Agence VILLEFRANCHE SUR SAONE,1
Hoéville,54370,199,19.9,AgenceAuto,nancy,1
Antilly,57640,198,9.2,AgenceAuto,metz,2
Saint-Denis-Catus,46150,198,10.7,TransakAuto,Agence CAHORS,1
Milhac,46300,198,11.7,TransakAuto,Agence SARLAT,1
Plouzélambre,22420,198,11.8,AgenceAuto,lannion,2
Saint-Médard,46150,198,12.5,TransakAuto,Agence CAHORS,1
La Motte-Fanjas,26190,198,13.4,TransakAuto,Agence ROMANS SUR ISERE,1
Auxange,39700,198,13.7,Simplicicar,besancon,3
Biéville,50160,198,14.7,TransakAuto,Agence SAINT-LO,1
Lartigue,32450,198,15.7,TransakAuto,Agence AUCH,1
Rimons,33580,198,16.0,TransakAuto,Agence LANGON,1
Montmirey-le-Château,39290,198,16.0,AgenceAuto,dole,1
Villexanton,41500,198,16.7,TransakAuto,Agence BLOIS,1
Templeux-le-Guérard,80240,198,16.7,AgenceAuto,saint-quentin,2
Sapignies,62121,198,17.7,TransakAuto,Agence ARRAS,2
Keffenach,67250,198,18.6,TransakAuto,Agence HAGUENAU,1
La Chapelle-sous-Uchon,71190,198,19.5,AgenceAuto,montceau-les-mines,1
Lys-Saint-Georges,36230,198,19.6,TransakAuto,Agence CHATEAUROUX,1
Brantigny,88130,198,19.6,TransakAuto,Agence EPINAL,1
Beyrie-en-Béarn,64230,197,6.8,Simplicicar,pau,2
Placey,25170,197,7.0,AgenceAuto,besancon-valentin,4
Vasseny,02220,197,9.9,Simplicicar,soissons,1
Bernardvillé,67140,197,11.8,AgenceAuto,selestat,1
Villy-le-Maréchal,10800,197,12.4,AgenceAuto,troyes,3
Brutelles,80230,197,12.5,TransakAuto,"Agence MONS, BELGIQUE",1
Saint-Romain,21190,197,12.7,Simplicicar,beaune,1
Vanvillé,77370,197,13.3,TransakAuto,Agence PROVINS,1
Pomoy,70240,197,14.1,AgenceAuto,vesoul,1
Montagny-lès-Buxy,71390,197,14.5,TransakAuto,Agence CHALON-SUR-SAONE,1
Saint-Jean-sur-Moivre,51240,197,14.9,AgenceAuto,chalons-en-champagne,1
Saint-Honoré,76590,197,15.7,TransakAuto,Agence DIEPPE,1
Plasne,39210,197,15.8,TransakAuto,Agence LONS LE SAUNIER,2
Charnay-lès-Chalon,71350,197,18.3,Simplicicar,beaune,1
Arrien,64420,197,18.5,Simplicicar,pau,1
Ricarville-du-Val,76510,197,18.6,TransakAuto,Agence DIEPPE,1
Louvrechy,80250,197,18.9,AgenceAuto,amiens,1
La Chapelle-aux-Chasses,03230,197,19.2,TransakAuto,Agence MOULINS,1
La Neuville-en-Beine,02300,197,19.8,AgenceAuto,saint-quentin,1
Le Bec-Thomas,27370,196,9.4,TransakAuto,Agence ELBEUF,1
Sauvagney,25170,196,9.5,AgenceAuto,besancon-valentin,4
Lettret,05130,196,9.5,TransakAuto,Agence GAP,1
Lassy,95270,196,10.7,AgenceAuto,la-croix-verte,4
Brouqueyran,33124,196,11.9,TransakAuto,Agence LANGON,1
Uzech,46310,196,13.3,TransakAuto,Agence CAHORS,1
Mortagne,88600,196,14.0,AgenceAuto,saint-die-des-vosges,1
Saint-Martin-de-Boubaux,48160,196,16.8,TransakAuto,Agence ALES,1
Laberlière,60310,196,18.8,TransakAuto,Agence COMPIEGNE,2
Cessac,33760,196,18.9,TransakAuto,Agence LIBOURNE,1
Offoy,80400,196,19.8,AgenceAuto,saint-quentin,1
Savarthès,31800,195,11.2,Simplicicar,https://www.simplicicar.com/content/170-oncession-st-gaudens,1
Gouves,62123,195,11.3,Simplicicar,arras,3
Lombard,25440,195,12.0,Simplicicar,besancon,3
Boyer,42460,195,13.7,TransakAuto,Agence ROANNE,1
Rochebrune,05190,195,14.3,TransakAuto,Agence GAP,1
Saint-Aubin,21190,195,14.9,Simplicicar,beaune,2
Hammeville,54330,195,15.7,TransakAuto,Agence NANCY,3
Braye-en-Laonnois,02000,195,19.8,Simplicicar,soissons,1
Bonboillon,70150,195,19.9,Simplicicar,besancon,1
Villeparois,70000,194,5.0,AgenceAuto,vesoul,1
Fluquières,02590,194,9.3,AgenceAuto,saint-quentin,2
Pourcy,51480,194,12.5,Simplicicar,reims,2
Saint-Félix-de-Pallières,30140,194,12.6,TransakAuto,Agence ALES,1
Louit,65350,194,13.1,TransakAuto,Agence TARBES,1
Larreule,64410,194,14.0,Simplicicar,pau,2
Noirémont,60480,194,14.3,TransakAuto,Agence BEAUVAIS,2
Saint-Bomer,28330,194,14.3,AgenceAuto,nogent-le-rotrou,1
Diant,77940,194,14.9,TransakAuto,Agence FONTAINEBLEAU,1
Nassigny,03190,194,15.0,TransakAuto,Agence MONTLUCON,1
Saint-Antoine,32340,194,15.8,TransakAuto,Agence AGEN,1
Billy-sur-Ourcq,02210,194,16.8,Simplicicar,soissons,1
Unchair,51170,194,17.3,Simplicicar,reims,2
Chay,25440,194,17.6,Simplicicar,besancon,2
Germagny,71460,194,18.0,AgenceAuto,montceau-les-mines,1
Brotte-lès-Luxeuil,70300,194,18.7,AgenceAuto,vesoul,1
Coucy-la-Ville,02380,194,19.1,Simplicicar,soissons,1
Boullarre,60620,194,19.9,TransakAuto,Agence DAMMARTIN EN GOELE,1
Geruge,39570,193,5.6,AgenceAuto,lons-le-saunier,2
Beauteville,31290,193,7.0,TransakAuto,Agence VILLEFRANCHE-DE-LAURAGAIS,1
Gudas,09120,193,7.2,Simplicicar,pamiers,1
Auribail,31190,193,7.6,TransakAuto,Agence EAUNES,2
Haucourt-en-Cambrésis,59191,193,11.1,TransakAuto,Agence CAMBRAI,1
Foulangues,60250,193,11.4,Simplicicar,st-maximin,3
Cuverville-sur-Yères,76260,193,12.1,TransakAuto,"Agence MONS, BELGIQUE",1
Houetteville,27400,193,13.0,Simplicicar,evreux,2
Villers-Hélon,02600,193,13.3,Simplicicar,soissons,1
Brenelle,02220,193,13.8,Simplicicar,soissons,1
La Bazoque,14490,193,16.4,TransakAuto,Agence SAINT-LO,1
Labastide-Savès,32130,193,16.4,AgenceAuto,toulouse-fontenilles,1
Petitefontaine,90360,193,16.7,AgenceAuto,belfort,1
Saint-Marcelin-de-Cray,71460,193,17.2,AgenceAuto,montceau-les-mines,1
Vitrey,54330,193,17.8,TransakAuto,Agence NANCY,3
Fransu,80620,193,18.6,TransakAuto,Agence ABBEVILLE,1
Lourquen,40250,193,19.2,TransakAuto,Agence DAX,1
Saint-Aignan,33126,192,7.1,TransakAuto,Agence LIBOURNE,3
Villemus,04110,192,8.3,TransakAuto,Agence MANOSQUE,1
Fontaine-la-Rivière,91690,192,10.6,TransakAuto,Agence ETAMPES,1
Autrey,54160,192,10.9,TransakAuto,Agence NANCY,3
Vieux-Champagne,77370,192,11.7,TransakAuto,Agence PROVINS,1
Sainte-Gemme,33580,192,12.7,TransakAuto,Agence LANGON,1
Omelmont,54330,192,15.0,TransakAuto,Agence NANCY,3
Pennesières,70190,192,15.1,AgenceAuto,vesoul,1
Limé,02220,192,15.4,Simplicicar,soissons,1
Montmaurin,31350,192,16.2,Simplicicar,https://www.simplicicar.com/content/170-oncession-st-gaudens,1
Landersheim,67700,192,16.5,TransakAuto,Agence STRASBOURG NORD,2
Ermenonville-la-Petite,28120,192,17.2,TransakAuto,Agence CHARTRES,1
Fley,71390,192,18.6,TransakAuto,Agence CHALON-SUR-SAONE,1
Liebenswiller,68220,191,9.5,TransakAuto,Agence SAINT-LOUIS,2
Benay,02440,191,9.6,AgenceAuto,saint-quentin,2
Loudet,31580,191,10.4,Simplicicar,https://www.simplicicar.com/content/170-oncession-st-gaudens,1
Saint-Germain-de-Fresney,27220,191,10.5,TransakAuto,Agence EVREUX,2
Villevoques,45700,191,11.2,TransakAuto,Agence MONTARGIS,1
Hyémondans,25250,191,13.2,TransakAuto,Agence MONTBELIARD,2
Augisey,39270,191,13.5,AgenceAuto,lons-le-saunier,2
Dury,02480,191,13.9,AgenceAuto,saint-quentin,2
Entrevernes,74410,191,14.9,AgenceAuto,annecy,4
Esténos,31440,191,15.9,Simplicicar,https://www.simplicicar.com/content/170-oncession-st-gaudens,1
Drouville,54370,191,16.8,AgenceAuto,nancy,3
Milhas,31160,191,16.9,Simplicicar,https://www.simplicicar.com/content/170-oncession-st-gaudens,1
Saint-Pardoux-de-Drône,24600,191,19.3,TransakAuto,Agence PERIGUEUX,1
Saint-Omer,14220,191,19.8,TransakAuto,Agence FLERS,1
Francarville,31460,191,19.9,AgenceAuto,toulouse-nord,1
Sancourt,59268,190,5.3,TransakAuto,Agence CAMBRAI,1
Boncourt,27120,190,8.4,Simplicicar,evreux,3
Feule,25190,190,11.5,TransakAuto,Agence MONTBELIARD,2
Heiwiller,68130,190,12.6,AgenceAuto,mulhouse-sud,4
Assencières,10220,190,13.3,Simplicicar,troyes,3
Cleuville,76450,190,13.4,TransakAuto,Agence YVETOT,2
Saint-François-de-Sales,73340,190,14.1,TransakAuto,Agence CHAMBERY,2
Morey,71510,190,16.5,TransakAuto,Agence CHALON-SUR-SAONE,1
Germinon,51130,190,17.1,AgenceAuto,chalons-en-champagne,1
Drosay,76460,190,17.9,AgenceAuto,yerville,2
Marquaix,80240,190,18.7,AgenceAuto,saint-quentin,2
Saint-Robert,47340,190,19.1,TransakAuto,Agence AGEN,1
Oléac-Debat,65350,189,9.6,TransakAuto,Agence TARBES,1
Cuqueron,64360,189,10.7,TransakAuto,Agence PAU,2
Aumerval,62550,189,12.4,TransakAuto,Agence BETHUNE,1
Antist,65200,189,12.5,TransakAuto,Agence TARBES,1
Francheville,51240,189,12.6,AgenceAuto,chalons-en-champagne,1
Auga,64450,189,12.7,Simplicicar,pau,2
Lintot-les-Bois,76590,189,13.1,TransakAuto,Agence DIEPPE,1
Saint-Crépin-aux-Bois,60170,189,15.4,Simplicicar,compiegne,2
Bresilley,70140,189,17.3,Simplicicar,besancon,1
Hauteville,02120,189,17.4,TransakAuto,Agence SAINT-QUENTIN,2
Crasville-la-Mallet,76450,189,19.6,AgenceAuto,yerville,1
Amfreville-les-Champs,76560,188,5.4,AgenceAuto,yerville,2
Germigny,51390,188,8.5,Simplicicar,reims,2
Augerans,39380,188,9.4,AgenceAuto,dole,1
Lavans-Quingey,25440,188,12.2,Simplicicar,besancon,4
Le Mesnil-Eury,50570,188,13.0,TransakAuto,Agence SAINT-LO,1
Lasseubetat,64290,188,14.4,TransakAuto,Agence PAU,1
Le Perron,50160,188,14.9,TransakAuto,Agence SAINT-LO,1
Germiny,54170,188,15.5,TransakAuto,Agence NANCY,3
Mauressargues,30350,188,15.9,TransakAuto,Agence ALES,1
Saint-Cibard,33570,188,15.9,TransakAuto,Agence LIBOURNE,1
La Neuville-aux-Larris,51480,188,16.0,Simplicicar,reims,1
Giremoutiers,77120,188,16.1,TransakAuto,Agence MEAUX,2
Arfons,81110,188,16.8,TransakAuto,Agence CASTRES,1
Lacombe,11310,188,19.7,TransakAuto,Agence CASTRES,1
Knœrsheim,67310,188,19.7,TransakAuto,Agence STRASBOURG NORD,1
La Pomarède,11400,188,19.9,TransakAuto,Agence VILLEFRANCHE-DE-LAURAGAIS,1
Rimbachzell,68500,188,20.0,AgenceAuto,mulhouse-sud,1
Banneville-la-Campagne,14940,187,4.9,TransakAuto,Agence CAEN,1
Héninel,62128,187,8.0,TransakAuto,Agence ARRAS,3
Regny,02240,187,9.2,TransakAuto,Agence SAINT-QUENTIN,2
Saint-Pey-d'Armens,33330,187,10.4,TransakAuto,Agence LIBOURNE,1
Buissard,05500,187,10.9,TransakAuto,Agence GAP,1
Paroy,77520,187,11.6,TransakAuto,Agence PROVINS,1
Canteloup,14370,187,13.4,TransakAuto,Agence CAEN,1
Vandeuil,51140,187,13.8,Simplicicar,reims,2
Blussans,25250,187,13.9,TransakAuto,Agence MONTBELIARD,2
Marnac,24220,187,16.7,TransakAuto,Agence SARLAT,1
Doazon,64370,187,17.2,Simplicicar,pau,2
Monts,60119,187,17.4,TransakAuto,Agence GISORS,3
Buffard,25440,187,17.6,Simplicicar,besancon,2
La Boissière,14340,187,17.8,TransakAuto,Agence DEAUVILLE,1
Tordères,66300,187,18.7,TransakAuto,Agence PERPIGNAN NORD SAINT ESTEVE,2
Creuse,80480,186,6.5,AgenceAuto,amiens,2
Nanteuil-la-Fosse,02880,186,9.7,Simplicicar,soissons,1
L'Herm,09000,186,10.0,Simplicicar,pamiers,1
Bernac,81150,186,11.4,TransakAuto,Agence ALBI,1
Fontaine-les-Ribouts,28170,186,13.3,TransakAuto,Agence DREUX,1
Le Fied,39800,186,15.0,TransakAuto,Agence LONS LE SAUNIER,2
Saligney,39350,186,15.4,Simplicicar,besancon,2
Serre-les-Moulières,39700,186,16.1,AgenceAuto,dole,2
Pleine-Selve,02240,186,17.5,TransakAuto,Agence SAINT-QUENTIN,2
Le Catelet,02420,186,18.0,TransakAuto,Agence SAINT-QUENTIN,3
Gizia,39190,186,18.0,AgenceAuto,lons-le-saunier,3
Fossieux,57590,186,18.7,TransakAuto,Agence METZ,1
Airon-Saint-Vaast,62180,185,2.1,TransakAuto,Agence LE TOUQUET,1
Mont-le-Vernois,70000,185,8.2,AgenceAuto,vesoul,1
Lansac,65350,185,9.8,TransakAuto,Agence TARBES,1
Gézoncourt,54380,185,14.1,TransakAuto,Agence METZ,1
Fronsac,31440,185,14.2,Simplicicar,https://www.simplicicar.com/content/170-oncession-st-gaudens,1
Beauvoir,77390,185,14.3,AgenceAuto,gretz-armainvilliers,2
Lamberville,76730,185,15.6,AgenceAuto,yerville,2
Cricqueville-en-Auge,14430,185,15.9,TransakAuto,Agence CAEN,1
Lignorelles,89800,185,16.7,TransakAuto,Agence AUXERRE,1
Courquetaine,77390,184,6.4,AgenceAuto,gretz-armainvilliers,3
Bornay,39570,184,7.0,AgenceAuto,lons-le-saunier,2
Massanes,30350,184,7.2,TransakAuto,Agence ALES,1
Sainte-Geneviève,54700,184,7.9,TransakAuto,Agence METZ,1
Flacourt,78200,184,8.0,TransakAuto,Agence MANTES-LA-JOLIE,3
Serans,60240,184,10.8,TransakAuto,Agence GISORS,2
Mespuits,91150,184,14.6,TransakAuto,Agence ETAMPES,1
Hervilly,80240,184,15.2,AgenceAuto,saint-quentin,2
Bessy-sur-Cure,89270,184,16.4,TransakAuto,Agence AUXERRE,1
Bretten,68780,184,17.3,AgenceAuto,mulhouse-sud,2
Angerville,14430,184,17.4,TransakAuto,Agence DEAUVILLE,2
Saint-Julien-Maumont,19500,184,18.7,Simplicicar,brive,2
Bost,03300,183,7.5,Simplicicar,vichy,1
Croix-Fonsomme,02110,183,12.4,TransakAuto,Agence SAINT-QUENTIN,2
Rozières-en-Beauce,45130,183,13.1,Simplicicar,orleans,2
Sainte-Colombe-de-la-Commanderie,66300,183,14.7,TransakAuto,Agence PERPIGNAN NORD SAINT ESTEVE,2
Fouronnes,89560,183,15.1,TransakAuto,Agence AUXERRE,1
Péchaudier,81470,183,15.3,TransakAuto,Agence CASTRES,1
Secenans,70400,183,15.7,AgenceAuto,hericourt,3
Saint-Pierre-le-Vieux,76740,183,16.6,TransakAuto,Agence DIEPPE,1
Fay-le-Clos,26240,183,17.1,TransakAuto,Agence DAVEZIEUX,1
Lussagnet-Lusson,64160,183,17.1,Simplicicar,pau,1
Mérélessart,80490,183,17.7,TransakAuto,Agence ABBEVILLE,1
Grand-Corent,01250,183,17.8,TransakAuto,Agence BOURG-EN-BRESSE,2
Gondrecourt-Aix,54800,183,17.9,TransakAuto,Agence SAINT-DIZIER,1
Chaînée-des-Coupis,39120,183,18.8,AgenceAuto,dole,1
Étrabonne,25170,182,8.9,Simplicicar,besancon,3
Crespinet,81350,182,13.1,TransakAuto,Agence ALBI,1
Montpinier,81440,182,13.5,TransakAuto,Agence CASTRES,1
Lachaussée-du-Bois-d'Écu,60480,182,14.3,TransakAuto,Agence BEAUVAIS,2
Serrigny-en-Bresse,71310,182,15.8,AgenceAuto,chalon-sur-saone,1
La Ferté,39600,182,19.2,AgenceAuto,dole,1
La Lande-de-Goult,61320,182,19.5,TransakAuto,Agence ALENCON,1
Camps-en-Amiénois,80540,182,19.5,AgenceAuto,amiens,1
Guillac,33420,181,11.8,TransakAuto,Agence LIBOURNE,1
Méménil,88600,181,13.2,AgenceAuto,epinal,2
Kemplich,57920,181,13.5,TransakAuto,"Agence BRUXELLES, BELGIQUE",2
Chevaline,74210,181,14.8,TransakAuto,Agence ALBERTVILLE,1
Riencourt,80310,181,14.8,TransakAuto,Agence AMIENS,2
Lieurac,09300,181,15.1,Simplicicar,pamiers,1
Granges-la-Ville,70400,181,15.3,AgenceAuto,hericourt,1
Saint-Aubin-sur-Mer,76740,181,15.7,TransakAuto,Agence DIEPPE,1
Cirey-lès-Pontailler,21270,181,16.6,Simplicicar,dijon,3
Arné,65670,181,18.1,Simplicicar,https://www.simplicicar.com/content/170-oncession-st-gaudens,1
Gros-Chastang,19320,181,19.3,AgenceAuto,tulle,1
Campile,20290,181,19.9,TransakAuto,Agence BASTIA,1
Lattainville,60240,180,5.3,TransakAuto,Agence GISORS,1
Lados,33124,180,10.3,TransakAuto,Agence LANGON,1
Saint-Étienne-de-Lisse,33330,180,10.8,TransakAuto,Agence LIBOURNE,1
Croix,90100,180,11.2,AgenceAuto,montbeliard,3
Prégilbert,89460,180,13.1,TransakAuto,Agence AUXERRE,1
Candes-Saint-Martin,37500,180,14.7,TransakAuto,Agence SAUMUR,1
Nadaillac-de-Rouge,46350,180,15.6,TransakAuto,Agence SARLAT,1
L'Isle-Arné,32270,180,15.9,TransakAuto,Agence AUCH,1
Terjat,03420,180,16.5,TransakAuto,Agence MONTLUCON,1
Saint-Germain-de-Belvès,24170,180,17.2,TransakAuto,Agence SARLAT,1
Bosselshausen,67330,180,17.4,TransakAuto,Agence HAGUENAU,1
Chambornay-lès-Bellevaux,70190,180,17.5,TransakAuto,Agence BESANCON,1
Étavigny,60620,180,17.5,TransakAuto,Agence DAMMARTIN EN GOELE,1
Seynes,30580,180,18.4,TransakAuto,Agence ALES,1
Beugnâtre,62450,180,18.4,TransakAuto,Agence ARRAS,2
Notre-Dame-du-Parc,76590,180,18.7,TransakAuto,Agence DIEPPE,1
Montcuit,50490,180,19.0,TransakAuto,Agence SAINT-LO,1
Saint-Quentin-du-Dropt,47330,180,19.5,TransakAuto,Agence BERGERAC,1
Le Vernoy,25750,179,7.5,AgenceAuto,hericourt,4
Happencourt,02480,179,9.0,AgenceAuto,saint-quentin,2
Canenx-et-Réaut,40090,179,12.5,TransakAuto,Agence MONT DE MARSAN,1
Boncourt,54800,179,12.8,TransakAuto,Agence SAINT-DIZIER,1
Sainte-Thérence,03420,179,13.4,TransakAuto,Agence MONTLUCON,1
Saint-Mards,76730,179,14.8,AgenceAuto,yerville,2
Coutens,09500,179,15.0,Simplicicar,pamiers,1
Cézac,46170,179,15.8,TransakAuto,Agence CAHORS,1
Vyt-lès-Belvoir,25430,179,16.4,TransakAuto,Agence MONTBELIARD,1
Mascarville,31460,179,17.4,TransakAuto,Agence VILLEFRANCHE-DE-LAURAGAIS,2
Ruffiac,47700,179,19.5,TransakAuto,Agence LANGON,1
Saint-Julien-sur-Calonne,14130,178,1.9,TransakAuto,Agence DEAUVILLE,1
Maisoncelle-Saint-Pierre,60112,178,8.2,TransakAuto,Agence BEAUVAIS,2
Montclar,11250,178,9.3,Simplicicar,carcassonne,2
Mérey-Vieilley,25870,178,9.8,TransakAuto,Agence BESANCON,3
Pallegney,88330,178,10.4,TransakAuto,Agence EPINAL,2
Larcan,31800,178,10.4,Simplicicar,https://www.simplicicar.com/content/170-oncession-st-gaudens,1
Vregille,70150,178,10.9,AgenceAuto,besancon-valentin,4
La Gaudaine,28400,178,11.3,AgenceAuto,nogent-le-rotrou,1
Moulon,45270,178,13.2,TransakAuto,Agence MONTARGIS,1
Mézères,43800,178,13.7,Simplicicar,puy-en-velay,1
Louvigny,72600,178,13.8,TransakAuto,Agence ALENCON,1
Monsac,24440,178,14.3,TransakAuto,Agence BERGERAC,1
Pontcirq,46150,178,15.2,TransakAuto,Agence CAHORS,1
Sommette-Eaucourt,02480,178,16.6,AgenceAuto,saint-quentin,2
Jaure,24140,178,17.8,TransakAuto,Agence PERIGUEUX,1
Compigny,89140,178,18.0,TransakAuto,Agence SENS,1
Lespourcy,64160,178,18.1,Simplicicar,pau,1
Le Buis,87140,178,18.4,TransakAuto,Agence LIMOGES,1
Saint-André-de-Briouze,61220,178,18.6,TransakAuto,Agence FLERS,1
Cuvillers,59268,177,5.0,TransakAuto,Agence CAMBRAI,1
Ville-au-Val,54380,177,10.8,TransakAuto,Agence METZ,1
Le Ménil-Broût,61250,177,13.3,TransakAuto,Agence ALENCON,1
Juzet-d'Izaut,31160,177,14.0,Simplicicar,https://www.simplicicar.com/content/170-oncession-st-gaudens,1
Bucy-le-Roi,45410,177,14.8,TransakAuto,Agence ORLEANS,1
Mescoules,24240,177,15.6,TransakAuto,Agence BERGERAC,1
Berbiguières,24220,177,15.7,TransakAuto,Agence SARLAT,1
Saint-Didier-en-Bresse,71620,177,15.8,AgenceAuto,chalon-sur-saone,1
Saint-Capraise-d'Eymet,24500,177,16.3,TransakAuto,Agence BERGERAC,1
Villeneuve-en-Montagne,71390,177,17.2,TransakAuto,Agence CHALON-SUR-SAONE,2
Sainte-Reine,73630,177,18.2,TransakAuto,Agence ALBERTVILLE,3
Fricamps,80290,177,18.3,AgenceAuto,amiens,1
Windstein,67110,177,18.5,TransakAuto,Agence HAGUENAU,1
La Racineuse,71310,177,19.2,AgenceAuto,chalon-sur-saone,1
Coulevon,70000,176,3.1,AgenceAuto,vesoul,1
Chalon,38122,176,7.6,TransakAuto,Agence VIENNE,2
Fontaine-Saint-Lucien,60480,176,7.8,TransakAuto,Agence BEAUVAIS,2
Francières,80690,176,10.0,TransakAuto,Agence ABBEVILLE,1
Villars-le-Sec,90100,176,13.2,AgenceAuto,montbeliard,3
Montmirey-la-Ville,39290,176,14.9,AgenceAuto,dole,1
Pont-Saint-Mard,02380,176,15.1,Simplicicar,soissons,1
Bussy-le-Château,51600,176,15.2,AgenceAuto,chalons-en-champagne,1
Poilcourt-Sydney,08190,176,15.4,TransakAuto,Agence REIMS,1
Saint-Pardoux-la-Croisille,19320,176,15.8,AgenceAuto,tulle,1
Alaincourt-la-Côte,57590,176,17.3,TransakAuto,Agence METZ,1
Francs,33570,176,18.1,TransakAuto,Agence LIBOURNE,1
Saint-Maurice-lès-Couches,71490,176,18.2,TransakAuto,Agence CHALON-SUR-SAONE,1
Glère,25190,176,18.8,TransakAuto,Agence MONTBELIARD,1
Le Mesnil-sur-Blangy,14130,175,5.1,TransakAuto,Agence DEAUVILLE,1
Chasselas,71570,175,5.9,TransakAuto,Agence MACON,1
Buzancy,02200,175,6.9,Simplicicar,soissons,1
Roncenay,10320,175,10.9,AgenceAuto,troyes,3
Amathay-Vésigneux,25330,175,14.2,Simplicicar,pontarlier,2
Montigny-sur-l'Hallue,80260,175,14.4,TransakAuto,Agence AMIENS,2
Andornay,70200,175,15.4,AgenceAuto,hericourt,1
Vatteville,27430,175,18.4,TransakAuto,Agence ELBEUF,1
Pocancy,51130,175,18.9,AgenceAuto,chalons-en-champagne,1
Fongueusemare,76280,175,19.2,TransakAuto,Agence LE HAVRE,1
Baslieux-sous-Châtillon,51700,175,19.4,Simplicicar,reims,1
Saint-Martin-du-Mont,71580,174,6.2,AgenceAuto,louhans,2
Braisnes-sur-Aronde,60113,174,7.8,TransakAuto,Agence COMPIEGNE,2
Anos,64160,174,8.2,Simplicicar,pau,2
Gorhey,88270,174,8.9,TransakAuto,Agence EPINAL,2
Couvrelles,02220,174,10.3,Simplicicar,soissons,1
Lizines,77650,174,10.4,TransakAuto,Agence PROVINS,1
Bouvancourt,51140,174,13.2,TransakAuto,Agence REIMS,2
Bans,39380,174,13.2,AgenceAuto,dole,1
Longeville,25330,174,13.3,Simplicicar,pontarlier,2
Les Moussières,39310,174,15.5,TransakAuto,Agence GEX,2
Peyraube,65190,174,16.6,TransakAuto,Agence TARBES,1
Belval-sous-Châtillon,51480,174,16.7,Simplicicar,reims,1
Bouhans,71330,174,17.0,AgenceAuto,louhans,1
Rouperroux,61320,174,17.2,TransakAuto,Agence ALENCON,1
Giron,01130,174,18.4,TransakAuto,Agence GEX,2
Juncalas,65100,174,18.9,TransakAuto,Agence TARBES,1
Fréchou-Fréchet,65190,173,10.1,TransakAuto,Agence TARBES,1
Gonnetot,76730,173,11.3,AgenceAuto,yerville,2
Pignicourt,02190,173,12.8,TransakAuto,Agence REIMS,2
Bénac,09000,173,14.6,Simplicicar,pamiers,1
Montceau-et-Écharnant,21360,173,16.7,Simplicicar,beaune,1
Frétoy,77320,173,17.6,TransakAuto,Agence PROVINS,1
Saint-Étienne-sous-Barbuise,10700,173,17.6,TransakAuto,Agence TROYES,2
Saint-Denœux,62990,173,19.6,TransakAuto,Agence LE TOUQUET,1
Saint-Germain-des-Angles,27930,172,7.6,Simplicicar,evreux,2
Les Alliés,25300,172,7.7,AgenceAuto,pontarlier,2
Lacommande,64360,172,8.3,TransakAuto,Agence PAU,2
Pandrignes,19150,172,8.5,AgenceAuto,tulle,1
Mourvilles-Hautes,31540,172,10.2,TransakAuto,Agence VILLEFRANCHE-DE-LAURAGAIS,1
Amécourt,27140,172,10.7,TransakAuto,Agence GISORS,1
Merry-Sec,89560,172,12.2,TransakAuto,Agence AUXERRE,1
Laboulbène,81100,172,12.6,TransakAuto,Agence CASTRES,1
Sept-Meules,76260,172,13.0,TransakAuto,"Agence MONS, BELGIQUE",1
Vénestanville,76730,172,14.8,AgenceAuto,yerville,2
Gugney-aux-Aulx,88450,172,15.2,TransakAuto,Agence EPINAL,2
Gilhac-et-Bruzac,07800,172,15.4,Simplicicar,valence,2
Cuiserey,21310,172,17.3,Simplicicar,dijon,3
Vassens,02290,172,18.5,Simplicicar,soissons,1
Affléville,54800,172,18.7,TransakAuto,Agence SAINT-DIZIER,1
Belbèze-en-Lomagne,82500,172,19.6,TransakAuto,Agence FRONTON,1
Brézilhac,11270,172,19.7,TransakAuto,Agence CARCASSONNE,2
Belleserre,81540,171,9.9,TransakAuto,Agence CASTRES,1
Luc,65190,171,12.8,TransakAuto,Agence TARBES,1
Le Troncq,27110,171,15.8,TransakAuto,Agence ELBEUF,1
Mérinville,45210,171,15.9,TransakAuto,Agence MONTARGIS,1
Lavignac,87230,171,17.8,AgenceAuto,limoges,1
Boulaur,32450,171,17.9,TransakAuto,Agence AUCH,1
La Neuvelle-lès-Scey,70360,171,19.1,AgenceAuto,vesoul,1
Neuville-Bourjonval,62124,171,19.3,TransakAuto,Agence CAMBRAI,1
Courtieux,60350,171,19.8,Simplicicar,soissons,1
Saint-Amancet,81110,170,11.0,TransakAuto,Agence CASTRES,1
Neuvillette,02390,170,12.7,TransakAuto,Agence SAINT-QUENTIN,2
Cintheaux,14680,170,14.3,TransakAuto,Agence CAEN,1
Chevannes,21220,170,15.5,Simplicicar,beaune,1
Thieffrans,70230,170,16.4,AgenceAuto,vesoul,1
Cobonne,26400,170,16.8,TransakAuto,Agence VALENCE,1
Toutenant,71350,170,17.2,AgenceAuto,chalon-sur-saone,1
Florimont-Gaumier,24250,170,17.5,TransakAuto,Agence SARLAT,1
Connelles,27430,170,17.9,TransakAuto,Agence ELBEUF,1
Ubexy,88130,170,18.5,TransakAuto,Agence EPINAL,1
Pontiacq-Viellepinte,64460,170,18.8,TransakAuto,Agence TARBES,1
Piencourt,27230,170,19.5,TransakAuto,Agence DEAUVILLE,1
Saint-Philbert-sur-Boissey,27520,170,19.5,TransakAuto,Agence ELBEUF,1
Morville-sur-Seille,54700,169,3.1,TransakAuto,Agence METZ,1
Viven,64450,169,10.7,Simplicicar,pau,2
Sancourt,27150,169,10.9,TransakAuto,Agence GISORS,1
Vallecalle,20232,169,11.0,TransakAuto,Agence BASTIA,1
Saint-Romans-des-Champs,79230,169,14.1,TransakAuto,Agence NIORT,1
Saint-Germier,81210,169,15.0,TransakAuto,Agence CASTRES,1
Ollezy,02480,169,15.2,AgenceAuto,saint-quentin,2
Balesta,31580,169,16.2,Simplicicar,https://www.simplicicar.com/content/170-oncession-st-gaudens,1
Villettes,27110,169,17.1,TransakAuto,Agence ELBEUF,3
Beaurieux,59740,169,17.1,TransakAuto,Agence MAUBEUGE,1
Arrentès-de-Corcieux,88430,169,17.1,AgenceAuto,saint-die-des-vosges,1
Bragassargues,30260,169,17.9,TransakAuto,Agence ALES,1
Furmeyer,05400,169,18.9,TransakAuto,Agence GAP,1
Saint-Polycarpe,11300,169,19.7,Simplicicar,carcassonne,2
Cessales,31290,168,6.9,TransakAuto,Agence VILLEFRANCHE-DE-LAURAGAIS,1
Nantoux,21190,168,8.9,Simplicicar,beaune,1
Beauville,31460,168,9.2,TransakAuto,Agence VILLEFRANCHE-DE-LAURAGAIS,1
Saint-Exupéry,33190,168,12.1,TransakAuto,Agence LANGON,1
Saint-Jean-de-Ceyrargues,30360,168,13.3,TransakAuto,Agence ALES,1
Soula,09000,168,13.9,Simplicicar,pamiers,1
Lème,64450,168,14.6,Simplicicar,pau,1
Castet-Arrouy,32340,168,15.2,TransakAuto,Agence AGEN,1
Garac,31480,168,15.8,AgenceAuto,toulouse-fontenilles,2
Dominois,80120,168,16.6,TransakAuto,Agence LE TOUQUET,1
Ablancourt,51240,168,17.8,AgenceAuto,chalons-en-champagne,1
Aulnay-l'Aître,51240,168,18.0,AgenceAuto,chalons-en-champagne,1
Leudon-en-Brie,77320,168,18.6,TransakAuto,Agence PROVINS,1
Cize,01250,168,18.7,TransakAuto,Agence BOURG-EN-BRESSE,2
Sorquainville,76540,168,19.0,TransakAuto,Agence YVETOT,1
Neuilly,27730,168,19.0,Simplicicar,vernon,2
Forcelles-Saint-Gorgon,54330,168,19.3,TransakAuto,Agence NANCY,1
Beaumont-en-Beine,02300,168,19.6,AgenceAuto,saint-quentin,1
Taron-Sadirac-Viellenave,64330,168,19.8,Simplicicar,pau,1
Trois-Puits,51500,167,6.8,Simplicicar,reims,2
Landebaëron,22140,167,8.6,TransakAuto,Agence BEGARD,1
Saint-Sernin-lès-Lavaur,81700,167,12.8,TransakAuto,Agence CASTRES,1
Lamberville,50160,167,12.9,TransakAuto,Agence SAINT-LO,1
Larroque,81140,167,13.5,AgenceAuto,montauban,1
Le Bouillon,61500,167,14.2,TransakAuto,Agence ALENCON,1
Dame-Marie,61130,167,14.8,AgenceAuto,nogent-le-rotrou,1
Villers-sous-Ailly,80690,167,15.1,TransakAuto,Agence ABBEVILLE,2
Rousset-Serre-Ponçon,05190,167,15.2,TransakAuto,Agence GAP,1
Brainville,54800,167,15.9,TransakAuto,Agence SAINT-DIZIER,1
Feuguerolles,27110,167,16.1,Simplicicar,evreux,3
Coupéville,51240,167,17.1,AgenceAuto,chalons-en-champagne,1
La Villedieu-en-Fontenette,70160,167,17.2,AgenceAuto,vesoul,1
Saint-Seurin-de-Palenne,17800,167,17.6,TransakAuto,Agence SAINTES,1
Lugagnan,65100,167,18.3,TransakAuto,Agence TARBES,1
Puzieux,57590,167,19.0,TransakAuto,Agence METZ,1
Longemaison,25690,167,19.2,Simplicicar,pontarlier,2
La Petite-Marche,03420,167,19.4,TransakAuto,Agence MONTLUCON,1
Verlans,70400,166,4.0,AgenceAuto,hericourt,4
Marigny,71300,166,7.8,AgenceAuto,montceau-les-mines,1
Saint-Pé-d'Ardet,31510,166,10.8,Simplicicar,https://www.simplicicar.com/content/170-oncession-st-gaudens,1
Mavilly-Mandelot,21190,166,11.6,Simplicicar,beaune,1
La Lande-Saint-Siméon,61100,166,11.9,TransakAuto,Agence FLERS,1
Foreste,02590,166,13.2,AgenceAuto,saint-quentin,2
Charézier,39130,166,14.1,TransakAuto,Agence LONS LE SAUNIER,2
Frémontiers,80160,166,15.5,AgenceAuto,amiens,1
Serez,27220,166,16.1,TransakAuto,Agence EVREUX,3
Trochères,21310,166,16.3,Simplicicar,dijon,3
Guevenatten,68210,166,16.5,AgenceAuto,mulhouse-sud,2
Marquay,62127,166,16.7,TransakAuto,Agence BETHUNE,1
Anères,65150,166,17.3,Simplicicar,https://www.simplicicar.com/content/170-oncession-st-gaudens,1
Vaudeville,54740,166,18.8,TransakAuto,Agence NANCY,1
Bélis,40120,166,19.2,TransakAuto,Agence MONT DE MARSAN,1
Viel-Arcy,02160,166,19.5,Simplicicar,soissons,1
Limeux,18120,166,19.7,TransakAuto,Agence BOURGES,1
Brémoncourt,54290,166,19.9,TransakAuto,Agence NANCY,1
Tarsul,21120,166,19.9,AgenceAuto,dijon,1
Ussel-d'Allier,03140,166,20.0,Simplicicar,vichy,1
Montagoudin,33190,165,6.2,TransakAuto,Agence LANGON,1
Budling,57970,165,10.8,TransakAuto,"Agence BRUXELLES, BELGIQUE",2
Javernant,10320,165,14.8,AgenceAuto,troyes,2
Uzan,64370,165,15.2,Simplicicar,pau,2
Épeautrolles,28120,165,15.4,TransakAuto,Agence CHARTRES,1
Espéchède,64160,165,15.7,Simplicicar,pau,2
Saint-Julien-de-l'Herms,38122,165,15.7,TransakAuto,Agence VIENNE,1
Moyencourt-lès-Poix,80290,165,16.1,AgenceAuto,amiens,1
Les Pinthières,28210,165,17.2,TransakAuto,Agence DREUX,2
Perville,82400,165,19.4,TransakAuto,Agence AGEN,1
Lachapelle-sous-Gerberoy,60380,165,19.7,TransakAuto,Agence BEAUVAIS,1
Neuchâtel-Urtière,25150,164,8.8,TransakAuto,Agence MONTBELIARD,2
Baulou,09000,164,9.3,Simplicicar,pamiers,1
Menétru-le-Vignoble,39210,164,11.7,TransakAuto,Agence LONS LE SAUNIER,2
La Roche-Mabile,61420,164,12.5,TransakAuto,Agence ALENCON,1
Carla-de-Roquefort,09300,164,13.1,Simplicicar,pamiers,1
Montgazin,31410,164,13.7,TransakAuto,Agence EAUNES,1
Remiencourt,80250,164,14.4,AgenceAuto,amiens,1
Montels,09240,164,15.1,Simplicicar,pamiers,1
Courcelles-sous-Moyencourt,80290,164,15.5,AgenceAuto,amiens,1
Vannecrocq,27210,164,16.4,TransakAuto,Agence DEAUVILLE,1
Miermaigne,28480,164,16.4,AgenceAuto,nogent-le-rotrou,1
Rembercourt-sur-Mad,54470,164,16.5,TransakAuto,Agence METZ,1
Souvigné-sur-Même,72400,164,17.3,AgenceAuto,nogent-le-rotrou,1
Tigny-Noyelle,62180,163,7.1,TransakAuto,Agence LE TOUQUET,1
Échenans,25550,163,8.3,AgenceAuto,hericourt,4
Bretteville-Saint-Laurent,76560,163,11.8,AgenceAuto,yerville,2
Saint-Pierre-Azif,14950,163,12.1,TransakAuto,Agence DEAUVILLE,1
Vriange,39700,163,12.8,AgenceAuto,dole,2
Allemant,02320,163,12.8,Simplicicar,soissons,1
Baraigne,11410,163,13.1,TransakAuto,Agence VILLEFRANCHE-DE-LAURAGAIS,1
Bérelles,59740,163,13.3,TransakAuto,Agence MAUBEUGE,1
Bettegney-Saint-Brice,88450,163,14.0,TransakAuto,Agence EPINAL,2
Romestaing,47250,163,14.0,TransakAuto,Agence LANGON,1
Fressac,30170,163,14.5,TransakAuto,Agence ALES,1
Saint-Martin-du-Puy,33540,163,15.6,TransakAuto,Agence LANGON,1
Vy-le-Ferroux,70130,163,15.9,AgenceAuto,vesoul,1
Curtil-Vergy,21220,163,16.7,Simplicicar,beaune,1
Besset,09500,163,17.0,Simplicicar,pamiers,1
Barésia-sur-l'Ain,39130,163,17.6,TransakAuto,Agence LONS LE SAUNIER,2
Franqueville,80620,163,18.8,TransakAuto,Agence AMIENS,2
Reulle-Vergy,21220,163,18.9,Simplicicar,beaune,2
Labourgade,82100,163,19.7,TransakAuto,Agence MONTAUBAN,1
Villenavotte,89140,162,6.1,TransakAuto,Agence SENS,1
Écluzelles,28500,162,7.2,TransakAuto,Agence DREUX,1
Seux,80540,162,9.4,AgenceAuto,amiens,2
Palazinges,19190,162,9.4,Simplicicar,brive,3
Tartiers,02290,162,11.5,Simplicicar,soissons,1
La Neuville-Saint-Pierre,60480,162,12.2,TransakAuto,Agence BEAUVAIS,2
Mesnois,39130,162,12.3,TransakAuto,Agence LONS LE SAUNIER,2
Rapale,20246,162,12.5,TransakAuto,Agence BASTIA,1
Teilhet,09500,162,12.5,Simplicicar,pamiers,1
Dampjoux,25190,162,12.6,TransakAuto,Agence MONTBELIARD,2
Fontaine-sur-Maye,80150,162,13.4,TransakAuto,Agence ABBEVILLE,1
Flins-Neuve-Église,78790,162,13.9,TransakAuto,Agence MANTES-LA-JOLIE,2
Saint-Julien-lès-Gorze,54470,162,17.8,TransakAuto,Agence METZ,1
Dezize-lès-Maranges,71150,162,18.0,TransakAuto,Agence CHALON-SUR-SAONE,2
Plan-de-Baix,26400,162,18.2,TransakAuto,Agence VALENCE,1
Bernieulles,62170,162,18.3,TransakAuto,Agence LE TOUQUET,1
Loubersan,32300,162,18.5,TransakAuto,Agence AUCH,1
La Chapelle-sur-Dun,76740,162,18.7,TransakAuto,Agence DIEPPE,1
Ronnet,03420,162,19.2,TransakAuto,Agence MONTLUCON,1
La Demie,70000,161,4.4,AgenceAuto,vesoul,1
Vira,09120,161,9.5,Simplicicar,pamiers,1
Velleguindry-et-Levrecey,70000,161,9.7,AgenceAuto,vesoul,1
Cuguron,31210,161,12.9,Simplicicar,https://www.simplicicar.com/content/170-oncession-st-gaudens,1
Cahan,61430,161,13.1,TransakAuto,Agence FLERS,1
Guyencourt-sur-Noye,80250,161,13.4,AgenceAuto,amiens,1
Tourly,60240,161,13.8,TransakAuto,Agence GISORS,2
Bay,70150,161,14.6,Simplicicar,besancon,3
Guiry-en-Vexin,95450,161,15.0,AgenceAuto,cergy-pontoise,6
Cys-la-Commune,02220,161,15.7,Simplicicar,soissons,1
Lescurry,65140,161,16.2,TransakAuto,Agence TARBES,1
Corbel,73160,161,18.3,Simplicicar,aix-les-bains,4
Blangy-sous-Poix,80290,161,19.9,AgenceAuto,amiens,1
Baume-les-Messieurs,39210,160,7.1,TransakAuto,Agence LONS LE SAUNIER,2
La Villeneuve-Bellenoye-et-la-Maize,70240,160,11.7,AgenceAuto,vesoul,1
Aulx-lès-Cromary,70190,160,15.4,TransakAuto,Agence BESANCON,2
Saint-Aubin-de-Nabirat,24250,160,15.4,TransakAuto,Agence SARLAT,1
Bouzic,24250,160,16.0,TransakAuto,Agence SARLAT,1
Clarac,65190,160,16.4,TransakAuto,Agence TARBES,1
Nozay,10700,160,17.6,TransakAuto,Agence TROYES,2
Romery,51480,160,17.9,Simplicicar,reims,1
Biermont,60490,160,19.2,TransakAuto,Agence COMPIEGNE,1
Ger,65100,160,19.5,TransakAuto,Agence TARBES,1
Allainville,28500,159,5.9,TransakAuto,Agence DREUX,1
Vaudancourt,60240,159,6.3,TransakAuto,Agence GISORS,2
Montépilloy,60810,159,10.4,AgenceAuto,senlis,4
Bertricourt,02190,159,11.9,TransakAuto,Agence REIMS,2
La Prétière,25250,159,13.3,TransakAuto,Agence MONTBELIARD,3
Ergnies,80690,159,14.8,TransakAuto,Agence ABBEVILLE,1
Chavençon,60240,159,15.0,AgenceAuto,cergy-pontoise,3
Conan,41290,159,15.1,TransakAuto,Agence BLOIS,1
La Postolle,89260,159,15.2,TransakAuto,Agence SENS,1
Flainval,54110,159,15.7,AgenceAuto,nancy,3
Mouflaines,27420,159,16.2,AgenceAuto,vernon,3
Arques,12290,159,17.1,TransakAuto,Agence RODEZ,3
Bouillon,64410,159,17.6,Simplicicar,pau,1
Bellaffaire,04250,159,18.6,TransakAuto,Agence GAP,1
Plieux,32340,159,18.7,TransakAuto,Agence AGEN,1
Le Sauze-du-Lac,05160,159,18.7,TransakAuto,Agence GAP,1
Moinville-la-Jeulin,28700,159,18.8,TransakAuto,Agence CHARTRES,1
Casteide-Doat,64460,159,18.9,TransakAuto,Agence TARBES,1
Saint-Julien-lès-Montbéliard,25550,158,8.4,AgenceAuto,hericourt,4
Glanville,14950,158,9.8,TransakAuto,Agence DEAUVILLE,1
Bénesville,76560,158,10.8,AgenceAuto,yerville,2
Antichan-de-Frontignes,31510,158,12.8,Simplicicar,https://www.simplicicar.com/content/170-oncession-st-gaudens,1
Saint-Laurent-d'Onay,26350,158,13.8,TransakAuto,Agence ROMANS SUR ISERE,1
Chaux-lès-Port,70170,158,14.1,AgenceAuto,vesoul,1
Nédon,62550,158,15.7,TransakAuto,Agence BETHUNE,1
Bouchon,80830,158,17.1,TransakAuto,Agence ABBEVILLE,2
Fenioux,17350,158,17.6,TransakAuto,Agence SAINTES,1
Velotte-et-Tatignécourt,88270,158,19.1,TransakAuto,Agence EPINAL,1
Blandin,38730,158,19.4,TransakAuto,Agence BOURGOIN-JAILLEU,1
Chirmont,80250,158,19.5,AgenceAuto,amiens,1
Marmont-Pachas,47220,157,5.8,TransakAuto,Agence AGEN,1
Favrieux,78200,157,6.7,TransakAuto,Agence MANTES-LA-JOLIE,3
Coyviller,54210,157,8.8,TransakAuto,Agence NANCY,3
Préhy,89800,157,14.0,TransakAuto,Agence AUXERRE,1
Saint-Cirice,82340,157,15.3,TransakAuto,Agence AGEN,1
Villers-en-Haye,54380,157,15.3,TransakAuto,Agence METZ,1
La Hauteville,78113,157,16.7,TransakAuto,Agence RAMBOUILLET,1
Pont,21130,157,17.0,AgenceAuto,dole,1
Inxent,62170,157,17.1,TransakAuto,Agence LE TOUQUET,1
Rogéville,54380,157,17.2,TransakAuto,Agence METZ,1
Vignaux,31480,157,17.2,AgenceAuto,toulouse-fontenilles,2
Saint-Hilaire,25640,157,19.7,TransakAuto,Agence BESANCON,1
Malans,25330,157,19.9,Simplicicar,caen,1
Rosey,71390,156,9.1,TransakAuto,Agence CHALON-SUR-SAONE,2
Villefloure,11570,156,10.9,Simplicicar,carcassonne,2
Beautot,76890,156,12.6,AgenceAuto,yerville,3
Épiais-lès-Louvres,95380,156,16.0,TransakAuto,Agence DAMMARTIN EN GOELE,5
Saubole,64420,156,16.8,TransakAuto,Agence TARBES,1
Abère,64160,156,16.9,Simplicicar,pau,1
Allamont,54800,156,17.5,TransakAuto,Agence SAINT-DIZIER,1
Laméac,65140,156,19.4,TransakAuto,Agence TARBES,1
Saint-Antonin,32120,156,19.5,TransakAuto,Agence AUCH,1
Saint-Vérand,71570,155,4.5,TransakAuto,Agence MACON,1
Janvry,51390,155,7.5,Simplicicar,reims,2
Barbazan-Dessus,65360,155,9.3,TransakAuto,Agence TARBES,1
Varogne,70240,155,11.5,AgenceAuto,vesoul,1
Saint-Félix-de-Tournegat,09500,155,12.3,Simplicicar,pamiers,1
Béthonsart,62690,155,12.5,TransakAuto,Agence BETHUNE,1
Frontenay,39210,155,13.6,TransakAuto,Agence LONS LE SAUNIER,2
Droisy,74270,155,14.9,TransakAuto,Agence ANNECY,3
Malbrans,25620,155,14.9,TransakAuto,Agence BESANCON,3
Laversine,02600,155,15.2,Simplicicar,soissons,1
Ovanches,70360,155,16.1,AgenceAuto,vesoul,1
Saint-Franc,73360,155,16.6,Simplicicar,aix-les-bains,2
Brucamps,80690,155,17.2,TransakAuto,Agence ABBEVILLE,2
Tremblecourt,54385,155,19.3,TransakAuto,Agence METZ,1
Bonvillaret,73220,154,11.4,TransakAuto,Agence ALBERTVILLE,1
Neuffons,33580,154,13.2,TransakAuto,Agence LANGON,1
Saint-Cyr-le-Chatoux,69870,154,13.3,TransakAuto,Agence VILLEFRANCHE SUR SAONE,1
Patornay,39130,154,14.2,TransakAuto,Agence LONS LE SAUNIER,2
Bougy-lez-Neuville,45170,154,14.6,TransakAuto,Agence ORLEANS,1
Noyellette,62123,154,15.1,Simplicicar,arras,2
Bagnot,21700,154,15.1,Simplicicar,beaune,1
Cailhavel,11240,154,15.9,TransakAuto,Agence CARCASSONNE,2
Lawarde-Mauger-l'Hortoy,80250,154,17.3,AgenceAuto,amiens,1
Bouvincourt-en-Vermandois,80200,154,17.4,AgenceAuto,saint-quentin,2
Lichères-près-Aigremont,89800,154,18.1,TransakAuto,Agence AUXERRE,1
Uttwiller,67330,154,18.2,TransakAuto,Agence HAGUENAU,1
Saint-Martin-de-Beauville,47270,154,18.8,TransakAuto,Agence AGEN,1
Chavigny,02880,153,6.7,Simplicicar,soissons,1
Andelarre,70000,153,6.8,AgenceAuto,vesoul,1
Bertren,65370,153,10.4,Simplicicar,https://www.simplicicar.com/content/170-oncession-st-gaudens,1
Saint-Cirq-Madelon,46300,153,10.8,TransakAuto,Agence SARLAT,1
Douchy,02590,153,11.3,AgenceAuto,saint-quentin,2
Collongues,65350,153,12.5,TransakAuto,Agence TARBES,1
Barbey,77130,153,15.3,TransakAuto,Agence FONTAINEBLEAU,1
Prunet,31460,153,18.3,AgenceAuto,toulouse-sud-est-labege,3
Puginier,11400,153,18.9,TransakAuto,Agence VILLEFRANCHE-DE-LAURAGAIS,1
Pierrefitte-en-Auge,14130,152,3.0,TransakAuto,Agence DEAUVILLE,1
Reuville,76560,152,9.5,AgenceAuto,yerville,2
Le Plessis-Luzarches,95270,152,12.0,AgenceAuto,la-croix-verte,4
Les Marêts,77560,152,12.3,TransakAuto,Agence PROVINS,1
Haulies,32550,152,12.4,TransakAuto,Agence AUCH,1
Liévans,70240,152,13.6,AgenceAuto,vesoul,1
Xamontarupt,88460,152,15.0,AgenceAuto,epinal,2
Villanière,11600,152,15.7,TransakAuto,Agence CARCASSONNE,2
Faverolles-la-Campagne,27190,152,16.8,TransakAuto,Agence EVREUX,2
Huclier,62130,152,17.1,TransakAuto,Agence BETHUNE,1
Poëzat,03800,152,17.2,Simplicicar,vichy,1
Roquefixade,09300,152,17.2,Simplicicar,pamiers,1
Le Leslay,22800,152,18.8,AgenceAuto,saint-brieuc,2
Lostanges,19500,152,19.4,Simplicicar,brive,2
Colombiers-sur-Seulles,14480,152,19.9,TransakAuto,Agence CAEN,1
Burthecourt-aux-Chênes,54210,151,7.3,TransakAuto,Agence NANCY,3
Marcy,02720,151,8.9,TransakAuto,Agence SAINT-QUENTIN,2
Courchamp,77560,151,9.0,TransakAuto,Agence PROVINS,1
Amigny,50620,151,9.5,TransakAuto,Agence SAINT-LO,1
Valcabrère,31510,151,9.6,Simplicicar,https://www.simplicicar.com/content/170-oncession-st-gaudens,1
Rotalier,39190,151,11.1,AgenceAuto,lons-le-saunier,2
Saint-Hilaire-sur-Puiseaux,45700,151,11.9,TransakAuto,Agence MONTARGIS,1
Collonge-en-Charollais,71460,151,13.0,AgenceAuto,montceau-les-mines,1
Boumourt,64370,151,14.0,Simplicicar,pau,2
La Haye-le-Comte,27400,151,14.3,TransakAuto,Agence ELBEUF,2
Gomiécourt,62121,151,15.7,TransakAuto,Agence ARRAS,2
Machiel,80150,151,16.0,TransakAuto,Agence ABBEVILLE,2
La Pyle,27370,151,16.2,TransakAuto,Agence ELBEUF,1
Épernay-sous-Gevrey,21220,151,16.4,TransakAuto,Agence DIJON,2
Prunelli-di-Casacconi,20290,151,17.3,TransakAuto,Agence BASTIA,1
La Salvetat-Lauragais,31460,151,17.8,TransakAuto,Agence VILLEFRANCHE-DE-LAURAGAIS,1
Saint-Marcel,54800,150,8.3,TransakAuto,Agence SAINT-DIZIER,2
Gemaingoutte,88520,150,9.2,AgenceAuto,saint-die-des-vosges,1
Guerny,27720,150,10.1,TransakAuto,Agence GISORS,2
Viviès,09500,150,11.2,Simplicicar,pamiers,1
La Chapelle-Saint-Martin,73170,150,12.0,TransakAuto,Agence CHAMBERY,2
Saint-Eugène,71320,150,12.2,AgenceAuto,montceau-les-mines,1
Courceroy,10400,150,13.0,TransakAuto,Agence PROVINS,1
Mauny,76530,150,14.2,TransakAuto,Agence ELBEUF,2
Palise,25870,150,14.3,TransakAuto,Agence BESANCON,2
Champagnac-la-Prune,19320,150,15.4,AgenceAuto,tulle,1
Préchac,32390,150,15.5,TransakAuto,Agence AUCH,1
Barberier,03140,150,16.6,Simplicicar,vichy,1
Houdilcourt,08190,150,16.7,TransakAuto,Agence REIMS,1
Grayssas,47270,150,17.1,TransakAuto,Agence AGEN,1
Vougeot,21640,150,18.0,Simplicicar,beaune,2
Hiermont,80370,150,18.5,TransakAuto,Agence ABBEVILLE,1
Cordonnet,70190,150,18.9,TransakAuto,Agence BESANCON,2
La Ville-aux-Bois-lès-Pontavert,02160,150,19.4,TransakAuto,Agence REIMS,1
Raucourt-au-Bois,59530,150,19.9,AgenceAuto,valenciennes,1
La Madelaine-sous-Montreuil,62170,149,9.1,TransakAuto,Agence LE TOUQUET,1
Bouxières-aux-Bois,88270,149,9.4,TransakAuto,Agence EPINAL,2
Alièze,39270,149,9.9,TransakAuto,Agence LONS LE SAUNIER,2
Laffaux,02880,149,10.6,Simplicicar,soissons,1
Château-Chalon,39210,149,10.7,TransakAuto,Agence LONS LE SAUNIER,2
Saint-Martin-de-Lerm,33540,149,12.6,TransakAuto,Agence LANGON,1
Tramery,51170,149,13.2,Simplicicar,reims,2
Saint-Martin-d'Auxy,71390,149,15.0,AgenceAuto,montceau-les-mines,1
Contre,80160,149,16.9,AgenceAuto,amiens,1
Rogy,80160,149,17.2,AgenceAuto,amiens,1
Ruhans,70190,149,18.0,AgenceAuto,vesoul,1
Corcondray,25410,148,3.9,Simplicicar,besancon,4
La Forêt-Sainte-Croix,91150,148,10.0,TransakAuto,Agence ETAMPES,1
Sabalos,65350,148,10.8,TransakAuto,Agence TARBES,1
Oueilloux,65190,148,11.0,TransakAuto,Agence TARBES,1
Liebvillers,25190,148,12.9,TransakAuto,Agence MONTBELIARD,2
Poumarous,65190,148,14.8,TransakAuto,Agence TARBES,1
Heuland,14430,148,15.1,TransakAuto,Agence DEAUVILLE,1
Les Ventes-de-Bourse,61170,148,16.3,TransakAuto,Agence ALENCON,1
Pouilly,60790,148,16.9,Simplicicar,beauvais,3
Genevreuille,70240,148,16.9,AgenceAuto,vesoul,1
Saint-Caprais,32200,148,17.3,TransakAuto,Agence AUCH,1
Belval,88210,148,17.3,AgenceAuto,saint-die-des-vosges,1
Valleroy,25870,148,17.6,TransakAuto,Agence BESANCON,1
Boudrac,31580,148,17.7,Simplicicar,https://www.simplicicar.com/content/170-oncession-st-gaudens,1
Tournières,14330,148,18.3,TransakAuto,Agence SAINT-LO,1
Salettes,26160,148,18.8,TransakAuto,Agence MONTELIMAR,1
Saint-Martin-du-Tartre,71460,148,19.0,AgenceAuto,montceau-les-mines,1
Mailly,71340,148,19.6,TransakAuto,Agence ROANNE,1
Thorey-sur-Ouche,21360,148,19.7,Simplicicar,beaune,1
Olizy,51700,148,19.7,Simplicicar,reims,1
Recouvrance,90140,147,9.9,AgenceAuto,belfort,4
Our,39700,147,11.8,AgenceAuto,dole,2
Marvelise,25250,147,14.7,AgenceAuto,hericourt,3
Vaufrey,25190,147,16.2,TransakAuto,Agence MONTBELIARD,2
Neuvy-le-Barrois,18600,147,17.1,AgenceAuto,nevers,1
Bellemagny,68210,147,17.3,AgenceAuto,belfort,2
Crantenoy,54740,147,17.7,TransakAuto,Agence NANCY,3
La Croix-du-Perche,28480,147,17.7,AgenceAuto,nogent-le-rotrou,1
Saint-Léon-d'Issigeac,24560,147,18.9,TransakAuto,Agence BERGERAC,1
Boyaval,62134,147,19.2,TransakAuto,Agence BETHUNE,1
Monteplain,39700,146,9.8,Simplicicar,besancon,4
Chamilly,71510,146,12.5,TransakAuto,Agence CHALON-SUR-SAONE,1
Chambrecy,51170,146,13.5,Simplicicar,reims,2
Ramicourt,02110,146,13.5,TransakAuto,Agence SAINT-QUENTIN,2
Bésingrand,64150,146,13.8,TransakAuto,Agence PAU,2
Banthelu,95420,146,14.4,AgenceAuto,vernon,5
Sainte-Florence,33350,146,14.5,TransakAuto,Agence LIBOURNE,1
Savignac-Mona,32130,146,15.6,AgenceAuto,toulouse-fontenilles,1
Moncheux,57420,146,16.4,TransakAuto,Agence METZ,1
Berganty,46090,146,16.6,TransakAuto,Agence CAHORS,1
Montagne-Fayel,80540,146,17.6,TransakAuto,Agence AMIENS,2
Juville,57590,146,17.8,TransakAuto,Agence METZ,1
Pierrepont-sur-l'Arentèle,88600,146,18.7,AgenceAuto,epinal,2
Aubigny,03460,146,19.6,TransakAuto,Agence MOULINS,1
Saint-Nicolas-des-Biefs,03250,146,19.7,TransakAuto,Agence ROANNE,1
Bernadets-Dessus,65190,146,19.7,TransakAuto,Agence TARBES,1
Gesvres-le-Chapitre,77165,145,9.7,TransakAuto,Agence DAMMARTIN EN GOELE,3
Écuélin,59620,145,10.7,TransakAuto,Agence MAUBEUGE,1
Vilcey-sur-Trey,54700,145,11.4,TransakAuto,Agence METZ,1
Ozerailles,54150,145,11.5,TransakAuto,Agence SAINT-DIZIER,1
Savolles,21310,145,14.3,Simplicicar,dijon,3
Tertry,80200,145,14.7,AgenceAuto,saint-quentin,2
Maupertuis,50410,145,17.8,TransakAuto,Agence SAINT-LO,1
Lannecaube,64350,145,18.2,Simplicicar,pau,1
Wissignicourt,02320,145,18.8,Simplicicar,soissons,1
Le Cercueil,61500,145,18.9,TransakAuto,Agence ALENCON,1
Victot-en-Auge,14430,145,19.4,TransakAuto,Agence DEAUVILLE,2
Bouillonville,54470,145,19.7,TransakAuto,Agence METZ,1
Monthelie,21190,144,8.8,Simplicicar,beaune,1
Auzouville-sur-Saâne,76730,144,9.7,AgenceAuto,yerville,2
Lagrange,90150,144,11.9,AgenceAuto,belfort,2
Aroz,70360,144,12.3,AgenceAuto,vesoul,1
Le Mesge,80310,144,13.2,TransakAuto,Agence AMIENS,2
Bucey-lès-Traves,70360,144,13.8,AgenceAuto,vesoul,1
Vandelainville,54890,144,14.0,TransakAuto,Agence METZ,3
Lastours,11600,144,14.1,TransakAuto,Agence CARCASSONNE,2
Renansart,02240,144,16.9,TransakAuto,Agence SAINT-QUENTIN,2
Saint-Germain-de-Grave,33490,144,17.2,TransakAuto,Agence LANGON,1
Villers-lès-Moivrons,54760,144,17.2,TransakAuto,Agence METZ,3
Neuville-au-Bois,80140,144,18.4,TransakAuto,Agence ABBEVILLE,1
Lanespède,65190,144,18.8,TransakAuto,Agence TARBES,1
Le Thuit,27700,144,19.6,Simplicicar,vernon,1
Chevroz,25870,143,9.3,TransakAuto,Agence BESANCON,3
Hendecourt-lès-Ransart,62175,143,10.5,TransakAuto,Agence ARRAS,2
Blye,39130,143,10.7,TransakAuto,Agence LONS LE SAUNIER,2
Caulaincourt,02490,143,12.1,AgenceAuto,saint-quentin,2
Bouzeron,71150,143,12.2,TransakAuto,Agence CHALON-SUR-SAONE,3
Vy-lès-Filain,70230,143,12.6,AgenceAuto,vesoul,1
Saint-Perdoux,24560,143,13.0,TransakAuto,Agence BERGERAC,1
Cauvignac,33690,143,13.3,TransakAuto,Agence LANGON,1
Thélis-la-Combe,42220,143,14.4,TransakAuto,Agence DAVEZIEUX,2
Châtelus,42140,143,14.8,Simplicicar,moto-veauche,3
Tellecey,21270,143,15.8,TransakAuto,Agence DIJON,3
Celles,09000,143,16.9,Simplicicar,pamiers,1
Fouilleuse,60190,143,17.2,TransakAuto,Agence COMPIEGNE,3
Racécourt,88270,143,17.3,TransakAuto,Agence EPINAL,1
Sceautres,07400,143,17.8,TransakAuto,Agence MONTELIMAR,1
Cleyzieu,01230,143,17.9,Simplicicar,meximieux,1
Saman,31350,143,17.9,Simplicicar,https://www.simplicicar.com/content/170-oncession-st-gaudens,1
Vatry,51320,143,18.0,AgenceAuto,chalons-en-champagne,1
Barbey-Seroux,88640,143,18.5,AgenceAuto,saint-die-des-vosges,1
Urcy,21220,143,19.3,AgenceAuto,dijon,2
Vaux-en-Vermandois,02590,142,9.7,AgenceAuto,saint-quentin,2
Solrinnes,59740,142,12.1,TransakAuto,Agence MAUBEUGE,1
Limeux,80490,142,12.7,TransakAuto,Agence ABBEVILLE,1
Auty,82220,142,14.4,AgenceAuto,montauban,1
Mialos,64410,142,14.9,Simplicicar,pau,1
Sternenberg,68780,142,15.5,AgenceAuto,mulhouse-sud,2
Cersot,71390,142,16.5,TransakAuto,Agence CHALON-SUR-SAONE,1
Saint-Bazile-de-Meyssac,19500,142,17.7,Simplicicar,brive,2
Détain-et-Bruant,21220,142,18.0,Simplicicar,beaune,1
Curley,21220,142,18.5,TransakAuto,Agence DIJON,1
Bizou,61290,142,19.1,AgenceAuto,nogent-le-rotrou,1
Hallivillers,80250,142,19.3,AgenceAuto,amiens,1
Comberjon,70000,141,3.7,AgenceAuto,vesoul,1
Samerey,21170,141,10.1,AgenceAuto,dole,1
Orveau,91590,141,11.2,TransakAuto,Agence ETAMPES,1
Sinzos,65190,141,12.9,TransakAuto,Agence TARBES,1
Falga,31540,141,14.3,TransakAuto,Agence VILLEFRANCHE-DE-LAURAGAIS,1
Châtillon-Guyotte,25640,141,14.5,TransakAuto,Agence BESANCON,1
Menskirch,57320,141,14.6,TransakAuto,"Agence BRUXELLES, BELGIQUE",1
Sassangy,71390,141,14.8,TransakAuto,Agence CHALON-SUR-SAONE,1
Viéville-en-Haye,54470,141,14.8,TransakAuto,Agence METZ,1
Velennes,80160,141,14.9,AgenceAuto,amiens,1
Jouaignes,02220,141,15.2,Simplicicar,soissons,1
Miramont-Latour,32390,141,15.4,TransakAuto,Agence AUCH,1
Nizas,32130,141,16.4,AgenceAuto,toulouse-fontenilles,1
Châteauvert,83670,141,16.9,TransakAuto,Agence BRIGNOLES,1
Gerderest,64160,141,17.9,Simplicicar,pau,1
Viger,65100,141,19.3,TransakAuto,Agence TARBES,1
Labescau,33690,140,9.9,TransakAuto,Agence LANGON,1
Fontaine-Uterte,02110,140,10.8,TransakAuto,Agence SAINT-QUENTIN,2
Réez-Fosse-Martin,60620,140,12.8,TransakAuto,Agence DAMMARTIN EN GOELE,2
Villebazy,11250,140,16.9,Simplicicar,carcassonne,2
Lhuys,02220,140,17.4,Simplicicar,soissons,1
Magrin,81220,140,17.7,TransakAuto,Agence CASTRES,1
Saint-Clément-sur-Guye,71460,140,18.5,AgenceAuto,montceau-les-mines,1
Langley,88130,140,19.1,TransakAuto,Agence EPINAL,1
Anoye,64350,140,20.0,Simplicicar,pau,1
Barizey,71640,139,10.2,TransakAuto,Agence CHALON-SUR-SAONE,2
Rosières,60440,139,10.4,TransakAuto,Agence DAMMARTIN EN GOELE,2
Sainte-Foy-la-Longue,33490,139,12.2,TransakAuto,Agence LANGON,1
Lamelouze,30110,139,15.3,TransakAuto,Agence ALES,1
Champlat-et-Boujacourt,51480,139,15.3,Simplicicar,reims,1
Vabres,30460,139,15.4,TransakAuto,Agence ALES,1
Regnière-Écluse,80120,139,16.0,TransakAuto,Agence LE TOUQUET,2
Louvigny,64410,139,16.3,Simplicicar,pau,1
Bourrou,24110,139,17.2,TransakAuto,Agence PERIGUEUX,1
Quivières,80400,139,17.4,AgenceAuto,saint-quentin,2
Eup,31440,139,17.4,Simplicicar,https://www.simplicicar.com/content/170-oncession-st-gaudens,1
Le Vey,14570,139,18.0,TransakAuto,Agence FLERS,1
Begnécourt,88270,139,18.4,TransakAuto,Agence EPINAL,1
Moulhard,28160,139,19.2,AgenceAuto,nogent-le-rotrou,1
Verneuil-sous-Coucy,02380,139,19.6,Simplicicar,soissons,1
Fontjoncouse,11360,139,19.9,TransakAuto,Agence NARBONNE,1
Fomerey,88390,138,5.7,TransakAuto,Agence EPINAL,2
Mormant-sur-Vernisson,45700,138,7.4,TransakAuto,Agence MONTARGIS,1
Togny-aux-Bœufs,51240,138,11.2,AgenceAuto,chalons-en-champagne,1
Neurey-en-Vaux,70160,138,13.2,AgenceAuto,vesoul,1
Tocqueville-en-Caux,76730,138,13.6,AgenceAuto,yerville,2
Cheppes-la-Prairie,51240,138,14.2,AgenceAuto,chalons-en-champagne,1
Courcuire,70150,138,14.6,AgenceAuto,besancon-valentin,4
Liocourt,57590,138,16.9,TransakAuto,Agence METZ,1
Olmo,20290,138,18.0,TransakAuto,Agence BASTIA,1
Chassagne-Saint-Denis,25290,138,19.6,TransakAuto,Agence BESANCON,1
Chérence,95510,137,4.5,AgenceAuto,vernon,4
Régades,31800,137,4.7,Simplicicar,https://www.simplicicar.com/content/170-oncession-st-gaudens,1
Mortery,77160,137,4.9,TransakAuto,Agence PROVINS,1
Lesseux,88490,137,7.6,AgenceAuto,saint-die-des-vosges,1
Le Tertre-Saint-Denis,78980,137,8.0,TransakAuto,Agence MANTES-LA-JOLIE,3
Mouffy,89560,137,12.1,TransakAuto,Agence AUXERRE,1
Griscourt,54380,137,12.9,TransakAuto,Agence METZ,1
Magny-Jobert,70200,137,13.8,AgenceAuto,hericourt,2
Montmain,21250,137,13.8,Simplicicar,beaune,1
Saint-Marcel-du-Périgord,24510,137,14.1,TransakAuto,Agence BERGERAC,1
Cohennoz,73400,137,15.2,TransakAuto,Agence ALBERTVILLE,1
Grandchamp,72610,137,15.6,TransakAuto,Agence ALENCON,1
Longeville-sur-Mogne,10320,137,16.6,AgenceAuto,troyes,1
Bony,02420,137,17.2,AgenceAuto,saint-quentin,2
Biencourt,80140,137,19.9,TransakAuto,Agence ABBEVILLE,1
Combrimont,88490,136,6.7,AgenceAuto,saint-die-des-vosges,1
Barry,65380,136,8.8,TransakAuto,Agence TARBES,1
Flagy,70000,136,8.8,AgenceAuto,vesoul,1
Gredisans,39290,136,8.9,AgenceAuto,dole,1
Saint-André-en-Bresse,71440,136,10.5,AgenceAuto,louhans,2
Cambayrac,46140,136,11.8,TransakAuto,Agence CAHORS,1
Cléville,76640,136,12.0,TransakAuto,Agence YVETOT,2
Puiseux,28170,136,12.9,TransakAuto,Agence DREUX,1
Soulce-Cernay,25190,136,14.6,TransakAuto,Agence MONTBELIARD,2
Gavarret-sur-Aulouste,32390,136,14.8,TransakAuto,Agence AUCH,1
Masseilles,33690,136,14.9,TransakAuto,Agence LANGON,1
Charcier,39130,136,15.0,TransakAuto,Agence LONS LE SAUNIER,2
Martagny,27150,136,15.1,TransakAuto,Agence GISORS,1
Boulay-les-Ifs,53370,136,15.7,TransakAuto,Agence ALENCON,1
Beaucoudray,50420,136,15.9,TransakAuto,Agence SAINT-LO,1
Martincourt,60112,136,17.7,TransakAuto,Agence BEAUVAIS,2
Bard-lès-Pesmes,70140,136,18.6,Simplicicar,besancon,1
Montireau,28240,136,19.4,AgenceAuto,nogent-le-rotrou,1
Lignou,61220,136,19.7,TransakAuto,Agence FLERS,1
Fontenelle,90340,135,7.3,AgenceAuto,belfort,3
Montignac,65690,135,8.6,TransakAuto,Agence TARBES,1
Quiévelon,59680,135,9.8,TransakAuto,Agence MAUBEUGE,1
Siest,40180,135,10.0,AgenceAuto,dax,2
La Chevillotte,25620,135,11.2,TransakAuto,Agence BESANCON,3
Lavangeot,39700,135,11.2,AgenceAuto,dole,2
Peintre,39290,135,12.8,AgenceAuto,dole,1
Durban,32260,135,13.1,TransakAuto,Agence AUCH,1
Capelle,59213,135,13.2,AgenceAuto,valenciennes,2
Germolles-sur-Grosne,71520,135,15.0,TransakAuto,Agence MACON,1
Badménil-aux-Bois,88330,135,15.2,TransakAuto,Agence EPINAL,2
Les Terres-de-Chaux,25190,135,15.4,TransakAuto,Agence MONTBELIARD,1
Le Guislain,50410,135,17.4,TransakAuto,Agence SAINT-LO,1
Bédéchan,32450,135,18.0,TransakAuto,Agence AUCH,1
Estivals,19600,135,18.2,TransakAuto,Agence BRIVE-LA-GAILLARDE,2
Serrières-sur-Ain,01450,135,19.8,TransakAuto,Agence BOURG-EN-BRESSE,1
Saint-Jean-d'Ormont,88210,134,7.2,AgenceAuto,saint-die-des-vosges,1
Rieumajou,31290,134,8.6,TransakAuto,Agence VILLEFRANCHE-DE-LAURAGAIS,1
Landremont,54380,134,9.3,TransakAuto,Agence METZ,1
Rhuis,60410,134,9.6,AgenceAuto,senlis,5
Belverne,70400,134,10.1,AgenceAuto,hericourt,3
Saâne-Saint-Just,76730,134,10.8,AgenceAuto,yerville,2
Lalouret-Laffiteau,31800,134,11.7,Simplicicar,https://www.simplicicar.com/content/170-oncession-st-gaudens,1
Mechmont,46150,134,12.5,TransakAuto,Agence CAHORS,1
Anglesqueville-la-Bras-Long,76740,134,14.8,AgenceAuto,yerville,2
Raslay,86120,134,15.8,TransakAuto,Agence SAUMUR,1
Saint-Hilaire-de-Gondilly,18320,134,17.4,AgenceAuto,nevers,1
Brouy,91150,134,17.8,TransakAuto,Agence ETAMPES,1
Saint-Andéol-de-Berg,07170,134,17.8,TransakAuto,Agence MONTELIMAR,1
Lalanne,32500,134,17.9,TransakAuto,Agence AUCH,1
Pierrefitte,88270,134,18.2,TransakAuto,Agence EPINAL,1
Chemilly-sur-Serein,89800,134,19.7,TransakAuto,Agence AUXERRE,1
Fontenay-près-Chablis,89800,134,19.7,TransakAuto,Agence AUXERRE,1
Saint-Germier,31290,133,7.2,TransakAuto,Agence VILLEFRANCHE-DE-LAURAGAIS,2
Muidorge,60480,133,10.4,TransakAuto,Agence BEAUVAIS,2
Hitte,65190,133,11.2,TransakAuto,Agence TARBES,1
Assenay,10320,133,13.2,AgenceAuto,troyes,3
Sainte-Marie-d'Alvey,73240,133,13.7,Simplicicar,aix-les-bains,2
Flamarens,32340,133,14.4,TransakAuto,Agence AGEN,1
Haucourt,60112,133,14.4,TransakAuto,Agence BEAUVAIS,2
Miéry,39800,133,16.1,TransakAuto,Agence LONS LE SAUNIER,2
Péseux,25190,133,16.4,TransakAuto,Agence MONTBELIARD,1
Bévy,21220,133,17.8,Simplicicar,beaune,1
Lanches-Saint-Hilaire,80620,133,17.9,TransakAuto,Agence AMIENS,1
Caumont,33540,133,18.0,TransakAuto,Agence LANGON,1
Pleine-Sève,76460,133,19.6,AgenceAuto,yerville,1
Cuisles,51700,133,19.8,Simplicicar,reims,1
Chauffour-lès-Étréchy,91580,132,6.4,TransakAuto,Agence ETAMPES,1
Colline-Beaumont,62180,132,7.6,TransakAuto,Agence LE TOUQUET,1
Le Moutherot,25170,132,9.7,Simplicicar,besancon,3
Béthonvilliers,28330,132,12.4,AgenceAuto,nogent-le-rotrou,1
Ercourt,80210,132,12.7,TransakAuto,Agence ABBEVILLE,1
Trucy-sur-Yonne,89460,132,12.8,TransakAuto,Agence AUXERRE,1
Ferrières-lès-Scey,70360,132,13.4,AgenceAuto,vesoul,1
Les Angles,65100,132,15.0,TransakAuto,Agence TARBES,1
Saint-Rirand,42370,132,16.1,TransakAuto,Agence ROANNE,1
Augnax,32120,132,16.2,TransakAuto,Agence AUCH,1
Ménoire,19190,132,16.4,AgenceAuto,tulle,3
Villaines-la-Carelle,72600,132,16.9,TransakAuto,Agence ALENCON,1
Condillac,26740,132,17.3,TransakAuto,Agence MONTELIMAR,1
Noyales,02120,132,18.8,TransakAuto,Agence SAINT-QUENTIN,1
Courcelles,90100,132,18.8,AgenceAuto,montbeliard,1
Bassanne,33190,131,5.3,TransakAuto,Agence LANGON,1
Bocquegney,88270,131,8.1,TransakAuto,Agence EPINAL,2
Scye,70170,131,9.3,AgenceAuto,vesoul,1
Floursies,59440,131,10.6,TransakAuto,Agence MAUBEUGE,1
Rochechinard,26190,131,11.9,TransakAuto,Agence ROMANS SUR ISERE,1
Saint-Sylvain,19380,131,12.3,AgenceAuto,tulle,1
Monsaguel,24560,131,12.7,TransakAuto,Agence BERGERAC,1
Solemont,25190,131,13.2,TransakAuto,Agence MONTBELIARD,2
Cernon,51240,131,13.4,AgenceAuto,chalons-en-champagne,1
Boisdon,77970,131,13.7,TransakAuto,Agence PROVINS,1
Craménil,61220,131,14.9,TransakAuto,Agence FLERS,1
Fourneaux,50420,131,15.4,TransakAuto,Agence SAINT-LO,1
Arnos,64370,131,16.1,Simplicicar,pau,2
Beuvrigny,50420,131,16.2,TransakAuto,Agence SAINT-LO,1
Sampigny-lès-Maranges,71150,131,16.7,TransakAuto,Agence CHALON-SUR-SAONE,1
Lironville,54470,131,16.9,TransakAuto,Agence METZ,1
Saint-Genest,88700,131,17.9,TransakAuto,Agence EPINAL,1
Oulchy-la-Ville,02210,131,18.0,Simplicicar,soissons,1
Muchedent,76590,131,18.1,TransakAuto,Agence DIEPPE,1
Bassoles-Aulers,02380,131,18.2,Simplicicar,soissons,1
Aillevans,70110,131,18.9,AgenceAuto,vesoul,1
Aspret-Sarrat,31800,130,3.6,Simplicicar,https://www.simplicicar.com/content/170-oncession-st-gaudens,1
Dardez,27930,130,6.5,Simplicicar,evreux,3
Villeloup,10350,130,9.3,TransakAuto,Agence TROYES,3
Saint-Denis-d'Aclon,76860,130,12.1,TransakAuto,Agence DIEPPE,1
Yvrencheux,80150,130,12.2,TransakAuto,Agence ABBEVILLE,1
Liéhon,57420,130,12.2,TransakAuto,Agence METZ,2
Villers-sur-Bonnières,60860,130,14.6,TransakAuto,Agence BEAUVAIS,2
Manses,09500,130,15.2,Simplicicar,pamiers,1
Bouilh-Péreuilh,65350,130,15.5,TransakAuto,Agence TARBES,1
Vraignes-en-Vermandois,80240,130,15.6,AgenceAuto,saint-quentin,2
Chavanatte,90100,130,16.2,AgenceAuto,belfort,1
Noreuil,62128,130,16.6,TransakAuto,Agence ARRAS,2
Lafare,84190,130,18.3,TransakAuto,Agence ORANGE,1
Saint-Hilaire-d'Estissac,24140,130,18.4,TransakAuto,Agence BERGERAC,1
Fourcatier-et-Maison-Neuve,25370,130,18.4,AgenceAuto,pontarlier,2
Fleury,02600,130,18.4,Simplicicar,soissons,1
Gramazie,11240,130,19.0,TransakAuto,Agence CARCASSONNE,2
Seyre,31560,129,5.4,TransakAuto,Agence VILLEFRANCHE-DE-LAURAGAIS,1
Braye,02880,129,6.0,Simplicicar,soissons,1
Basseux,62123,129,13.3,TransakAuto,Agence ARRAS,2
Saint-Martin-de-Goyne,32480,129,13.5,TransakAuto,Agence AGEN,1
Brucourt,14160,129,14.2,TransakAuto,Agence CAEN,1
Lamazère,32300,129,15.6,TransakAuto,Agence AUCH,1
Saint-Bonnet-de-Salendrinque,30460,129,15.9,TransakAuto,Agence ALES,1
Moutonne,39270,129,16.1,AgenceAuto,lons-le-saunier,2
Cormoyeux,51480,129,16.4,Simplicicar,reims,1
Tourailles,41190,129,17.6,TransakAuto,Agence BLOIS,1
Meillers,03210,129,18.0,TransakAuto,Agence MOULINS,1
Silley-Amancey,25330,129,18.5,Simplicicar,pontarlier,1
Mesples,03370,129,19.4,TransakAuto,Agence MONTLUCON,1
Bosquentin,27480,129,19.8,TransakAuto,Agence GISORS,1
Cabanac-Cazaux,31160,128,7.4,Simplicicar,https://www.simplicicar.com/content/170-oncession-st-gaudens,1
Mulcent,78790,128,13.5,TransakAuto,Agence MANTES-LA-JOLIE,2
Saint-Lamain,39230,128,14.4,TransakAuto,Agence LONS LE SAUNIER,2
Gardie,11250,128,15.0,Simplicicar,carcassonne,2
Largillay-Marsonnay,39130,128,15.2,TransakAuto,Agence LONS LE SAUNIER,2
Molleville,11410,128,15.4,TransakAuto,Agence VILLEFRANCHE-DE-LAURAGAIS,1
Graix,42220,128,15.9,TransakAuto,Agence DAVEZIEUX,2
Valeins,01140,128,16.4,TransakAuto,Agence MACON,2
Valoreille,25190,128,17.5,TransakAuto,Agence MONTBELIARD,1
Rothonay,39270,128,17.8,AgenceAuto,lons-le-saunier,2
Pierrefiques,76280,128,17.9,TransakAuto,Agence LE HAVRE,1
Blèves,72600,128,19.1,TransakAuto,Agence ALENCON,1
Hagécourt,88270,128,19.5,TransakAuto,Agence EPINAL,1
Moiron,39570,127,4.8,AgenceAuto,lons-le-saunier,2
La Trinité,27930,127,5.8,Simplicicar,evreux,2
Raray,60810,127,10.0,AgenceAuto,senlis,6
Vauchoux,70170,127,11.0,AgenceAuto,vesoul,1
Villers-Châtel,62690,127,12.9,TransakAuto,Agence BETHUNE,4
Montaut,24560,127,13.7,TransakAuto,Agence BERGERAC,1
Havelu,28410,127,13.7,TransakAuto,Agence DREUX,1
Pointre,39290,127,15.2,AgenceAuto,dole,1
Saint-Lary-Boujean,31350,127,16.2,Simplicicar,https://www.simplicicar.com/content/170-oncession-st-gaudens,1
Sainte-Camelle,11410,127,16.7,TransakAuto,Agence VILLEFRANCHE-DE-LAURAGAIS,1
Cramaille,02130,127,17.5,Simplicicar,soissons,1
Ponches-Estruval,80150,127,19.1,TransakAuto,Agence LE TOUQUET,1
Villiers-en-Bois,79360,127,19.4,TransakAuto,Agence NIORT,1
Bizous,65150,127,19.4,Simplicicar,https://www.simplicicar.com/content/170-oncession-st-gaudens,1
Sère-Rustaing,65220,127,19.6,TransakAuto,Agence TARBES,1
Vittonville,54700,126,5.3,TransakAuto,Agence METZ,2
La Grande-Fosse,88490,126,10.8,AgenceAuto,saint-die-des-vosges,1
Lieoux,31800,126,10.8,Simplicicar,https://www.simplicicar.com/content/170-oncession-st-gaudens,1
Maast-et-Violaine,02220,126,11.1,Simplicicar,soissons,1
Taxenne,39350,126,11.8,Simplicicar,besancon,3
Cutry,02600,126,12.3,Simplicicar,soissons,1
Saint-Antonin-sur-Bayon,13100,126,12.6,AgenceAuto,aix-en-provence,4
Montégut,65150,126,15.0,Simplicicar,https://www.simplicicar.com/content/170-oncession-st-gaudens,1
Landricourt,02380,126,15.6,Simplicicar,soissons,1
Le Ménil-Ciboult,61800,126,16.3,TransakAuto,Agence FLERS,1
Tayac,33570,126,16.7,TransakAuto,Agence LIBOURNE,1
La Roche-Canillac,19320,126,16.7,AgenceAuto,tulle,1
Baleix,64460,126,19.6,Simplicicar,pau,1
Aloxe-Corton,21420,125,5.2,Simplicicar,beaune,1
Les Angles-sur-Corrèze,19000,125,7.1,AgenceAuto,tulle,1
Velle-le-Châtel,70000,125,9.0,AgenceAuto,vesoul,1
Châtillon-sur-Oise,02240,125,10.3,TransakAuto,Agence SAINT-QUENTIN,2
Blincourt,60190,125,11.6,TransakAuto,Agence COMPIEGNE,4
Belbèze-de-Lauragais,31450,125,11.9,TransakAuto,Agence VILLEFRANCHE-DE-LAURAGAIS,4
Cheniers,51510,125,12.9,AgenceAuto,chalons-en-champagne,1
Fussey,21700,125,12.9,Simplicicar,beaune,1
Montusclat,43260,125,13.3,Simplicicar,puy-en-velay,1
Saint-Vaast-en-Auge,14640,125,14.5,TransakAuto,Agence DEAUVILLE,1
Vaubexy,88500,125,16.1,TransakAuto,Agence EPINAL,1
Geney,25250,125,17.0,TransakAuto,Agence MONTBELIARD,3
Fransures,80160,125,17.0,AgenceAuto,amiens,1
Saules,71390,125,18.5,TransakAuto,Agence CHALON-SUR-SAONE,1
Lempire,02420,125,19.0,AgenceAuto,saint-quentin,2
Ferran,11240,125,19.4,TransakAuto,Agence CARCASSONNE,2
Villers-sur-Saulnot,70400,124,9.8,AgenceAuto,hericourt,4
Villers-Rotin,21130,124,10.6,AgenceAuto,dole,1
Pradières,09000,124,11.1,Simplicicar,pamiers,1
Soues,80310,124,12.6,TransakAuto,Agence AMIENS,2
Veauville-lès-Quelles,76560,124,14.2,TransakAuto,Agence YVETOT,2
Bouhans-lès-Montbozon,70230,124,17.3,AgenceAuto,vesoul,1
Gabre,09290,124,17.5,Simplicicar,pamiers,1
Sainte-Marie-Outre-l'Eau,14380,124,19.4,TransakAuto,Agence SAINT-LO,1
Lourde,31510,123,11.0,Simplicicar,https://www.simplicicar.com/content/170-oncession-st-gaudens,1
Vendelles,02490,123,12.3,AgenceAuto,saint-quentin,2
Olmeta-di-Capocorso,20217,123,12.4,TransakAuto,Agence BASTIA,1
Grisy-sur-Seine,77480,123,13.5,TransakAuto,Agence PROVINS,1
Prades,81220,123,13.7,TransakAuto,Agence CASTRES,1
Lagarde,32700,123,17.0,TransakAuto,Agence AGEN,1
Lancôme,41190,123,17.2,TransakAuto,Agence BLOIS,1
Monay,39230,123,18.0,TransakAuto,Agence LONS LE SAUNIER,2
Sautel,09300,123,18.0,Simplicicar,pamiers,1
Saint-Germain-de-Pasquier,27370,122,7.9,TransakAuto,Agence ELBEUF,1
Vellefrie,70240,122,9.7,AgenceAuto,vesoul,1
Magny-la-Fosse,02420,122,10.6,TransakAuto,Agence SAINT-QUENTIN,2
Châtillon,39130,122,11.9,TransakAuto,Agence LONS LE SAUNIER,2
Unzent,09100,122,14.9,Simplicicar,pamiers,1
Servigney,70240,122,15.3,AgenceAuto,vesoul,1
Montjustin-et-Velotte,70110,122,15.4,AgenceAuto,vesoul,1
Ilhat,09300,122,16.8,Simplicicar,pamiers,1
Laprade,11390,122,17.0,TransakAuto,Agence CASTRES,1
Champagne-sur-Loue,39600,122,17.7,Simplicicar,besancon,1
Herqueville,27430,122,18.5,TransakAuto,Agence ELBEUF,1
Saint-Georges-Armont,25340,122,18.8,TransakAuto,Agence MONTBELIARD,1
Monampteuil,02000,122,19.4,Simplicicar,soissons,1
Charmes,21310,122,19.7,Simplicicar,dijon,1
Énencourt-Léage,60590,121,5.1,TransakAuto,Agence GISORS,1
Crasville,27400,121,11.8,TransakAuto,Agence ELBEUF,1
Ménil-de-Senones,88210,121,11.9,AgenceAuto,saint-die-des-vosges,1
Barneville-la-Bertran,14600,121,12.1,TransakAuto,Agence DEAUVILLE,2
Mirvaux,80260,121,13.5,TransakAuto,Agence AMIENS,2
Chassey-lès-Scey,70360,121,14.0,AgenceAuto,vesoul,1
La Chapelle-Saint-Maurice,74410,121,14.4,AgenceAuto,annecy,3
Frucourt,80490,121,14.7,TransakAuto,Agence ABBEVILLE,1
Limousis,11600,121,15.1,TransakAuto,Agence CARCASSONNE,2
Noguères,64150,121,16.0,TransakAuto,Agence PAU,2
Couziers,37500,121,16.0,TransakAuto,Agence SAUMUR,1
Église-Neuve-d'Issac,24400,121,16.8,TransakAuto,Agence BERGERAC,1
Courpiac,33760,121,17.2,TransakAuto,Agence LIBOURNE,1
Équevilley,70160,121,17.4,AgenceAuto,vesoul,1
Montagney-Servigney,25680,121,19.8,AgenceAuto,vesoul,1
Saint-Martin-les-Eaux,04300,120,7.1,TransakAuto,Agence MANOSQUE,1
Louvatange,39350,120,8.5,Simplicicar,besancon,3
Rouffange,39350,120,10.3,Simplicicar,besancon,3
Ore,31510,120,12.4,Simplicicar,https://www.simplicicar.com/content/170-oncession-st-gaudens,1
Saint-Martin-en-Gâtinois,71350,120,13.1,Simplicicar,beaune,2
Clermont-de-Beauregard,24140,120,13.2,TransakAuto,Agence BERGERAC,1
Jumencourt,02380,120,16.1,Simplicicar,soissons,1
Beugneux,02210,120,16.9,Simplicicar,soissons,1
Vauchelles-lès-Domart,80620,120,17.2,TransakAuto,Agence AMIENS,2
Courmont,70400,119,9.9,AgenceAuto,hericourt,3
Soustelle,30110,119,11.4,TransakAuto,Agence ALES,1
Bessey-en-Chaume,21360,119,12.7,Simplicicar,beaune,1
Lapenne,09500,119,14.4,Simplicicar,pamiers,1
Boissia,39130,119,15.6,TransakAuto,Agence LONS LE SAUNIER,2
Périers-en-Auge,14160,119,15.8,TransakAuto,Agence CAEN,1
Fosseux,62810,119,17.4,TransakAuto,Agence ARRAS,2
Fays-la-Chapelle,10320,119,17.9,AgenceAuto,troyes,1
Sillas,33690,119,18.2,TransakAuto,Agence LANGON,1
Plaigne,11420,119,18.2,Simplicicar,pamiers,1
Esclagne,09600,119,18.8,Simplicicar,pamiers,1
Le Bû-sur-Rouvres,14190,119,19.3,TransakAuto,Agence CAEN,1
Dampvalley-lès-Colombe,70000,118,5.4,AgenceAuto,vesoul,1
Renauvoid,88390,118,5.7,AgenceAuto,epinal,2
Folcarde,31290,118,8.0,TransakAuto,Agence VILLEFRANCHE-DE-LAURAGAIS,1
Saint-Hippolyte,33330,118,8.9,TransakAuto,Agence LIBOURNE,1
Ly-Fontaine,02440,118,12.1,AgenceAuto,saint-quentin,2
Hyet,70190,118,17.2,AgenceAuto,vesoul,1
Tromarey,70150,118,18.2,Simplicicar,besancon,2
Sorio,20246,118,18.6,TransakAuto,Agence BASTIA,1
Saint-Martin-de-Blagny,14710,118,19.8,TransakAuto,Agence SAINT-LO,1
Peyrusse-Massas,32360,117,9.9,TransakAuto,Agence AUCH,1
Muret-et-Crouttes,02210,117,11.8,Simplicicar,soissons,1
Bourréac,65100,117,12.8,TransakAuto,Agence TARBES,1
Madegney,88450,117,13.4,TransakAuto,Agence EPINAL,2
Vienville,88430,117,14.6,AgenceAuto,saint-die-des-vosges,1
Rocquemont,60800,117,15.4,Simplicicar,compiegne,4
Freycenet-la-Tour,43150,117,15.7,Simplicicar,puy-en-velay,1
Machy,80150,117,16.2,TransakAuto,Agence ABBEVILLE,2
Alleyrac,43150,117,17.5,Simplicicar,puy-en-velay,1
Le Bô,14690,117,17.6,TransakAuto,Agence FLERS,1
Limbrassac,09600,117,17.6,Simplicicar,pamiers,1
Escaunets,65500,117,18.1,TransakAuto,Agence TARBES,1
Lavieu,42560,117,18.5,Simplicicar,moto-veauche,2
Rennemoulin,78590,116,4.1,TransakAuto,Agence LES CLAYES SOUS BOIS,6
Neuville-sur-Margival,02880,116,9.8,Simplicicar,soissons,1
Dannemarie,25310,116,10.6,TransakAuto,Agence MONTBELIARD,2
Marfaux,51170,116,10.6,Simplicicar,reims,2
Châtenois,70240,116,13.3,AgenceAuto,vesoul,1
Le Puid,88210,116,14.4,AgenceAuto,saint-die-des-vosges,1
Montgras,31370,116,14.4,AgenceAuto,toulouse-fontenilles,1
Lirey,10320,116,14.4,AgenceAuto,troyes,2
Villars-Fontaine,21700,116,14.4,Simplicicar,beaune,1
Saint-Symphorien-de-Mahun,07290,116,15.6,TransakAuto,Agence DAVEZIEUX,1
Rosay,39190,116,16.6,AgenceAuto,lons-le-saunier,2
Lamothe-Cassel,46240,116,16.7,TransakAuto,Agence CAHORS,1
Saint-Mard,02220,116,17.0,Simplicicar,soissons,1
Ermenouville,76740,116,17.2,AgenceAuto,yerville,1
Écauville,27110,116,17.8,Simplicicar,evreux,2
Paroy,25440,116,17.8,Simplicicar,besancon,2
Reilly,60240,115,7.6,TransakAuto,Agence GISORS,1
Béhuard,49170,115,9.8,Simplicicar,angers,3
Bourg-sous-Châtelet,90110,115,12.5,AgenceAuto,belfort,2
Arrancourt,91690,115,14.0,TransakAuto,Agence ETAMPES,1
Piève,20246,115,14.7,TransakAuto,Agence BASTIA,1
Lataule,60490,115,16.1,TransakAuto,Agence COMPIEGNE,2
Lusigny-sur-Ouche,21360,115,16.2,Simplicicar,beaune,1
Moudeyres,43150,115,16.2,Simplicicar,puy-en-velay,1
Hugier,70150,115,16.4,Simplicicar,besancon,3
Jonquery,51700,115,17.9,Simplicicar,reims,1
Soignolles,14190,115,18.7,TransakAuto,Agence CAEN,1
Pont-Arcy,02160,115,19.4,Simplicicar,soissons,1
Hangard,80110,115,19.9,AgenceAuto,amiens,1
Bélesta-en-Lauragais,31540,114,11.5,TransakAuto,Agence VILLEFRANCHE-DE-LAURAGAIS,1
Pouy-Roquelaure,32480,114,13.3,TransakAuto,Agence AGEN,1
Leychert,09300,114,14.9,Simplicicar,pamiers,1
Montgilbert,73220,114,15.6,TransakAuto,Agence ALBERTVILLE,1
Thurey-le-Mont,25870,114,16.6,TransakAuto,Agence BESANCON,1
Béhagnies,62121,114,16.7,TransakAuto,Agence ARRAS,2
Pannecières,45300,114,17.5,TransakAuto,Agence ETAMPES,1
Dhuizel,02220,114,18.8,Simplicicar,soissons,1
Puéchoursi,81470,114,19.0,TransakAuto,Agence CASTRES,1
Beaumont,19390,114,19.1,AgenceAuto,tulle,1
Artix,09120,113,6.2,Simplicicar,pamiers,1
Englesqueville-en-Auge,14800,113,6.5,TransakAuto,Agence DEAUVILLE,1
Malvezie,31510,113,8.6,Simplicicar,https://www.simplicicar.com/content/170-oncession-st-gaudens,1
Gonzeville,76560,113,11.8,AgenceAuto,yerville,2
Sourans,25250,113,11.9,TransakAuto,Agence MONTBELIARD,2
Oléac-Dessus,65190,113,13.3,TransakAuto,Agence TARBES,1
Vézaponin,02290,113,14.3,Simplicicar,soissons,1
Arrodets-ez-Angles,65100,113,16.1,TransakAuto,Agence TARBES,1
Villar-Saint-Anselme,11250,113,16.9,Simplicicar,carcassonne,2
Castellet-en-Luberon,84400,113,17.3,TransakAuto,Agence PERTUIS,1
Rhodon,41290,113,17.4,TransakAuto,Agence BLOIS,1
Échay,25440,113,17.6,Simplicicar,caen,2
Affracourt,54740,113,18.2,TransakAuto,Agence NANCY,1
Betoncourt-lès-Brotte,70300,113,18.5,AgenceAuto,vesoul,1
Baby,77480,113,19.2,TransakAuto,Agence PROVINS,1
Boufflers,80150,113,19.5,TransakAuto,Agence ABBEVILLE,1
Sassetot-le-Malgardé,76730,112,12.3,AgenceAuto,yerville,2
Roinvilliers,91150,112,13.5,TransakAuto,Agence ETAMPES,1
Bertre,81700,112,15.6,TransakAuto,Agence CASTRES,1
Curtil-Saint-Seine,21380,112,16.3,AgenceAuto,dijon,2
Scherlenheim,67270,112,17.0,TransakAuto,Agence HAGUENAU,2
Thiénans,70230,112,18.9,AgenceAuto,vesoul,1
Suzette,84190,112,19.2,TransakAuto,Agence ORANGE,1
Isse,51150,112,19.3,AgenceAuto,chalons-en-champagne,1
Drubec,14130,111,8.0,TransakAuto,Agence DEAUVILLE,1
Chemilly,70360,111,11.5,AgenceAuto,vesoul,1
Belflou,11410,111,12.4,TransakAuto,Agence VILLEFRANCHE-DE-LAURAGAIS,1
Hermanville,76730,111,13.1,TransakAuto,Agence DIEPPE,2
Présilly,39270,111,13.6,TransakAuto,Agence LONS LE SAUNIER,2
Saint-Philbert-sur-Orne,61430,111,15.9,TransakAuto,Agence FLERS,1
Thoiré-sous-Contensor,72610,111,16.4,TransakAuto,Agence ALENCON,1
Blandy,91150,111,16.9,TransakAuto,Agence ETAMPES,1
Bazordan,65670,111,18.9,Simplicicar,https://www.simplicicar.com/content/170-oncession-st-gaudens,1
Corbon,61400,111,19.3,AgenceAuto,nogent-le-rotrou,1
Les Aulneaux,72600,111,19.5,TransakAuto,Agence ALENCON,1
Mouzens,81470,111,19.8,TransakAuto,Agence CASTRES,1
Montfermier,82270,111,19.9,AgenceAuto,montauban,1
Sogny-aux-Moulins,51520,110,5.5,AgenceAuto,chalons-en-champagne,1
Brasseuse,60810,110,7.1,AgenceAuto,senlis,6
Saint-Céneri-le-Gérei,61250,110,9.8,TransakAuto,Agence ALENCON,1
Frasne-les-Meulières,39290,110,12.5,AgenceAuto,dole,1
Sommesnil,76560,110,13.0,TransakAuto,Agence YVETOT,2
Berrac,32480,110,13.9,TransakAuto,Agence AGEN,1
Villenave-près-Marsac,65500,110,14.2,TransakAuto,Agence TARBES,1
Sallèles-Cabardès,11600,110,14.8,TransakAuto,Agence CARCASSONNE,2
Nalzen,09300,110,18.1,Simplicicar,pamiers,1
Monferran-Plavès,32260,110,18.3,TransakAuto,Agence AUCH,1
Boisseau,41290,110,19.1,TransakAuto,Agence BLOIS,1
La Vergenne,70200,110,19.1,AgenceAuto,hericourt,1
Orieux,65190,110,19.6,TransakAuto,Agence TARBES,1
Lizos,65350,109,9.0,TransakAuto,Agence TARBES,1
Hourc,65350,109,10.5,TransakAuto,Agence TARBES,1
Clans,70000,109,11.1,AgenceAuto,vesoul,1
Courmes,06620,109,14.3,TransakAuto,Agence GRASSE,6
Bellesserre,31480,109,16.7,TransakAuto,Agence FRONTON,1
Carville-Pot-de-Fer,76560,108,11.8,TransakAuto,Agence YVETOT,2
Moussy,95640,108,13.1,AgenceAuto,cergy-pontoise,4
Bief,25190,108,13.9,TransakAuto,Agence MONTBELIARD,2
Machy,10320,108,16.2,AgenceAuto,troyes,1
Gelvécourt-et-Adompt,88270,108,17.3,TransakAuto,Agence EPINAL,1
Rosières-sur-Barbèche,25190,108,17.7,TransakAuto,Agence MONTBELIARD,1
Souspierre,26160,108,17.8,TransakAuto,Agence MONTELIMAR,1
Sponville,54800,108,18.2,TransakAuto,Agence SAINT-DIZIER,1
Chantes,70360,108,18.6,AgenceAuto,vesoul,1
Vervezelle,88600,108,18.8,AgenceAuto,saint-die-des-vosges,1
Xonville,54800,108,18.9,TransakAuto,Agence SAINT-DIZIER,1
Présailles,43150,108,19.2,Simplicicar,puy-en-velay,1
Rennes-sur-Loue,25440,108,19.4,Simplicicar,besancon,1
Bligny,51170,107,10.7,Simplicicar,reims,2
La Chapelle-du-Bourgay,76590,107,11.1,TransakAuto,Agence DIEPPE,1
Pœuilly,80240,107,13.4,AgenceAuto,saint-quentin,2
Dampierre-sur-Moivre,51240,107,14.5,AgenceAuto,chalons-en-champagne,1
Le Mesnil-Véneron,50620,107,15.0,TransakAuto,Agence SAINT-LO,1
Le Tartre,71330,107,16.0,AgenceAuto,lons-le-saunier,3
Puxe,54800,107,16.1,TransakAuto,Agence SAINT-DIZIER,1
Cognières,70230,107,16.2,AgenceAuto,vesoul,1
Campitello,20252,107,17.7,TransakAuto,Agence BASTIA,1
Euvezin,54470,107,18.8,TransakAuto,Agence METZ,1
Lentillac-du-Causse,46330,107,18.9,TransakAuto,Agence CAHORS,1
Vierville,28700,107,19.4,TransakAuto,Agence ETAMPES,1
Crissay-sur-Manse,37220,107,19.4,Simplicicar,tours,1
Colmesnil-Manneville,76550,106,8.9,TransakAuto,Agence DIEPPE,1
Rupéreux,77560,106,9.1,TransakAuto,Agence PROVINS,1
Ambonil,26800,106,9.5,TransakAuto,Agence VALENCE,2
Sarp,65370,106,10.9,Simplicicar,https://www.simplicicar.com/content/170-oncession-st-gaudens,1
Arcon,42370,106,15.0,TransakAuto,Agence ROANNE,1
Issenhausen,67330,106,15.7,TransakAuto,Agence HAGUENAU,1
Mouaville,54800,106,15.7,TransakAuto,Agence SAINT-DIZIER,1
Grives,24170,106,17.1,TransakAuto,Agence SARLAT,1
Peyrun,65140,106,17.1,TransakAuto,Agence TARBES,1
Chelle-Spou,65130,106,17.7,TransakAuto,Agence TARBES,1
Rupt-sur-Saône,70360,106,18.0,AgenceAuto,vesoul,1
Neuilly-le-Dien,80150,106,18.5,TransakAuto,Agence ABBEVILLE,1
Bagiry,31510,105,12.2,Simplicicar,https://www.simplicicar.com/content/170-oncession-st-gaudens,1
Plumont,39700,105,12.4,Simplicicar,besancon,3
Bois-de-Champ,88600,105,14.4,AgenceAuto,saint-die-des-vosges,1
Saint-Rémy-au-Bois,62870,105,16.1,TransakAuto,Agence LE TOUQUET,1
Uchon,71190,105,16.1,AgenceAuto,montceau-les-mines,1
Nizan-Gesse,31350,105,17.6,Simplicicar,https://www.simplicicar.com/content/170-oncession-st-gaudens,1
Fontaine-lès-Hermans,62550,105,17.7,TransakAuto,Agence BETHUNE,1
Vieux-Bourg,14130,104,4.3,TransakAuto,Agence DEAUVILLE,1
Bourgeauville,14430,104,10.6,TransakAuto,Agence DEAUVILLE,1
Saint-Quentin-sur-Coole,51240,104,11.9,AgenceAuto,chalons-en-champagne,1
Saffais,54210,104,12.2,TransakAuto,Agence NANCY,3
Vaudherland,95500,104,12.4,TransakAuto,Agence LE RAINCY,6
Coussan,65350,104,12.8,TransakAuto,Agence TARBES,1
Fraisse-Cabardès,11600,104,13.9,TransakAuto,Agence CARCASSONNE,2
Monchiet,62123,104,14.1,TransakAuto,Agence ARRAS,2
La Roque-Baignard,14340,104,14.3,TransakAuto,Agence DEAUVILLE,1
Saint-Mard,54290,104,15.4,TransakAuto,Agence NANCY,3
Creyssac,24350,104,15.6,TransakAuto,Agence PERIGUEUX,1
Bavelincourt,80260,104,16.5,TransakAuto,Agence AMIENS,1
Esplas,09700,104,18.1,Simplicicar,pamiers,1
Buoux,84480,104,18.8,TransakAuto,Agence PERTUIS,1
Le Puy,25640,104,19.5,TransakAuto,Agence BESANCON,1
Floudès,33190,103,4.4,TransakAuto,Agence LANGON,1
Biville-la-Rivière,76730,103,13.0,AgenceAuto,yerville,3
Thumeréville,54800,103,13.9,TransakAuto,Agence SAINT-DIZIER,1
Bonnefontaine,39800,103,15.0,TransakAuto,Agence LONS LE SAUNIER,2
Louzes,72600,103,16.5,TransakAuto,Agence ALENCON,1
Ronchaux,25440,103,17.1,Simplicicar,besancon,2
Cossesseville,14690,103,17.3,TransakAuto,Agence FLERS,1
Les Mées,72260,103,17.9,TransakAuto,Agence ALENCON,1
Ménévillers,60420,103,18.0,TransakAuto,Agence COMPIEGNE,2
Argelès-Bagnères,65200,103,18.1,TransakAuto,Agence TARBES,1
Uzer,65200,103,18.9,TransakAuto,Agence TARBES,1
Wiry-au-Mont,80270,103,19.5,TransakAuto,Agence ABBEVILLE,1
Aougny,51170,103,19.5,Simplicicar,reims,1
Ludiès,09100,102,9.0,Simplicicar,pamiers,1
Le Plessis-Gassot,95720,102,9.1,AgenceAuto,la-croix-verte,5
Blois-sur-Seille,39210,102,10.6,TransakAuto,Agence LONS LE SAUNIER,2
Saint-Ouen-de-Pontcheuil,27370,102,10.7,TransakAuto,Agence ELBEUF,1
Courcelles,25440,102,12.1,Simplicicar,caen,4
Trémoulet,09700,102,12.5,Simplicicar,pamiers,1
Landerrouet-sur-Ségur,33540,102,13.0,TransakAuto,Agence LANGON,1
Cuiry-Housse,02220,102,13.3,Simplicicar,soissons,1
Mesnil-sous-Vienne,27150,102,13.9,TransakAuto,Agence GISORS,1
Chambord,41250,102,14.0,TransakAuto,Agence BLOIS,1
Sansan,32260,102,14.3,TransakAuto,Agence AUCH,1
Repentigny,14340,102,15.1,TransakAuto,Agence DEAUVILLE,1
Foville,57420,102,15.6,TransakAuto,Agence METZ,1
Mauléon-Barousse,65370,102,16.8,Simplicicar,https://www.simplicicar.com/content/170-oncession-st-gaudens,1
La Boulaye,71320,102,17.1,AgenceAuto,montceau-les-mines,1
Ajoncourt,57590,102,17.2,TransakAuto,Agence METZ,1
Milhavet,81130,102,18.0,TransakAuto,Agence ALBI,1
Roquelaure-Saint-Aubin,32430,102,19.4,AgenceAuto,toulouse-fontenilles,1
Trémauville,76640,102,19.6,TransakAuto,Agence YVETOT,1
Mousson,54700,101,3.5,TransakAuto,Agence METZ,1
Leury,02880,101,6.1,Simplicicar,soissons,1
Villoncourt,88150,101,11.1,TransakAuto,Agence EPINAL,2
Sancy-les-Cheminots,02880,101,11.6,Simplicicar,soissons,1
Buchy,57420,101,13.3,TransakAuto,Agence METZ,2
Villegongis,36110,101,14.8,AgenceAuto,chateauroux,2
Saint-Martin-aux-Champs,51240,101,15.4,AgenceAuto,chalons-en-champagne,1
Ploisy,02200,100,7.3,Simplicicar,soissons,1
Rouves,54610,100,7.7,TransakAuto,Agence METZ,1
Fossemanant,80160,100,7.9,AgenceAuto,amiens,2
Missy-aux-Bois,02200,100,8.6,Simplicicar,soissons,1
Saint-Vallier,88270,100,11.4,TransakAuto,Agence EPINAL,2
Villarzel-du-Razès,11300,100,11.5,TransakAuto,Agence CARCASSONNE,2
Derbamont,88270,100,12.8,TransakAuto,Agence EPINAL,2
Sadillac,24500,100,14.4,TransakAuto,Agence BERGERAC,1
Héberville,76740,100,14.7,AgenceAuto,yerville,2
Greffeil,11250,100,16.4,Simplicicar,carcassonne,2
Saint-Privé,71390,100,16.6,AgenceAuto,montceau-les-mines,1
La Chapelle-Orthemale,36500,100,17.0,AgenceAuto,chateauroux,2
Marandeuil,21270,100,18.4,Simplicicar,dijon,2
Trouley-Labarthe,65140,100,19.8,TransakAuto,Agence TARBES,1
Saint-Martin-la-Campagne,27930,99,9.0,Simplicicar,evreux,2
Baignes,70000,99,10.2,AgenceAuto,vesoul,1
Oroix,65320,99,10.7,TransakAuto,Agence TARBES,1
Regney,88450,99,12.1,TransakAuto,Agence EPINAL,2
Tourrenquets,32390,99,13.3,TransakAuto,Agence AUCH,1
Arrayou-Lahitte,65100,99,13.6,TransakAuto,Agence TARBES,1
Saussy,21380,99,13.8,AgenceAuto,dijon,3
Chatelay,39380,99,15.5,AgenceAuto,dole,2
Gumond,19320,99,15.9,AgenceAuto,tulle,1
Saint-Créac,65100,99,18.0,TransakAuto,Agence TARBES,1
Xocourt,57590,99,19.4,TransakAuto,Agence METZ,1
Germs-sur-l'Oussouet,65200,99,19.5,TransakAuto,Agence TARBES,1
Dardenac,33420,98,14.0,TransakAuto,Agence LIBOURNE,1
Picarreau,39800,98,16.5,TransakAuto,Agence LONS LE SAUNIER,2
Lacroisille,81470,98,16.6,TransakAuto,Agence CASTRES,1
Carves,24170,98,16.6,TransakAuto,Agence SARLAT,1
Maupas,10320,98,17.8,AgenceAuto,troyes,1
Sanous,65500,98,18.6,TransakAuto,Agence TARBES,1
Vadencourt,80560,98,19.9,TransakAuto,Agence AMIENS,1
Bourdelles,33190,97,4.5,TransakAuto,Agence LANGON,1
Sainte-Pallaye,89460,97,11.4,TransakAuto,Agence AUXERRE,1
Cras,46360,97,13.0,TransakAuto,Agence CAHORS,1
Vercourt,80120,97,13.3,TransakAuto,Agence LE TOUQUET,1
Maison-Roland,80135,97,13.5,TransakAuto,Agence ABBEVILLE,1
Saint-Avit-Frandat,32700,97,14.0,TransakAuto,Agence AGEN,1
Thèbe,65370,97,15.5,Simplicicar,https://www.simplicicar.com/content/170-oncession-st-gaudens,1
Sainte-Croix-de-Caderle,30460,97,15.7,TransakAuto,Agence ALES,1
Vernot,21120,97,17.2,AgenceAuto,dijon,1
Villy,89800,97,17.6,TransakAuto,Agence AUXERRE,1
Bigorno,20252,97,18.7,TransakAuto,Agence BASTIA,1
Jusix,47180,96,6.9,TransakAuto,Agence LANGON,1
Saint-Léonard,51500,96,9.8,TransakAuto,Agence REIMS,2
Froyelles,80150,96,12.3,TransakAuto,Agence ABBEVILLE,1
Launoy,02210,96,12.4,Simplicicar,soissons,1
Vésines,01570,96,13.3,TransakAuto,Agence MACON,1
Faimbe,25250,96,13.6,TransakAuto,Agence MONTBELIARD,3
Bouffignereux,02160,96,15.8,TransakAuto,Agence REIMS,2
Pébées,32130,96,16.1,AgenceAuto,toulouse-fontenilles,1
Mouflers,80690,96,16.4,TransakAuto,Agence AMIENS,2
Olcani,20217,96,16.7,TransakAuto,Agence BASTIA,1
Nogaret,31540,96,17.6,TransakAuto,Agence CASTRES,1
Quevilloncourt,54330,96,17.8,TransakAuto,Agence NANCY,3
Plaisia,39270,96,18.0,TransakAuto,Agence LONS LE SAUNIER,2
Mézerville,11410,96,18.7,TransakAuto,Agence VILLEFRANCHE-DE-LAURAGAIS,1
Saint-Loube,32220,96,18.8,AgenceAuto,toulouse-fontenilles,1
Bailleul-la-Vallée,27260,96,19.6,TransakAuto,Agence DEAUVILLE,1
Bazegney,88270,95,15.2,TransakAuto,Agence EPINAL,2
Motey-Besuche,70140,95,18.1,Simplicicar,besancon,1
Vellerot-lès-Belvoir,25430,95,18.7,TransakAuto,Agence MONTBELIARD,1
Belvoir,25430,95,19.4,TransakAuto,Agence MONTBELIARD,1
Poilly,51170,94,12.6,Simplicicar,reims,2
Le Val-Saint-Éloi,70160,94,13.6,AgenceAuto,vesoul,1
Eccles,59740,94,13.8,TransakAuto,Agence MAUBEUGE,1
Ussel,46240,94,14.0,TransakAuto,Agence CAHORS,1
Recanoz,39230,94,15.0,AgenceAuto,lons-le-saunier,2
Ponson-Debat-Pouts,64460,94,15.1,TransakAuto,Agence TARBES,1
Doucy-en-Bauges,73630,94,15.4,TransakAuto,Agence ALBERTVILLE,1
Hauban,65200,94,15.7,TransakAuto,Agence TARBES,1
Hancourt,80240,94,16.4,AgenceAuto,saint-quentin,2
Le Villey,39230,94,19.4,AgenceAuto,lons-le-saunier,2
Le Détroit,14690,94,19.9,TransakAuto,Agence FLERS,1
Montonvillers,80260,93,7.1,TransakAuto,Agence AMIENS,2
Arbon,31160,93,10.0,Simplicicar,https://www.simplicicar.com/content/170-oncession-st-gaudens,1
Mont-Saint-Martin,38120,93,11.0,TransakAuto,Agence GRENOBLE OUEST,3
Maresville,62630,93,13.9,TransakAuto,Agence LE TOUQUET,1
Le Plessier-Huleu,02210,93,14.6,Simplicicar,soissons,1
Neuilh,65200,93,15.5,TransakAuto,Agence TARBES,1
Bouziès,46330,93,16.7,TransakAuto,Agence CAHORS,1
Collonges-lès-Bévy,21220,93,16.7,Simplicicar,beaune,1
Pis,32500,93,16.9,TransakAuto,Agence AUCH,1
Videcosville,50630,93,18.7,TransakAuto,Agence CHERBOURG-EN-COTENTIN,1
Les Ferres,06510,93,18.9,TransakAuto,Agence NICE OUEST,2
Biefvillers-lès-Bapaume,62450,93,19.0,TransakAuto,Agence ARRAS,2
Autrey-le-Vay,70110,93,19.5,AgenceAuto,vesoul,1
Vals,09500,92,10.3,Simplicicar,pamiers,1
Saint-Michel,09100,92,13.8,Simplicicar,pamiers,1
Scolca,20290,92,15.0,TransakAuto,Agence BASTIA,1
Ostel,02370,92,16.6,Simplicicar,soissons,1
Gibret,40380,92,16.8,TransakAuto,Agence DAX,1
Surfontaine,02240,92,17.0,TransakAuto,Agence SAINT-QUENTIN,2
Montaïn,82100,92,18.3,TransakAuto,Agence MONTAUBAN,2
Arthez-d'Armagnac,40190,92,19.0,TransakAuto,Agence MONT DE MARSAN,1
Coublucq,64410,92,19.4,Simplicicar,pau,1
La Petite-Fosse,88490,91,7.6,AgenceAuto,saint-die-des-vosges,1
Escoubès-Pouts,65100,91,12.2,TransakAuto,Agence TARBES,1
Générest,65150,91,14.6,Simplicicar,https://www.simplicicar.com/content/170-oncession-st-gaudens,1
Sabadel-Lauzès,46360,91,17.0,TransakAuto,Agence CAHORS,1
Lorey,54290,91,17.5,TransakAuto,Agence NANCY,3
Saint-Bon,51310,91,18.6,TransakAuto,Agence PROVINS,1
Saint-Hilaire-Taurieux,19400,91,19.9,AgenceAuto,tulle,1
Anla,65370,90,11.0,Simplicicar,https://www.simplicicar.com/content/170-oncession-st-gaudens,1
Cavillon,80310,90,11.3,TransakAuto,Agence AMIENS,2
Lestanville,76730,90,11.3,AgenceAuto,yerville,2
Fontenay-sous-Fouronnes,89660,90,13.0,TransakAuto,Agence AUXERRE,1
Champoux,25640,90,13.7,TransakAuto,Agence BESANCON,2
Fay-en-Montagne,39800,90,13.8,TransakAuto,Agence LONS LE SAUNIER,2
Arguenos,31160,90,14.4,Simplicicar,https://www.simplicicar.com/content/170-oncession-st-gaudens,1
Mouillac,33240,90,14.6,TransakAuto,Agence LIBOURNE,3
Montamel,46310,90,15.1,TransakAuto,Agence CAHORS,1
Aubenas-les-Alpes,04110,90,16.2,TransakAuto,Agence MANOSQUE,1
Bussy-lès-Poix,80290,90,17.0,AgenceAuto,amiens,1
Prémierfait,10170,90,17.1,TransakAuto,Agence TROYES,2
Ogliastro,20217,90,19.0,TransakAuto,Agence BASTIA,1
Le Planois,71330,90,19.4,AgenceAuto,louhans,1
Osmets,65350,90,19.9,TransakAuto,Agence TARBES,1
Vregny,02880,89,6.7,Simplicicar,soissons,1
Rabou,05400,89,9.5,TransakAuto,Agence GAP,1
Pouze,31450,89,12.9,AgenceAuto,toulouse-sud-est-labege,4
Gembrie,65370,89,13.2,Simplicicar,https://www.simplicicar.com/content/170-oncession-st-gaudens,1
Pessans,25440,89,13.9,Simplicicar,besancon,3
Sarremezan,31350,89,14.3,Simplicicar,https://www.simplicicar.com/content/170-oncession-st-gaudens,1
Foucrainville,27220,89,14.5,TransakAuto,Agence EVREUX,3
Coutures,33580,89,14.7,TransakAuto,Agence LANGON,1
Cazaril-Tambourès,31580,89,15.3,Simplicicar,https://www.simplicicar.com/content/170-oncession-st-gaudens,1
Martincourt,54380,89,15.8,TransakAuto,Agence METZ,1
Lhéry,51170,89,15.9,Simplicicar,reims,1
Aubaine,21360,89,16.3,Simplicicar,beaune,1
Seich,65150,89,17.0,Simplicicar,https://www.simplicicar.com/content/170-oncession-st-gaudens,1
Nesle-la-Reposte,51120,89,19.9,TransakAuto,Agence PROVINS,1
Le Beulay,88490,88,7.3,AgenceAuto,saint-die-des-vosges,1
Nampteuil-sous-Muret,02200,88,9.2,Simplicicar,soissons,1
Le Magnoray,70000,88,12.3,AgenceAuto,vesoul,1
Coupetz,51240,88,15.2,AgenceAuto,chalons-en-champagne,1
Mesnil-Domqueur,80620,88,16.1,TransakAuto,Agence ABBEVILLE,1
Dettey,71190,88,16.2,AgenceAuto,montceau-les-mines,1
Échevannes,25580,88,16.9,Simplicicar,pontarlier,2
La Chapelle-Vaupelteigne,89800,88,17.4,TransakAuto,Agence AUXERRE,1
Corcelle-Mieslot,25640,88,17.6,TransakAuto,Agence BESANCON,1
Prey,88600,88,17.7,AgenceAuto,epinal,1
Charey,54470,88,19.6,TransakAuto,Agence METZ,1
La Luzerne,50680,87,5.4,TransakAuto,Agence SAINT-LO,1
Galié,31510,87,10.7,Simplicicar,https://www.simplicicar.com/content/170-oncession-st-gaudens,1
Marey-lès-Fussey,21700,87,11.0,Simplicicar,beaune,1
Cerseuil,02220,87,12.7,Simplicicar,soissons,1
Rouhe,25440,87,13.8,Simplicicar,caen,4
Lombrès,65150,87,14.0,Simplicicar,https://www.simplicicar.com/content/170-oncession-st-gaudens,1
Ugnouas,65140,87,14.8,TransakAuto,Agence TARBES,1
Ballore,71220,87,16.1,AgenceAuto,montceau-les-mines,1
Sainte-Croix-à-Lauze,04110,87,17.0,TransakAuto,Agence MANOSQUE,1
Rumesnil,14340,87,17.1,TransakAuto,Agence DEAUVILLE,1
Lizine,25330,87,17.8,Simplicicar,caen,2
Artiguemy,65130,87,18.4,TransakAuto,Agence TARBES,1
Ognéville,54330,87,19.1,TransakAuto,Agence NANCY,1
Monès,31370,87,19.2,AgenceAuto,toulouse-fontenilles,1
Tragny,57580,87,19.5,TransakAuto,Agence METZ,1
Accolans,25250,87,19.5,TransakAuto,Agence MONTBELIARD,1
Averan,65380,86,9.7,TransakAuto,Agence TARBES,1
Cladech,24170,86,14.1,TransakAuto,Agence SARLAT,1
Hourges,51140,86,15.5,Simplicicar,reims,2
Léaupartie,14340,86,16.0,TransakAuto,Agence DEAUVILLE,1
Beffia,39270,86,16.0,AgenceAuto,lons-le-saunier,2
Peyregoux,81440,86,16.1,TransakAuto,Agence CASTRES,1
Saint-Laurent-du-Plan,33190,85,11.9,TransakAuto,Agence LANGON,1
Montsapey,73220,85,14.2,TransakAuto,Agence ALBERTVILLE,1
Les Bordes,71350,85,15.6,AgenceAuto,chalon-sur-saone,2
Sacoué,65370,85,16.1,Simplicicar,https://www.simplicicar.com/content/170-oncession-st-gaudens,1
Valaire,41120,85,16.2,TransakAuto,Agence BLOIS,1
Saint-Jean-de-Vals,81210,85,17.0,TransakAuto,Agence CASTRES,1
Amondans,25330,85,17.5,Simplicicar,caen,3
Goudet,43150,85,17.5,Simplicicar,puy-en-velay,1
Cheust,65100,85,17.8,TransakAuto,Agence TARBES,1
Saint-Julien-de-Gras-Capou,09500,85,17.9,Simplicicar,pamiers,1
Montauriol,11410,85,18.3,TransakAuto,Agence VILLEFRANCHE-DE-LAURAGAIS,1
Saint-Géraud,47120,85,18.4,TransakAuto,Agence LANGON,1
Loupeigne,02130,85,18.7,Simplicicar,soissons,1
Cherville,51150,85,19.2,AgenceAuto,chalons-en-champagne,1
Bissy-sur-Fley,71460,85,19.8,AgenceAuto,montceau-les-mines,1
Panges,21540,85,19.9,AgenceAuto,dijon,1
Germaine,02590,84,11.2,AgenceAuto,saint-quentin,2
Fleurey,25190,84,16.5,TransakAuto,Agence MONTBELIARD,1
Surcamps,80620,84,16.6,TransakAuto,Agence AMIENS,2
Ontex,73310,84,17.2,TransakAuto,Agence CHAMBERY,2
Saint-Marcouf,14330,84,18.4,TransakAuto,Agence SAINT-LO,1
Ormenans,70230,84,18.4,AgenceAuto,vesoul,1
Latour-en-Woëvre,55160,84,18.5,TransakAuto,Agence SAINT-DIZIER,1
Saint-Christophe-de-Chaulieu,61800,84,19.3,TransakAuto,Agence FLERS,1
Monmadalès,24560,83,10.8,TransakAuto,Agence BERGERAC,1
Lesges,02220,83,12.4,Simplicicar,soissons,1
Châtel-Moron,71510,83,13.0,TransakAuto,Agence CHALON-SUR-SAONE,1
Vertamboz,39130,83,15.4,TransakAuto,Agence LONS LE SAUNIER,2
Riervescemont,90200,83,17.7,AgenceAuto,belfort,1
Froidevaux,25190,83,17.8,TransakAuto,Agence MONTBELIARD,1
Arquettes-en-Val,11220,83,18.6,Simplicicar,carcassonne,2
Esbareich,65370,83,19.0,Simplicicar,https://www.simplicicar.com/content/170-oncession-st-gaudens,1
Conteville-en-Ternois,62130,83,19.1,TransakAuto,Agence BETHUNE,1
Échemines,10350,82,12.2,TransakAuto,Agence TROYES,3
Marquerie,65350,82,13.8,TransakAuto,Agence TARBES,1
Lescousse,09100,82,14.6,Simplicicar,pamiers,1
Sauvagny,03430,82,17.1,TransakAuto,Agence MONTLUCON,1
Mouchès,32300,82,17.8,TransakAuto,Agence AUCH,1
Cazeneuve-Montaut,31420,82,18.7,Simplicicar,https://www.simplicicar.com/content/170-oncession-st-gaudens,1
Brassy,80160,82,19.9,AgenceAuto,amiens,1
Bois-Herpin,91150,81,11.1,TransakAuto,Agence ETAMPES,1
Gémonval,25250,81,14.2,AgenceAuto,hericourt,3
Saint-Nicolas-la-Chapelle,10400,81,14.3,TransakAuto,Agence PROVINS,1
Gellenoncourt,54110,81,14.8,AgenceAuto,nancy,3
Montfiquet,14490,81,16.7,TransakAuto,Agence SAINT-LO,1
Jorxey,88500,81,17.8,TransakAuto,Agence EPINAL,1
Saunières,71350,81,17.9,AgenceAuto,chalon-sur-saone,2
Peyrouzet,31420,81,19.1,Simplicicar,https://www.simplicicar.com/content/170-oncession-st-gaudens,1
Chahains,61320,81,19.9,TransakAuto,Agence ALENCON,1
Vulaines-lès-Provins,77160,80,5.6,TransakAuto,Agence PROVINS,1
Payssous,31510,80,6.2,Simplicicar,https://www.simplicicar.com/content/170-oncession-st-gaudens,1
Cortrat,45700,80,10.3,TransakAuto,Agence MONTARGIS,1
Saint-Nazaire-des-Gardies,30610,80,11.6,TransakAuto,Agence ALES,1
Les Rouges-Eaux,88600,80,12.7,AgenceAuto,saint-die-des-vosges,1
Frontignan-de-Comminges,31510,80,13.1,Simplicicar,https://www.simplicicar.com/content/170-oncession-st-gaudens,1
Trefcon,02490,80,13.4,AgenceAuto,saint-quentin,2
Roquefort-les-Cascades,09300,80,13.8,Simplicicar,pamiers,1
La Louvière-Lauragais,11410,80,15.9,TransakAuto,Agence VILLEFRANCHE-DE-LAURAGAIS,1
Cernay,28120,80,17.2,TransakAuto,Agence CHARTRES,1
Savianges,71460,80,18.3,AgenceAuto,montceau-les-mines,2
Béchamps,54800,80,18.6,TransakAuto,Agence SAINT-DIZIER,1
Chêne-Bernard,39120,80,18.8,AgenceAuto,dole,1
Ambrief,02200,79,6.4,Simplicicar,soissons,1
Arabaux,09000,79,9.0,Simplicicar,pamiers,1
Mourvilles-Basses,31460,79,9.1,TransakAuto,Agence VILLEFRANCHE-DE-LAURAGAIS,2
Circourt,88270,79,11.2,TransakAuto,Agence EPINAL,2
Saint-Hilaire-du-Bois,33540,79,14.5,TransakAuto,Agence LANGON,1
Germigney,39380,79,15.0,AgenceAuto,dole,2
Sery,89270,79,15.1,TransakAuto,Agence AUXERRE,1
Le Puley,71460,79,15.3,AgenceAuto,montceau-les-mines,1
Vaux-Marquenneville,80140,79,16.1,TransakAuto,Agence ABBEVILLE,1
Ribarrouy,64330,79,19.1,Simplicicar,pau,1
Vaux-en-Pré,71460,79,19.4,AgenceAuto,montceau-les-mines,1
Créot,71490,79,19.8,TransakAuto,Agence CHALON-SUR-SAONE,1
Lespiteau,31160,78,7.0,Simplicicar,https://www.simplicicar.com/content/170-oncession-st-gaudens,1
Wargnies,80670,78,10.0,TransakAuto,Agence AMIENS,2
Marquein,11410,78,12.3,TransakAuto,Agence VILLEFRANCHE-DE-LAURAGAIS,1
Brères,25440,78,14.9,Simplicicar,besancon,2
Pithon,02480,78,15.1,AgenceAuto,saint-quentin,2
Asnières-sur-Saône,01570,78,16.5,TransakAuto,Agence MACON,1
Darbonnay,39230,78,16.8,TransakAuto,Agence LONS LE SAUNIER,2
Ancienville,02600,78,19.9,Simplicicar,soissons,1
Rémécourt,60600,78,20.0,AgenceAuto,senlis,1
Malléon,09120,77,7.1,Simplicicar,pamiers,1
Le Fournet,14340,77,11.5,TransakAuto,Agence DEAUVILLE,1
Courtagnon,51480,77,12.1,Simplicicar,reims,2
Saint-Romain-sous-Versigny,71420,77,14.0,AgenceAuto,montceau-les-mines,1
Séligney,39120,77,15.8,AgenceAuto,dole,1
Talmont-sur-Gironde,17120,77,16.5,Simplicicar,royan,1
Urost,64160,77,18.9,Simplicicar,pau,1
Voires,25580,77,19.5,Simplicicar,pontarlier,1
Villers-sous-Pareid,55160,77,19.9,TransakAuto,Agence SAINT-DIZIER,1
Lhez,65190,76,11.7,TransakAuto,Agence TARBES,1
Talazac,65500,76,13.4,TransakAuto,Agence TARBES,1
Gueutteville,76890,75,9.2,AgenceAuto,yerville,2
Dompierre-sous-Sanvignes,71420,75,10.6,AgenceAuto,montceau-les-mines,1
Droizy,02210,75,10.9,Simplicicar,soissons,1
Nadillac,46360,75,11.7,TransakAuto,Agence CAHORS,1
Zincourt,88330,75,12.6,TransakAuto,Agence EPINAL,2
Blussangeaux,25250,75,12.8,TransakAuto,Agence MONTBELIARD,3
Troubat,65370,75,14.3,Simplicicar,https://www.simplicicar.com/content/170-oncession-st-gaudens,1
Ansan,32270,75,15.4,TransakAuto,Agence AUCH,1
Loc-Envel,22810,75,16.0,TransakAuto,Agence BEGARD,1
Saint-Cosme,68210,75,16.5,AgenceAuto,belfort,2
Lespugue,31350,75,16.5,Simplicicar,https://www.simplicicar.com/content/170-oncession-st-gaudens,1
Mouhous,64330,75,17.4,Simplicicar,pau,1
Vezot,72600,75,18.4,TransakAuto,Agence ALENCON,1
Francillon,36110,75,18.4,AgenceAuto,chateauroux,2
Tirent-Pontéjac,32450,75,20.0,TransakAuto,Agence AUCH,1
Peyrefitte-sur-l'Hers,11420,75,20.0,TransakAuto,Agence VILLEFRANCHE-DE-LAURAGAIS,1
Bretigney,25250,74,12.2,TransakAuto,Agence MONTBELIARD,3
Grandrupt,88210,74,12.4,AgenceAuto,saint-die-des-vosges,1
Rainfreville,76730,74,15.0,AgenceAuto,yerville,2
Samson,25440,74,15.6,Simplicicar,besancon,2
Soucy,02600,74,17.7,Simplicicar,soissons,1
Mun,65350,74,19.1,TransakAuto,Agence TARBES,1
Vauclusotte,25380,74,19.5,TransakAuto,Agence MONTBELIARD,1
Le Fresne,51240,74,19.8,AgenceAuto,chalons-en-champagne,1
Juzes,31540,73,9.0,TransakAuto,Agence VILLEFRANCHE-DE-LAURAGAIS,1
Paréac,65100,73,11.3,TransakAuto,Agence TARBES,1
Bellecombe,39310,73,12.1,TransakAuto,Agence GEX,2
Marant,62170,73,15.1,TransakAuto,Agence LE TOUQUET,1
La Creuse,70240,73,15.1,AgenceAuto,vesoul,1
Les Isles-Bardel,14690,73,17.6,TransakAuto,Agence FLERS,1
Denezières,39130,73,18.1,TransakAuto,Agence LONS LE SAUNIER,1
Castillon,65130,73,19.1,TransakAuto,Agence TARBES,1
Augy,02220,72,11.8,Simplicicar,soissons,1
Puységur,32390,72,13.3,TransakAuto,Agence AUCH,1
Mouchy-le-Châtel,60250,72,14.2,Simplicicar,beauvais,4
Le Vermont,88210,72,14.8,AgenceAuto,saint-die-des-vosges,1
Chatignonville,91410,72,15.6,TransakAuto,Agence ETAMPES,2
Les Ableuvenettes,88270,72,16.3,TransakAuto,Agence EPINAL,2
Fontenu,39130,72,17.6,TransakAuto,Agence LONS LE SAUNIER,1
Ricaud,65190,72,19.4,TransakAuto,Agence TARBES,1
Génos,31510,71,9.2,Simplicicar,https://www.simplicicar.com/content/170-oncession-st-gaudens,1
Pontécoulant,14110,71,12.8,TransakAuto,Agence FLERS,1
Traversères,32450,71,14.2,TransakAuto,Agence AUCH,1
Saint-Stail,88210,71,14.3,AgenceAuto,saint-die-des-vosges,1
Roche-sur-Linotte-et-Sorans-les-Cordiers,70230,71,16.4,AgenceAuto,vesoul,1
Songeson,39130,71,19.9,TransakAuto,Agence LONS LE SAUNIER,1
Montirat,11800,70,11.0,Simplicicar,carcassonne,2
Bouchevilliers,27150,70,13.5,TransakAuto,Agence GISORS,1
Montrabot,50810,70,13.7,TransakAuto,Agence SAINT-LO,1
Peyrecave,32340,70,17.3,TransakAuto,Agence AGEN,1
Fontenay-de-Bossery,10400,70,17.5,TransakAuto,Agence PROVINS,1
Saint-Brès,32120,70,19.9,TransakAuto,Agence AUCH,1
Sarrecave,31350,69,16.2,Simplicicar,https://www.simplicicar.com/content/170-oncession-st-gaudens,1
Domptail-en-l'Air,54290,69,16.9,TransakAuto,Agence NANCY,3
Romain,54360,69,17.3,TransakAuto,Agence NANCY,3
Méry-Prémecy,51390,68,7.9,Simplicicar,reims,2
Gourvieille,11410,68,10.7,TransakAuto,Agence VILLEFRANCHE-DE-LAURAGAIS,1
Châtenay-en-France,95190,68,11.9,AgenceAuto,la-croix-verte,5
Vilory,70240,68,13.0,AgenceAuto,vesoul,1
Lanthenans,25250,68,13.7,TransakAuto,Agence MONTBELIARD,2
Cussey-sur-Lison,25440,68,15.2,Simplicicar,caen,3
Belloy,60490,68,16.7,TransakAuto,Agence COMPIEGNE,2
Auribeau,84400,68,17.2,TransakAuto,Agence PERTUIS,1
Jacque,65350,68,17.6,TransakAuto,Agence TARBES,1
Saint-Martin-la-Patrouille,71460,68,17.6,AgenceAuto,montceau-les-mines,1
Erbéviller-sur-Amezule,54280,68,17.7,AgenceAuto,nancy,3
Poix,51460,68,17.7,AgenceAuto,chalons-en-champagne,1
Brouillet,51170,68,17.7,Simplicicar,reims,1
Taybosc,32120,68,18.6,TransakAuto,Agence AUCH,1
Villautou,11420,68,19.8,Simplicicar,pamiers,1
Mesmay,25440,67,14.8,Simplicicar,besancon,2
Mirannes,32350,67,17.7,TransakAuto,Agence AUCH,1
Ahéville,88500,67,18.4,TransakAuto,Agence EPINAL,1
Les Ifs,76630,67,19.3,TransakAuto,"Agence MONS, BELGIQUE",1
Montsérié,65150,67,19.9,Simplicicar,https://www.simplicicar.com/content/170-oncession-st-gaudens,1
Colombotte,70240,66,9.9,AgenceAuto,vesoul,1
Mérens,32360,66,11.1,TransakAuto,Agence AUCH,1
Apremont-sur-Allier,18150,66,12.8,AgenceAuto,nevers,1
Sigy,77520,66,13.8,TransakAuto,Agence PROVINS,1
Appelle,81700,66,14.1,TransakAuto,Agence CASTRES,1
Cademène,25290,66,15.3,Simplicicar,caen,4
Coyrière,39200,66,18.1,TransakAuto,Agence GEX,2
La Pommeraye,14690,66,19.0,TransakAuto,Agence FLERS,1
Légéville-et-Bonfays,88270,66,19.2,TransakAuto,Agence EPINAL,1
Montgaillard-sur-Save,31350,66,19.3,Simplicicar,https://www.simplicicar.com/content/170-oncession-st-gaudens,1
Marnézia,39270,65,12.1,TransakAuto,Agence LONS LE SAUNIER,2
Montreuil-en-Auge,14340,65,16.2,TransakAuto,Agence DEAUVILLE,1
Oppenans,70110,65,16.6,AgenceAuto,vesoul,1
Les Cent-Acres,76590,65,16.8,TransakAuto,Agence DIEPPE,1
La Charme,39230,65,19.4,TransakAuto,Agence LONS LE SAUNIER,2
Cazaunous,31160,64,11.4,Simplicicar,https://www.simplicicar.com/content/170-oncession-st-gaudens,1
Bray-Saint-Christophe,02480,64,11.8,AgenceAuto,saint-quentin,2
Les Ilhes,11380,64,16.9,TransakAuto,Agence CARCASSONNE,2
Gambaiseuil,78490,64,16.9,TransakAuto,Agence RAMBOUILLET,1
Meyrignac-l'Église,19800,64,18.7,AgenceAuto,tulle,1
L'Albère,66480,64,18.9,Simplicicar,perpignan,1
Beaurepaire,60700,63,3.5,AgenceAuto,senlis,4
Champ-Dolent,27190,63,11.7,TransakAuto,Agence EVREUX,2
Livet-en-Saosnois,72610,63,13.0,TransakAuto,Agence ALENCON,1
Sédeilhac,31580,63,13.2,Simplicicar,https://www.simplicicar.com/content/170-oncession-st-gaudens,1
La Haye-Bellefond,50410,63,15.1,TransakAuto,Agence SAINT-LO,1
Uxelles,39130,63,18.6,TransakAuto,Agence LONS LE SAUNIER,1
Antheuil,21360,63,19.7,Simplicicar,beaune,1
Menouville,95810,62,9.5,TransakAuto,Agence CERGY,4
Bagneux,02290,62,11.4,Simplicicar,soissons,1
Nonza,20217,62,15.1,TransakAuto,Agence BASTIA,1
Quincy-sous-le-Mont,02220,62,16.2,Simplicicar,soissons,1
Cazarilh,65370,62,16.5,Simplicicar,https://www.simplicicar.com/content/170-oncession-st-gaudens,1
Bourniquel,24150,62,18.2,TransakAuto,Agence BERGERAC,1
Contescourt,02680,61,5.8,AgenceAuto,saint-quentin,2
Palantine,25440,61,11.7,Simplicicar,caen,4
Goux-sous-Landet,25440,61,13.9,Simplicicar,caen,4
Dureil,72270,61,15.0,Simplicicar,la-fleche,1
Monmarvès,24560,61,17.1,TransakAuto,Agence BERGERAC,1
Proupiary,31360,61,17.5,Simplicicar,https://www.simplicicar.com/content/170-oncession-st-gaudens,1
Santosse,21340,61,18.3,Simplicicar,beaune,1
Châteney,70240,60,14.2,AgenceAuto,vesoul,1
Bois-de-Gand,39230,60,17.1,AgenceAuto,lons-le-saunier,2
Bartherans,25440,60,18.5,Simplicicar,besancon,2
Lanoux,09130,60,18.7,Simplicicar,pamiers,1
Faucon-du-Caire,04250,60,18.8,TransakAuto,Agence GAP,1
Pont-Bellanger,14380,60,19.8,TransakAuto,Agence SAINT-LO,1
Aigues-Juntes,09240,59,13.7,Simplicicar,pamiers,1
Hautaget,65150,59,18.1,Simplicicar,https://www.simplicicar.com/content/170-oncession-st-gaudens,1
Nescus,09240,59,18.4,Simplicicar,pamiers,1
Devise,80200,59,19.0,AgenceAuto,saint-quentin,1
Miraval-Cabardès,11380,59,19.5,TransakAuto,Agence CARCASSONNE,2
Burzy,71460,59,19.6,AgenceAuto,montceau-les-mines,1
Gigney,88390,58,6.7,TransakAuto,Agence EPINAL,2
Cerizy,02240,58,8.9,TransakAuto,Agence SAINT-QUENTIN,2
Boursières,70000,58,10.0,AgenceAuto,vesoul,1
Sainte-Marie,65370,58,13.2,Simplicicar,https://www.simplicicar.com/content/170-oncession-st-gaudens,1
Monestier,07690,58,15.6,TransakAuto,Agence DAVEZIEUX,1
Gigors,04250,58,15.7,TransakAuto,Agence GAP,1
Périgny,14770,58,16.4,TransakAuto,Agence FLERS,1
Gourgue,65130,58,19.6,TransakAuto,Agence TARBES,1
Saint-Rome,31290,57,2.0,TransakAuto,Agence VILLEFRANCHE-DE-LAURAGAIS,1
Mercey,27950,57,5.6,Simplicicar,vernon,4
Monestrol,31560,57,8.4,TransakAuto,Agence VILLEFRANCHE-DE-LAURAGAIS,1
Épinay-Champlâtreux,95270,57,8.5,AgenceAuto,la-croix-verte,4
Fey-en-Haye,54470,57,11.7,TransakAuto,Agence METZ,1
Clérey-sur-Brenon,54330,57,13.5,TransakAuto,Agence NANCY,3
Villy-le-Bois,10800,57,14.7,AgenceAuto,troyes,2
Ossun-ez-Angles,65100,57,14.9,TransakAuto,Agence TARBES,1
Les Repôts,39140,56,9.4,AgenceAuto,lons-le-saunier,3
Nonzeville,88600,56,17.3,AgenceAuto,epinal,2
Saint-Remy-le-Petit,08300,56,19.5,TransakAuto,Agence REIMS,1
Meurival,02160,56,19.7,Simplicicar,reims,1
Ilheu,65370,55,11.6,Simplicicar,https://www.simplicicar.com/content/170-oncession-st-gaudens,1
Reithouse,39270,55,12.4,AgenceAuto,lons-le-saunier,2
Segrois,21220,55,15.5,Simplicicar,beaune,1
Grandeyrolles,63320,55,18.9,TransakAuto,Agence CLERMONT FERRAND SUD,1
Mansempuy,32120,55,19.6,TransakAuto,Agence AUCH,1
Montjustin,04110,54,10.6,TransakAuto,Agence MANOSQUE,1
Fajac-en-Val,11220,54,15.9,Simplicicar,carcassonne,2
Les Groseillers,79220,54,16.9,TransakAuto,"Agence NAMUR, BELGIQUE",1
Berzé-le-Châtel,71960,54,17.8,TransakAuto,Agence MACON,1
Saint-Lubin-de-Cravant,28270,54,19.4,TransakAuto,Agence DREUX,1
Theuville,95810,53,10.6,TransakAuto,Agence CERGY,4
Vérissey,71440,53,11.2,AgenceAuto,louhans,2
Quincy-Basse,02380,53,15.6,Simplicicar,soissons,1
Le Mont,88210,53,16.3,AgenceAuto,saint-die-des-vosges,1
Rombly,62120,53,17.6,TransakAuto,Agence BETHUNE,2
Fournes-Cabardès,11600,53,18.0,TransakAuto,Agence CARCASSONNE,2
Haigneville,54290,53,19.5,TransakAuto,Agence NANCY,1
Villebon,28190,53,19.6,TransakAuto,Agence CHARTRES,1
Saint-Huruge,71460,53,20.0,AgenceAuto,montceau-les-mines,1
Saint-Bauzeil,09120,52,5.3,Simplicicar,pamiers,1
Rieucazé,31800,52,6.1,Simplicicar,https://www.simplicicar.com/content/170-oncession-st-gaudens,1
Marthemont,54330,52,12.5,TransakAuto,Agence NANCY,3
Riboux,13780,51,16.1,Simplicicar,la-ciotat,1
Saint-Élix-Séglan,31420,51,18.8,Simplicicar,https://www.simplicicar.com/content/170-oncession-st-gaudens,1
Aubilly,51170,50,10.0,Simplicicar,reims,2
Ladoye-sur-Seille,39210,50,12.9,TransakAuto,Agence LONS LE SAUNIER,2
Aleyrac,26770,50,15.4,TransakAuto,Agence MONTELIMAR,1
Castelmoron-d'Albret,33540,50,16.3,TransakAuto,Agence LANGON,1
Maravat,32120,50,18.1,TransakAuto,Agence AUCH,1
Vernois-lès-Belvoir,25430,50,18.1,TransakAuto,Agence MONTBELIARD,1
Chevagny-sur-Guye,71220,50,18.8,AgenceAuto,montceau-les-mines,1
Lieffrans,70190,50,18.8,AgenceAuto,vesoul,1
La Roque-Alric,84190,50,19.6,TransakAuto,Agence ORANGE,1
Soréac,65350,49,13.9,TransakAuto,Agence TARBES,1
Puechredon,30610,49,15.0,TransakAuto,Agence ALES,1
Passy-sur-Seine,77480,49,15.3,TransakAuto,Agence PROVINS,1
Pouliacq,64410,49,17.9,Simplicicar,pau,1
Montendry,73390,49,18.0,TransakAuto,Agence ALBERTVILLE,1
Bossugan,33350,49,18.8,TransakAuto,Agence LIBOURNE,1
Cazaux,09120,48,10.0,Simplicicar,pamiers,1
Fajac-la-Relenque,11410,48,13.8,TransakAuto,Agence VILLEFRANCHE-DE-LAURAGAIS,1
Luscan,31510,46,8.7,Simplicicar,https://www.simplicicar.com/content/170-oncession-st-gaudens,1
Bratte,54610,46,15.4,TransakAuto,Agence METZ,3
Léoncel,26190,46,15.4,TransakAuto,Agence ROMANS SUR ISERE,1
Villers-Pater,70190,46,16.0,AgenceAuto,vesoul,1
Bezins-Garraux,31440,46,16.4,Simplicicar,https://www.simplicicar.com/content/170-oncession-st-gaudens,1
Lamadeleine-Val-des-Anges,90170,46,17.1,AgenceAuto,belfort,1
Cussy-la-Colonne,21360,46,17.2,Simplicicar,beaune,1
Woirel,80140,46,19.2,TransakAuto,Agence ABBEVILLE,1
Calzan,09120,45,8.7,Simplicicar,pamiers,1
Créchets,65370,45,12.8,Simplicicar,https://www.simplicicar.com/content/170-oncession-st-gaudens,1
Hesbécourt,80240,45,15.0,AgenceAuto,saint-quentin,2
Castéra-Lanusse,65190,45,19.9,TransakAuto,Agence TARBES,1
Courbette,39570,44,8.6,TransakAuto,Agence LONS LE SAUNIER,2
Creveney,70240,44,11.4,AgenceAuto,vesoul,1
Bouzemont,88270,44,14.1,TransakAuto,Agence EPINAL,2
Larroque-Engalin,32480,44,15.8,TransakAuto,Agence AGEN,1
Cumiès,11410,44,16.2,TransakAuto,Agence VILLEFRANCHE-DE-LAURAGAIS,1
Bardou,24560,44,16.4,TransakAuto,Agence BERGERAC,1
Marast,70110,44,17.4,AgenceAuto,vesoul,1
Burret,09000,44,18.2,Simplicicar,pamiers,1
Bretenières,39120,44,18.4,AgenceAuto,dole,1
Rapilly,14690,44,19.0,TransakAuto,Agence FLERS,1
Vuillery,02880,43,6.9,Simplicicar,soissons,1
Choisies,59740,43,10.1,TransakAuto,Agence MAUBEUGE,1
Dehéries,59127,43,16.0,TransakAuto,Agence CAMBRAI,1
Pradettes,09600,43,16.6,Simplicicar,pamiers,1
Ourde,65370,43,17.0,Simplicicar,https://www.simplicicar.com/content/170-oncession-st-gaudens,1
Vauxtin,02220,43,18.2,Simplicicar,soissons,1
Raissac,09300,43,19.5,Simplicicar,pamiers,1
Blanquefort,32270,42,17.0,TransakAuto,Agence AUCH,1
Coiserette,39200,42,19.1,TransakAuto,Agence GEX,2
Renédale,25520,41,10.1,Simplicicar,pontarlier,2
Aveux,65370,41,12.5,Simplicicar,https://www.simplicicar.com/content/170-oncession-st-gaudens,1
Antichan,65370,41,12.7,Simplicicar,https://www.simplicicar.com/content/170-oncession-st-gaudens,1
Gaudent,65370,41,13.5,Simplicicar,https://www.simplicicar.com/content/170-oncession-st-gaudens,1
Ourdis-Cotdoussan,65100,41,19.7,TransakAuto,Agence TARBES,1
Phlin,54610,40,11.9,TransakAuto,Agence METZ,1
Antras,32360,40,14.6,TransakAuto,Agence AUCH,1
Gorges,80370,40,17.8,TransakAuto,Agence AMIENS,1
Signac,31440,40,20.0,Simplicicar,https://www.simplicicar.com/content/170-oncession-st-gaudens,1
Courtoin,89150,39,16.0,TransakAuto,Agence SENS,1
Sivergues,84400,39,17.4,TransakAuto,Agence PERTUIS,1
Mansan,65140,39,18.1,TransakAuto,Agence TARBES,1
Francheville,39230,39,18.3,AgenceAuto,lons-le-saunier,2
Lanchy,02590,38,14.3,AgenceAuto,saint-quentin,2
Saint-Loup-en-Comminges,31350,38,19.7,Simplicicar,https://www.simplicicar.com/content/170-oncession-st-gaudens,1
Gibercourt,02440,37,10.7,AgenceAuto,saint-quentin,2
Moncaup,31160,37,12.9,Simplicicar,https://www.simplicicar.com/content/170-oncession-st-gaudens,1
Sère-Lanso,65100,37,16.5,TransakAuto,Agence TARBES,1
Le Tartre-Gaudran,78113,37,17.7,TransakAuto,Agence RAMBOUILLET,2
Visoncourt,70300,36,17.6,AgenceAuto,vesoul,1
Faurilles,24560,36,19.9,TransakAuto,Agence BERGERAC,1
Verdon,24520,35,7.6,TransakAuto,Agence BERGERAC,1
Silly-en-Saulnois,57420,35,13.4,TransakAuto,Agence METZ,2
Le Chaffal,26190,35,18.7,TransakAuto,Agence VALENCE,1
Ousté,65100,35,19.4,TransakAuto,Agence TARBES,1
Montceaux-Ragny,71240,35,19.7,AgenceAuto,chalon-sur-saone,2
Châtas,88210,34,11.8,AgenceAuto,saint-die-des-vosges,1
Vrocourt,60112,33,18.6,TransakAuto,Agence BEAUVAIS,1
La Madeleine-Villefrouin,41370,33,19.5,TransakAuto,Agence BLOIS,1
Panon,72600,33,19.6,TransakAuto,Agence ALENCON,1
Charmont,95420,32,12.9,AgenceAuto,vernon,4
Bieuxy,02290,31,10.6,Simplicicar,soissons,1
Vulmont,57420,31,14.0,TransakAuto,Agence METZ,1
Bramevaque,65370,31,15.4,Simplicicar,https://www.simplicicar.com/content/170-oncession-st-gaudens,1
Oricourt,70110,31,17.1,AgenceAuto,vesoul,1
La Chaux-en-Bresse,39230,30,17.5,AgenceAuto,lons-le-saunier,2
Châteauneuf-d'Oze,05400,30,17.8,TransakAuto,Agence GAP,1
Peyrolles-en-Cévennes,30124,30,19.1,TransakAuto,Agence ALES,1
Ugny-l'Équipée,80400,29,15.1,AgenceAuto,saint-quentin,2
Razecueillé,31160,29,17.4,Simplicicar,https://www.simplicicar.com/content/170-oncession-st-gaudens,1
Dommartin-la-Chaussée,54470,29,19.7,TransakAuto,Agence METZ,1
Hinacourt,02440,28,10.4,AgenceAuto,saint-quentin,2
Tressandans,25680,28,18.7,AgenceAuto,vesoul,1
La Fontelaye,76890,27,5.7,AgenceAuto,yerville,2
Samuran,65370,27,12.4,Simplicicar,https://www.simplicicar.com/content/170-oncession-st-gaudens,1
Gonez,65350,26,13.0,TransakAuto,Agence TARBES,1
Monesple,09130,26,13.8,Simplicicar,pamiers,1
Suzan,09240,26,17.0,Simplicicar,pamiers,1
Varmonzey,88450,25,17.3,TransakAuto,Agence EPINAL,1
Trassanel,11160,25,18.7,TransakAuto,Agence CARCASSONNE,2
Mont-de-Galié,31510,24,10.3,Simplicicar,https://www.simplicicar.com/content/170-oncession-st-gaudens,1
Rapey,88130,24,17.8,TransakAuto,Agence EPINAL,1
Montjoie-le-Château,25190,23,14.0,TransakAuto,Agence MONTBELIARD,2
Villar-en-Val,11220,23,17.7,Simplicicar,carcassonne,2
Pintac,65320,22,9.2,TransakAuto,Agence TARBES,1
Mas-des-Cours,11570,22,12.7,Simplicicar,carcassonne,2
Gez-ez-Angles,65100,22,14.1,TransakAuto,Agence TARBES,1
Peyriguère,65350,20,17.2,TransakAuto,Agence TARBES,1
La Tourette-Cabardès,11380,20,19.0,TransakAuto,Agence CARCASSONNE,2
Bonnal,25680,20,19.3,AgenceAuto,vesoul,1
Bruys,02220,20,19.7,Simplicicar,soissons,1
Thuy,65350,18,16.0,TransakAuto,Agence TARBES,1
Le Mesnil-Durdent,76460,18,19.0,AgenceAuto,yerville,1
Tannières,02220,16,16.8,Simplicicar,soissons,1
Gouy-les-Groseillers,60120,15,19.2,AgenceAuto,amiens,1
Artigues,65100,13,16.5,TransakAuto,Agence TARBES,1
Mérona,39270,9,14.2,TransakAuto,Agence LONS LE SAUNIER,2
Châteauvieux-les-Fossés,25840,9,16.7,Simplicicar,pontarlier,2
Épécamps,80370,7,18.9,TransakAuto,Agence AMIENS,1
Maroncourt,88270,5,19.2,TransakAuto,Agence EPINAL,1
Leménil-Mitry,54740,2,19.6,TransakAuto,Agence NANCY,1
